# File generated by CMD 3.9 (http://stev.oapd.inaf.it/cmd) on Wed May 13 14:59:58 UTC 2026
# isochrones based on PARSEC release v1.2S +  COLIBRI S_37 + S_35 + PR16
# Basic references: Bressan et al. (2012), MNRAS, 427, 127 + Chen et al. (2014, 2015), MNRAS, 444, 2525 + MNRAS, 452, 1068 + Tang et al. (2014), MNRAS, 445, 4287 + Marigo et al. (2017), ApJ, 835, 77 + Pastorelli al. (2019), MNRAS, 485, 5666 + Pastorelli al. (2020), MNRAS, in press
# Thermal pulse cycles included 
# On RGB, assumed Reimers mass loss with efficiency eta=0.2
# LPV periods and growth rates added cf. Trabucchi et al. (2019)
# but fundamental-mode LPV periods + transition are from Trabucchi et al. (2021)
# Photometric system: Gaia EDR3 (all Vegamags, Gaia passbands from ESA/Gaia website)
# Using YBC version of bolometric corrections as in Chen et al. (2019)
# O-rich circumstellar dpmod60alox40 dust from Groenewegen (2006)
# C-rich circumstellar AMCSIC15 dust from Groenewegen (2006)
# IMF: Kroupa (2001, 2002) + Kroupa et al. (2013) canonical two-part-power law IMF corrected for unresolved binaries 
# Kind of output: isochrone tables
# Zini     MH   logAge Mini        int_IMF         Mass   logL    logTe  logg  label   McoreTP C_O  period0  period1  period2  period3  period4  pmode  Mloss  tau1m   X   Y   Xc  Xn  Xo  Cexcess  Z 	 mbolmag  Gmag    G_BPmag  G_RPmag
0.01471 0.00000 9.00000 0.0900000036 1.0816895926    0.090 -3.382  3.3668  5.193    0  0.000  0.545     0.00     0.00     0.00     0.00     0.00 -1 -4.45e-17      0.00 7.106e-01 2.746e-01 2.655e-03 7.163e-04 6.496e-03 -1.000 1.476e-02 13.224 15.273 18.198 13.783
0.01471 0.00000 9.00000 0.1000000015 1.1711064122    0.100 -3.221  3.3905  5.173    0  0.000  0.545     0.00     0.00     0.00     0.00     0.00 -1 -6.24e-17      0.00 7.106e-01 2.747e-01 2.655e-03 7.163e-04 6.496e-03 -1.000 1.476e-02 12.823 14.871 17.787 13.381
0.01471 0.00000 9.00000 0.1200000048 1.3193154741    0.120 -2.971  3.4245  5.138    0  0.000  0.545     0.00     0.00     0.00     0.00     0.00 -1 -1.05e-16      0.00 7.105e-01 2.747e-01 2.655e-03 7.163e-04 6.496e-03 -1.000 1.476e-02 12.197 14.142 16.903 12.677
0.01471 0.00000 9.00000 0.1220560521 1.3327170758    0.122 -2.952  3.4266  5.135    0  0.000  0.545     0.00     0.00     0.00     0.00     0.00 -1 -1.09e-16      0.00 7.105e-01 2.747e-01 2.655e-03 7.163e-04 6.496e-03 -1.000 1.476e-02 12.150 14.064 16.782 12.607
0.01471 0.00000 9.00000 0.1400000006 1.4384526719    0.140 -2.790  3.4443  5.103    0  0.000  0.545     0.00     0.00     0.00     0.00     0.00 -1 -1.53e-16      0.00 7.104e-01 2.748e-01 2.655e-03 7.163e-04 6.496e-03 -1.000 1.476e-02 11.746 13.424 15.824 12.023
0.01471 0.00000 9.00000 0.1481855512 1.4809975641    0.148 -2.731  3.4500  5.091    0  0.000  0.545     0.00     0.00     0.00     0.00     0.00 -1 -1.73e-16      0.00 7.104e-01 2.748e-01 2.655e-03 7.163e-04 6.496e-03 -1.000 1.476e-02 11.597 13.201 15.504 11.819
0.01471 0.00000 9.00000 0.1599999964 1.5372931554    0.160 -2.650  3.4578  5.075    0  0.000  0.545     0.00     0.00     0.00     0.00     0.00 -1 -2.04e-16      0.00 7.103e-01 2.749e-01 2.655e-03 7.163e-04 6.496e-03 -1.000 1.476e-02 11.394 12.900 15.064 11.545
0.01471 0.00000 9.00000 0.2000000030 1.6938790862    0.200 -2.434  3.4765  5.031    0  0.000  0.545     0.00     0.00     0.00     0.00     0.00 -1 -3.16e-16      0.00 7.102e-01 2.750e-01 2.655e-03 7.163e-04 6.496e-03 -1.000 1.476e-02 10.856 12.146 14.019 10.854
0.01471 0.00000 9.00000 0.2500000000 1.8403257998    0.250 -2.232  3.4929  4.992    0  0.000  0.545     0.00     0.00     0.00     0.00     0.00 -1 -4.71e-16      0.00 7.102e-01 2.751e-01 2.655e-03 7.163e-04 6.496e-03 -1.000 1.476e-02 10.351 11.466 13.109 10.233
0.01471 0.00000 9.00000 0.3139314055 1.9800002304    0.314 -2.030  3.5062  4.942    0  0.000  0.545     0.00     0.00     0.00     0.00     0.00 -1 -7.09e-16      0.00 7.104e-01 2.748e-01 2.655e-03 7.163e-04 6.496e-03 -1.000 1.476e-02 9.845 10.842 12.341 9.653
0.01471 0.00000 9.00000 0.3198592663 1.9910559255    0.320 -2.011  3.5074  4.936    0  0.000  0.545     0.00     0.00     0.00     0.00     0.00 -1 -7.38e-16      0.00 7.105e-01 2.748e-01 2.655e-03 7.163e-04 6.496e-03 -1.000 1.476e-02 9.798 10.786 12.273 9.600
0.01471 0.00000 9.00000 0.3476004303 2.0394670303    0.348 -1.932  3.5131  4.915    0  0.000  0.545     0.00     0.00     0.00     0.00     0.00 -1  -8.7e-16      0.00 7.106e-01 2.746e-01 2.655e-03 7.163e-04 6.496e-03 -1.000 1.476e-02 9.600 10.542 11.974 9.374
0.01471 0.00000 9.00000 0.3500000238 2.0434175133    0.350 -1.926  3.5136  4.914    0  0.000  0.545     0.00     0.00     0.00     0.00     0.00 -1 -8.82e-16      0.00 7.107e-01 2.746e-01 2.655e-03 7.163e-04 6.496e-03 -1.000 1.476e-02 9.584 10.522 11.950 9.355
0.01471 0.00000 9.00000 0.4000000358 2.1185024810    0.400 -1.777  3.5244  4.867    0  0.000  0.545     0.00     0.00     0.00     0.00     0.00 -1 -1.22e-15      0.00 7.107e-01 2.745e-01 2.655e-03 7.163e-04 6.496e-03 -1.000 1.476e-02 9.213 10.070 11.403 8.936
0.01471 0.00000 9.00000 0.4500000179 2.1822809362    0.450 -1.627  3.5364  4.815    0  0.000  0.545     0.00     0.00     0.00     0.00     0.00 -1 -1.73e-15      0.00 7.107e-01 2.745e-01 2.655e-03 7.163e-04 6.496e-03 -1.000 1.476e-02 8.837 9.614 10.856 8.514
0.01471 0.00000 9.00000 0.5000000000 2.2374541529    0.500 -1.471  3.5511  4.764    0  0.000  0.545     0.00     0.00     0.00     0.00     0.00 -1  -2.5e-15      0.00 7.107e-01 2.745e-01 2.655e-03 7.163e-04 6.496e-03 -1.000 1.476e-02 8.447 9.133 10.277 8.074
0.01471 0.00000 9.00000 0.5091509223 2.2466928275    0.509 -1.440  3.5547  4.756    0  0.000  0.545     0.00     0.00     0.00     0.00     0.00 -1 -2.68e-15      0.00 7.110e-01 2.743e-01 2.652e-03 7.156e-04 6.490e-03 -1.000 1.475e-02 8.370 9.033 10.155 7.985
0.01471 0.00000 9.00000 0.5500000119 2.2836582633    0.550 -1.310  3.5698  4.719    0  0.000  0.545     0.00     0.00     0.00     0.00     0.00 -1 -3.63e-15      0.00 7.130e-01 2.723e-01 2.634e-03 7.107e-04 6.446e-03 -1.000 1.467e-02 8.044 8.615 9.644 7.611
0.01471 0.00000 9.00000 0.5601863861 2.2919158665    0.560 -1.276  3.5747  4.712    0  0.000  0.545     0.00     0.00     0.00     0.00     0.00 -1 -3.92e-15      0.00 7.131e-01 2.722e-01 2.633e-03 7.105e-04 6.444e-03 -1.000 1.466e-02 7.959 8.501 9.502 7.511
0.01471 0.00000 9.00000 0.6000000238 2.3211213258    0.600 -1.148  3.5930  4.688    0  0.000  0.545     0.00     0.00     0.00     0.00     0.00 -1 -5.23e-15      0.00 7.134e-01 2.720e-01 2.631e-03 7.099e-04 6.439e-03 -1.000 1.461e-02 7.640 8.081 8.989 7.143
0.01471 0.00000 9.00000 0.6152634025 2.3311719739    0.615 -1.098  3.6010  4.681    0  0.000  0.545     0.00     0.00     0.00     0.00     0.00 -1 -5.84e-15      0.00 7.135e-01 2.718e-01 2.630e-03 7.096e-04 6.436e-03 -1.000 1.463e-02 7.514 7.916 8.787 6.999
0.01471 0.00000 9.00000 0.6377906799 2.3449998166    0.638 -1.025  3.6126  4.671    0  0.000  0.545     0.00     0.00     0.00     0.00     0.00 -1 -6.85e-15      0.00 7.137e-01 2.716e-01 2.629e-03 7.092e-04 6.433e-03 -1.000 1.465e-02 7.334 7.681 8.500 6.794
0.01471 0.00000 9.00000 0.6499999762 2.3520353107    0.650 -0.987  3.6190  4.666    0  0.000  0.545     0.00     0.00     0.00     0.00     0.00 -1 -7.45e-15      0.00 7.138e-01 2.716e-01 2.628e-03 7.091e-04 6.432e-03 -1.000 1.465e-02 7.238 7.555 8.348 6.685
0.01471 0.00000 9.00000 0.7000000477 2.3779267258    0.700 -0.833  3.6471  4.656    0  0.000  0.545     0.00     0.00     0.00     0.00     0.00 -1 -1.04e-14      0.00 7.141e-01 2.713e-01 2.626e-03 7.084e-04 6.426e-03 -1.000 1.464e-02 6.852 7.035 7.703 6.245
0.01471 0.00000 9.00000 0.7026700377 2.3791906255    0.703 -0.825  3.6486  4.656    0  0.000  0.544     0.00     0.00     0.00     0.00     0.00 -1 -1.05e-14      0.00 7.141e-01 2.713e-01 2.623e-03 7.083e-04 6.425e-03 -1.000 1.464e-02 6.832 7.006 7.668 6.222
0.01471 0.00000 9.00000 0.7500000000 2.3998889087    0.750 -0.686  3.6754  4.653    1  0.000  0.538     0.00     0.00     0.00     0.00     0.00 -1 -1.41e-14      0.00 7.144e-01 2.710e-01 2.588e-03 7.068e-04 6.420e-03 -1.000 1.461e-02 6.485 6.545 7.104 5.836
0.01471 0.00000 9.00000 0.7510547638 2.4003161194    0.751 -0.683  3.6759  4.652    1  0.000  0.538     0.00     0.00     0.00     0.00     0.00 -1 -1.42e-14      0.00 7.144e-01 2.710e-01 2.588e-03 7.068e-04 6.420e-03 -1.000 1.461e-02 6.478 6.536 7.093 5.828
0.01471 0.00000 9.00000 0.8000000119 2.4187244405    0.800 -0.554  3.6957  4.630    1  0.000  0.537     0.00     0.00     0.00     0.00     0.00 -1  -1.9e-14      0.00 7.150e-01 2.705e-01 2.584e-03 7.057e-04 6.411e-03 -1.000 1.459e-02 6.155 6.149 6.644 5.492
0.01471 0.00000 9.00000 0.8010122180 2.4190779167    0.801 -0.551  3.6961  4.630    1  0.000  0.537     0.00     0.00     0.00     0.00     0.00 -1 -1.91e-14      0.00 7.150e-01 2.704e-01 2.584e-03 7.057e-04 6.410e-03 -1.000 1.458e-02 6.149 6.141 6.636 5.486
0.01471 0.00000 9.00000 0.8500000238 2.4350346840    0.850 -0.428  3.7149  4.607    1  0.000  0.537     0.00     0.00     0.00     0.00     0.00 -1 -2.52e-14      0.00 7.156e-01 2.700e-01 2.580e-03 7.045e-04 6.400e-03 -1.000 1.449e-02 5.841 5.786 6.230 5.175
0.01471 0.00000 9.00000 0.8999999762 2.4492786016    0.899 -0.309  3.7324  4.582    1  0.000  0.537     0.00     0.00     0.00     0.00     0.00 -1 -3.32e-14      0.00 7.162e-01 2.692e-01 2.574e-03 7.029e-04 6.385e-03 -1.000 1.452e-02 5.542 5.454 5.857 4.882
0.01471 0.00000 9.00000 0.9066366553 2.4510339126    0.906 -0.293  3.7345  4.578    1  0.000  0.537     0.00     0.00     0.00     0.00     0.00 -1 -3.45e-14      0.00 7.164e-01 2.691e-01 2.573e-03 7.026e-04 6.383e-03 -1.000 1.452e-02 5.503 5.411 5.810 4.844
0.01471 0.00000 9.00000 0.9499999881 2.4618121868    0.950 -0.194  3.7480  4.554    1  0.000  0.537     0.00     0.00     0.00     0.00     0.00 -1 -4.35e-14      0.00 7.172e-01 2.683e-01 2.566e-03 7.008e-04 6.367e-03 -1.000 1.451e-02 5.256 5.147 5.512 4.612
0.01471 0.00000 9.00000 0.9986042380 2.4726228043    0.999 -0.087  3.7618  4.524    1  0.000  0.537     0.00     0.00     0.00     0.00     0.00 -1 -5.63e-14      0.00 7.185e-01 2.671e-01 2.556e-03 6.981e-04 6.342e-03 -1.000 1.442e-02 4.988 4.868 5.202 4.364
0.01471 0.00000 9.00000 1.0000000000 2.4729154477    1.000 -0.084  3.7621  4.523    1  0.000  0.537     0.00     0.00     0.00     0.00     0.00 -1 -5.67e-14      0.00 7.185e-01 2.671e-01 2.556e-03 6.980e-04 6.341e-03 -1.000 1.441e-02 4.980 4.860 5.194 4.358
0.01471 0.00000 9.00000 1.0180330276 2.4766135269    1.018 -0.045  3.7667  4.510    1  0.000  0.537     0.00     0.00     0.00     0.00     0.00 -1 -6.06e-14      0.00 7.192e-01 2.664e-01 2.550e-03 6.966e-04 6.328e-03 -1.000 1.437e-02 4.883 4.760 5.084 4.269
0.01471 0.00000 9.00000 1.0499999523 2.4828114860    1.049  0.022  3.7747  4.488    1  0.000  0.537     0.00     0.00     0.00     0.00     0.00 -1 -6.83e-14      0.00 7.205e-01 2.652e-01 2.540e-03 6.938e-04 6.304e-03 -1.000 1.430e-02 4.714 4.588 4.894 4.117
0.01471 0.00000 9.00000 1.1000000238 2.4916801480    1.099  0.125  3.7861  4.450    1  0.000  0.537     0.00     0.00     0.00     0.00     0.00 -1 -8.15e-14      0.00 7.237e-01 2.621e-01 2.514e-03 6.870e-04 6.242e-03 -1.000 1.416e-02 4.457 4.329 4.610 3.885
0.01471 0.00000 9.00000 1.1217247248 2.4952513751    1.121  0.169  3.7906  4.433    1  0.000  0.537     0.00     0.00     0.00     0.00     0.00 -1 -8.75e-14      0.00 7.253e-01 2.606e-01 2.503e-03 6.839e-04 6.215e-03 -1.000 1.411e-02 4.348 4.220 4.492 3.787
0.01471 0.00000 9.00000 1.1499999762 2.4996678137    1.149  0.224  3.7964  4.412    1  0.000  0.537     0.00     0.00     0.00     0.00     0.00 -1 -9.59e-14      0.00 7.274e-01 2.586e-01 2.488e-03 6.798e-04 6.179e-03 -1.000 1.405e-02 4.209 4.082 4.341 3.663
0.01471 0.00000 9.00000 1.2000000477 2.5068948796    1.199  0.320  3.8062  4.373    1  0.000  0.537     0.00     0.00     0.00     0.00     0.00 -1 -1.11e-13      0.00 7.272e-01 2.587e-01 2.496e-03 6.823e-04 6.202e-03 -1.000 1.408e-02 3.969 3.844 4.084 3.449
0.01471 0.00000 9.00000 1.2500000000 2.5134610955    1.250  0.411  3.8153  4.337    1  0.000  0.536     0.00     0.00     0.00     0.00     0.00 -1 -1.26e-13      0.00 7.275e-01 2.584e-01 2.495e-03 6.821e-04 6.201e-03 -1.000 1.410e-02 3.742 3.619 3.842 3.246
0.01471 0.00000 9.00000 1.2523998022 2.5137611183    1.252  0.415  3.8157  4.335    1  0.000  0.536     0.00     0.00     0.00     0.00     0.00 -1 -1.27e-13      0.00 7.276e-01 2.583e-01 2.495e-03 6.821e-04 6.201e-03 -1.000 1.410e-02 3.732 3.608 3.830 3.236
0.01471 0.00000 9.00000 1.2999999523 2.5194498592    1.300  0.497  3.8240  4.303    1  0.000  0.536     0.00     0.00     0.00     0.00     0.00 -1  -1.4e-13      0.00 7.278e-01 2.581e-01 2.493e-03 6.815e-04 6.196e-03 -1.000 1.411e-02 3.527 3.404 3.612 3.051
0.01471 0.00000 9.00000 1.3100297451 2.5205880479    1.310  0.514  3.8258  4.296    1  0.000  0.536     0.00     0.00     0.00     0.00     0.00 -1 -1.42e-13      0.00 7.277e-01 2.582e-01 2.494e-03 6.818e-04 6.198e-03 -1.000 1.411e-02 3.485 3.362 3.567 3.014
0.01471 0.00000 9.00000 1.3499999046 2.5249313472    1.350  0.580  3.8327  4.272    1  0.000  0.537     0.00     0.00     0.00     0.00     0.00 -1  -1.5e-13      0.00 7.271e-01 2.588e-01 2.498e-03 6.829e-04 6.207e-03 -1.000 1.410e-02 3.321 3.200 3.392 2.868
0.01471 0.00000 9.00000 1.3999999762 2.5299650300    1.400  0.658  3.8417  4.245    1  0.000  0.537     0.00     0.00     0.00     0.00     0.00 -1 -1.56e-13      0.00 7.273e-01 2.586e-01 2.496e-03 6.822e-04 6.202e-03 -1.000 1.412e-02 3.125 3.006 3.184 2.695
0.01471 0.00000 9.00000 1.4399902821 2.5337029813    1.440  0.719  3.8495  4.228    1  0.000  0.537     0.00     0.00     0.00     0.00     0.00 -1 -1.56e-13      0.00 7.276e-01 2.583e-01 2.494e-03 6.817e-04 6.198e-03 -1.000 1.413e-02 2.973 2.857 3.022 2.565
0.01471 0.00000 9.00000 1.4500000477 2.5346015836    1.450  0.734  3.8514  4.223    1  0.000  0.536     0.00     0.00     0.00     0.00     0.00 -1 -1.56e-13      0.00 7.276e-01 2.582e-01 2.493e-03 6.816e-04 6.197e-03 -1.000 1.414e-02 2.936 2.820 2.982 2.533
0.01471 0.00000 9.00000 1.4882066250 2.5379040649    1.488  0.789  3.8591  4.210    1  0.000  0.536     0.00     0.00     0.00     0.00     0.00 -1  -1.5e-13      0.00 7.279e-01 2.580e-01 2.491e-03 6.811e-04 6.192e-03 -1.000 1.411e-02 2.797 2.683 2.833 2.415
0.01471 0.00000 9.00000 1.5000000000 2.5388844597    1.500  0.806  3.8613  4.205    1  0.000  0.536     0.00     0.00     0.00     0.00     0.00 -1 -1.48e-13      0.00 7.280e-01 2.579e-01 2.491e-03 6.810e-04 6.191e-03 -1.000 1.410e-02 2.754 2.642 2.788 2.379
0.01471 0.00000 9.00000 1.5499999523 2.5428511323    1.550  0.876  3.8703  4.186    1  0.000  0.536     0.00     0.00     0.00     0.00     0.00 -1 -1.31e-13      0.00 7.283e-01 2.577e-01 2.489e-03 6.802e-04 6.187e-03 -1.000 1.402e-02 2.581 2.472 2.605 2.232
0.01471 0.00000 9.00000 1.5916202068 2.5459353600    1.591  0.932  3.8768  4.167    1  0.000  0.536     0.00     0.00     0.00     0.00     0.00 -1 -1.07e-13      0.00 7.284e-01 2.576e-01 2.488e-03 6.800e-04 6.185e-03 -1.000 1.408e-02 2.440 2.335 2.458 2.112
0.01471 0.00000 9.00000 1.6000000238 2.5465340628    1.600  0.943  3.8780  4.163    1  0.000  0.536     0.00     0.00     0.00     0.00     0.00 -1 -1.03e-13      0.00 7.284e-01 2.576e-01 2.488e-03 6.802e-04 6.184e-03 -1.000 1.407e-02 2.412 2.308 2.428 2.088
0.01471 0.00000 9.00000 1.6272027493 2.5484288036    1.627  0.979  3.8815  4.148    1  0.000  0.536     0.00     0.00     0.00     0.00     0.00 -1 -7.72e-14      0.00 7.284e-01 2.575e-01 2.488e-03 6.801e-04 6.183e-03 -1.000 1.404e-02 2.323 2.220 2.335 2.009
0.01471 0.00000 9.00000 1.6500000954 2.5499614852    1.649  1.009  3.8841  4.135    1  0.000  0.536     0.00     0.00     0.00     0.00     0.00 -1  -6.1e-14      0.00 7.284e-01 2.575e-01 2.487e-03 6.801e-04 6.183e-03 -1.000 1.407e-02 2.248 2.147 2.258 1.943
0.01471 0.00000 9.00000 1.6637744904 2.5508641738    1.663  1.027  3.8856  4.127    1  0.000  0.536     0.00     0.00     0.00     0.00     0.00 -1 -1.31e-18      0.00 7.284e-01 2.575e-01 2.488e-03 6.801e-04 6.183e-03 -1.000 1.408e-02 2.203 2.103 2.211 1.903
0.01471 0.00000 9.00000 1.7000000477 2.5531580802    1.699  1.074  3.8890  4.103    1  0.000  0.537     0.00     0.00     0.00     0.00     0.00 -1    -1e-30      0.00 7.284e-01 2.576e-01 2.488e-03 6.804e-04 6.183e-03 -1.000 1.407e-02 2.085 1.987 2.089 1.796
0.01471 0.00000 9.00000 1.7298630476 2.5549662417    1.729  1.112  3.8916  4.082    1  0.000  0.537     0.00     0.00     0.00     0.00     0.00 -1    -1e-30      0.00 7.284e-01 2.576e-01 2.488e-03 6.805e-04 6.182e-03 -1.000 1.405e-02 1.989 1.892 1.990 1.709
0.01471 0.00000 9.00000 1.7500000000 2.5561455243    1.749  1.138  3.8929  4.066    1  0.000  0.537     0.00     0.00     0.00     0.00     0.00 -1    -1e-30      0.00 7.283e-01 2.576e-01 2.489e-03 6.805e-04 6.183e-03 -1.000 1.403e-02 1.924 1.828 1.924 1.649
0.01471 0.00000 9.00000 1.7665035725 2.5570890058    1.765  1.159  3.8940  4.053    1  0.000  0.537     0.00     0.00     0.00     0.00     0.00 -1    -1e-30      0.00 7.283e-01 2.577e-01 2.489e-03 6.806e-04 6.183e-03 -1.000 1.406e-02 1.872 1.775 1.870 1.600
0.01471 0.00000 9.00000 1.7961140871 2.5587319145    1.795  1.197  3.8952  4.027    1  0.000  0.537     0.00     0.00     0.00     0.00     0.00 -1    -1e-30      0.00 7.282e-01 2.577e-01 2.489e-03 6.808e-04 6.185e-03 -1.000 1.408e-02 1.777 1.681 1.773 1.509
0.01471 0.00000 9.00000 1.7999998331 2.5589429021    1.799  1.202  3.8952  4.024    1  0.000  0.537     0.00     0.00     0.00     0.00     0.00 -1    -1e-30      0.00 7.282e-01 2.577e-01 2.489e-03 6.809e-04 6.186e-03 -1.000 1.408e-02 1.764 1.668 1.760 1.497
0.01471 0.00000 9.00000 1.8225686550 2.5601479123    1.821  1.231  3.8956  4.001    1  0.000  0.537     0.00     0.00     0.00     0.00     0.00 -1    -1e-30      0.00 7.281e-01 2.578e-01 2.490e-03 6.812e-04 6.186e-03 -1.000 1.405e-02 1.692 1.595 1.686 1.425
0.01471 0.00000 9.00000 1.8499999046 2.5615671142    1.849  1.266  3.8954  3.972    1  0.000  0.537     0.00     0.00     0.00     0.00     0.00 -1    -1e-30      0.00 7.280e-01 2.580e-01 2.491e-03 6.817e-04 6.187e-03 -1.000 1.408e-02 1.604 1.506 1.597 1.337
0.01471 0.00000 9.00000 1.8551179171 2.5618265659    1.854  1.273  3.8953  3.966    1  0.000  0.537     0.00     0.00     0.00     0.00     0.00 -1    -1e-30      0.00 7.279e-01 2.580e-01 2.491e-03 6.817e-04 6.188e-03 -1.000 1.409e-02 1.588 1.490 1.580 1.321
0.01471 0.00000 9.00000 1.8823246956 2.5631785872    1.881  1.307  3.8942  3.934    1  0.000  0.537     0.00     0.00     0.00     0.00     0.00 -1    -1e-30      0.00 7.278e-01 2.581e-01 2.492e-03 6.818e-04 6.191e-03 -1.000 1.411e-02 1.502 1.402 1.493 1.231
0.01471 0.00000 9.00000 1.8999999762 2.5640331260    1.899  1.329  3.8927  3.910    1  0.000  0.537     0.00     0.00     0.00     0.00     0.00 -1    -1e-30      0.00 7.277e-01 2.582e-01 2.493e-03 6.819e-04 6.193e-03 -1.000 1.411e-02 1.447 1.344 1.437 1.170
0.01471 0.00000 9.00000 1.9149891138 2.5647436018    1.914  1.348  3.8914  3.890    1  0.000  0.537     0.00     0.00     0.00     0.00     0.00 -1    -1e-30      0.00 7.276e-01 2.582e-01 2.493e-03 6.820e-04 6.195e-03 -1.000 1.412e-02 1.400 1.295 1.390 1.119
0.01471 0.00000 9.00000 1.9452922344 2.5661415669    1.945  1.386  3.8872  3.842    1  0.000  0.537     0.00     0.00     0.00     0.00     0.00 -1    -1e-30      0.00 7.275e-01 2.584e-01 2.495e-03 6.823e-04 6.198e-03 -1.000 1.407e-02 1.306 1.196 1.296 1.010
0.01471 0.00000 9.00000 1.9500000477 2.5663542714    1.950  1.391  3.8863  3.834    1  0.000  0.537     0.00     0.00     0.00     0.00     0.00 -1    -1e-30      0.00 7.275e-01 2.585e-01 2.495e-03 6.823e-04 6.199e-03 -1.000 1.406e-02 1.292 1.181 1.282 0.993
0.01471 0.00000 9.00000 1.9707070589 2.5672759794    1.971  1.416  3.8823  3.797    1  0.000  0.537     0.00     0.00     0.00     0.00     0.00 -1    -1e-30      0.00 7.273e-01 2.586e-01 2.496e-03 6.826e-04 6.201e-03 -1.000 1.406e-02 1.229 1.114 1.221 0.916
0.01471 0.00000 9.00000 1.9972145557 2.5684238604    1.997  1.448  3.8752  3.744    1  0.000  0.537     0.00     0.00     0.00     0.00     0.00 -1    -1e-30      0.00 7.271e-01 2.588e-01 2.498e-03 6.830e-04 6.205e-03 -1.000 1.409e-02 1.151 1.029 1.146 0.815
0.01471 0.00000 9.00000 2.0000000000 2.5685424513    2.000  1.451  3.8743  3.737    1  0.000  0.537     0.00     0.00     0.00     0.00     0.00 -1    -1e-30      0.00 7.271e-01 2.588e-01 2.498e-03 6.830e-04 6.205e-03 -1.000 1.410e-02 1.143 1.021 1.139 0.804
0.01471 0.00000 9.00000 2.0167863369 2.5692491644    2.017  1.470  3.8685  3.698    1  0.000  0.537     0.00     0.00     0.00     0.00     0.00 -1    -1e-30      0.00 7.270e-01 2.589e-01 2.499e-03 6.833e-04 6.208e-03 -1.000 1.414e-02 1.094 0.967 1.094 0.736
0.01471 0.00000 9.00000 2.0373423100 2.5700963657    2.037  1.494  3.8603  3.646    1  0.000  0.537     0.00     0.00     0.00     0.00     0.00 -1    -1e-30      0.00 7.268e-01 2.591e-01 2.500e-03 6.837e-04 6.211e-03 -1.000 1.413e-02 1.036 0.903 1.042 0.652
0.01471 0.00000 9.00000 2.0499999523 2.5706083333    2.050  1.508  3.8545  3.612    1  0.000  0.537     0.00     0.00     0.00     0.00     0.00 -1    -1e-30      0.00 7.267e-01 2.592e-01 2.501e-03 6.840e-04 6.214e-03 -1.000 1.412e-02 1.000 0.865 1.013 0.600
0.01471 0.00000 9.00000 2.0582773685 2.5709392193    2.058  1.517  3.8506  3.589    1  0.000  0.537     0.00     0.00     0.00     0.00     0.00 -1    -1e-30      0.00 7.266e-01 2.593e-01 2.502e-03 6.841e-04 6.215e-03 -1.000 1.412e-02 0.977 0.840 0.995 0.566
0.01471 0.00000 9.00000 2.0722017288 2.5714889870    2.071  1.533  3.8430  3.546    1  0.000  0.537     0.00     0.00     0.00     0.00     0.00 -1    -1e-30      0.00 7.265e-01 2.594e-01 2.503e-03 6.842e-04 6.218e-03 -1.000 1.414e-02 0.938 0.798 0.965 0.506
0.01471 0.00000 9.00000 2.0884652138 2.5721204471    2.087  1.555  3.8357  3.498    1  0.000  0.537     0.00     0.00     0.00     0.00     0.00 -1    -1e-30      0.00 7.263e-01 2.595e-01 2.504e-03 6.845e-04 6.221e-03 -1.000 1.415e-02 0.883 0.741 0.920 0.431
0.01471 0.00000 9.00000 2.0959124565 2.5724058412    2.095  1.567  3.8332  3.477    1  0.000  0.537     0.00     0.00     0.00     0.00     0.00 -1    -1e-30      0.00 7.262e-01 2.596e-01 2.505e-03 6.846e-04 6.223e-03 -1.000 1.414e-02 0.854 0.711 0.894 0.395
0.01471 0.00000 9.00000 2.0999999046 2.5725614918    2.099  1.581  3.8373  3.480    1  0.000  0.537     0.00     0.00     0.00     0.00     0.00 -1    -1e-30      0.00 7.262e-01 2.597e-01 2.505e-03 6.847e-04 6.224e-03 -1.000 1.413e-02 0.816 0.674 0.850 0.368
0.01471 0.00000 9.00000 2.1018009186 2.5726298537    2.101  1.588  3.8392  3.481    1  0.000  0.537     0.00     0.00     0.00     0.00     0.00 -1    -1e-30      0.00 7.262e-01 2.597e-01 2.505e-03 6.847e-04 6.224e-03 -1.000 1.412e-02 0.800 0.658 0.830 0.357
0.01471 0.00000 9.00000 2.1052856445 2.5727617433    2.104  1.610  3.8485  3.497    1  0.000  0.537     0.00     0.00     0.00     0.00     0.00 -1    -1e-30      0.00 7.262e-01 2.597e-01 2.505e-03 6.848e-04 6.225e-03 -1.000 1.412e-02 0.746 0.605 0.762 0.328
0.01471 0.00000 9.00000 2.1066296101 2.5728124755    2.106  1.629  3.8584  3.518    1  0.000  0.537     0.00     0.00     0.00     0.00     0.00 -1    -1e-30      0.00 7.261e-01 2.597e-01 2.505e-03 6.849e-04 6.225e-03 -1.000 1.413e-02 0.698 0.560 0.701 0.308
0.01471 0.00000 9.00000 2.1073169708 2.5728383933    2.106  1.648  3.8683  3.539    1  0.000  0.537     0.00     0.00     0.00     0.00     0.00 -1    -1e-30      0.00 7.261e-01 2.597e-01 2.505e-03 6.849e-04 6.225e-03 -1.000 1.413e-02 0.650 0.517 0.642 0.291
0.01471 0.00000 9.00000 2.1077179909 2.5728535054    2.107  1.668  3.8782  3.558    1  0.000  0.537     0.00     0.00     0.00     0.00     0.00 -1    -1e-30      0.00 7.261e-01 2.598e-01 2.505e-03 6.849e-04 6.225e-03 -1.000 1.413e-02 0.599 0.472 0.581 0.272
0.01471 0.00000 9.00000 2.1079645157 2.5728627921    2.107  1.691  3.8878  3.574    1  0.000  0.537     0.00     0.00     0.00     0.00     0.00 -1    -1e-30      0.00 7.261e-01 2.598e-01 2.505e-03 6.849e-04 6.226e-03 -1.000 1.413e-02 0.542 0.423 0.517 0.249
0.01471 0.00000 9.00000 2.1081302166 2.5728690327    2.107  1.714  3.8969  3.587    1  0.000  0.537     0.00     0.00     0.00     0.00     0.00 -1    -1e-30      0.00 7.261e-01 2.598e-01 2.505e-03 6.849e-04 6.226e-03 -1.000 1.413e-02 0.484 0.374 0.454 0.224
0.01471 0.00000 9.00000 2.1082367897 2.5728730459    2.107  1.725  3.9018  3.596    1  0.000  0.537     0.00     0.00     0.00     0.00     0.00 -1    -1e-30      0.00 7.261e-01 2.598e-01 2.505e-03 6.849e-04 6.226e-03 -1.000 1.413e-02 0.457 0.354 0.427 0.217
0.01471 0.00000 9.00000 2.1082985401 2.5728753710    2.107  1.701  3.8969  3.601    2  0.000  0.537     0.00     0.00     0.00     0.00     0.00 -1    -1e-30      0.00 7.261e-01 2.598e-01 2.505e-03 6.849e-04 6.226e-03 -1.000 1.413e-02 0.518 0.409 0.489 0.259
0.01471 0.00000 9.00000 2.1083567142 2.5728775613    2.107  1.674  3.8894  3.597    2  0.000  0.537     0.00     0.00     0.00     0.00     0.00 -1    -1e-30      0.00 7.261e-01 2.598e-01 2.505e-03 6.849e-04 6.226e-03 -1.000 1.413e-02 0.585 0.468 0.559 0.297
0.01471 0.00000 9.00000 2.1084120274 2.5728796437    2.107  1.657  3.8804  3.578    2  0.000  0.537     0.00     0.00     0.00     0.00     0.00 -1    -1e-30      0.00 7.261e-01 2.598e-01 2.505e-03 6.849e-04 6.226e-03 -1.000 1.413e-02 0.628 0.503 0.609 0.308
0.01471 0.00000 9.00000 2.1084871292 2.5728824710    2.107  1.651  3.8688  3.538    2  0.000  0.537     0.00     0.00     0.00     0.00     0.00 -1    -1e-30      0.00 7.261e-01 2.598e-01 2.505e-03 6.849e-04 6.226e-03 -1.000 1.413e-02 0.643 0.510 0.633 0.285
0.01471 0.00000 9.00000 2.1085760593 2.5728858185    2.108  1.657  3.8572  3.485    2  0.000  0.537     0.00     0.00     0.00     0.00     0.00 -1    -1e-30      0.00 7.261e-01 2.598e-01 2.505e-03 6.849e-04 6.226e-03 -1.000 1.413e-02 0.626 0.487 0.629 0.233
0.01471 0.00000 9.00000 2.1086804867 2.5728897490    2.108  1.666  3.8456  3.430    2  0.000  0.537     0.00     0.00     0.00     0.00     0.00 -1    -1e-30      0.00 7.261e-01 2.598e-01 2.505e-03 6.849e-04 6.226e-03 -1.000 1.413e-02 0.606 0.463 0.624 0.179
0.01471 0.00000 9.00000 2.1087987423 2.5728941994    2.108  1.670  3.8339  3.379    2  0.000  0.537     0.00     0.00     0.00     0.00     0.00 -1    -1e-30      0.00 7.261e-01 2.598e-01 2.505e-03 6.849e-04 6.226e-03 -1.000 1.413e-02 0.594 0.449 0.629 0.136
0.01471 0.00000 9.00000 2.1089298725 2.5728991336    2.108  1.671  3.8226  3.333    2  0.000  0.537     0.00     0.00     0.00     0.00     0.00 -1    -1e-30      0.00 7.261e-01 2.598e-01 2.505e-03 6.849e-04 6.226e-03 -1.000 1.413e-02 0.591 0.445 0.645 0.105
0.01471 0.00000 9.00000 2.1090741158 2.5729045605    2.108  1.670  3.8118  3.291    2  0.000  0.537     0.00     0.00     0.00     0.00     0.00 -1    -1e-30      0.00 7.261e-01 2.598e-01 2.506e-03 6.849e-04 6.226e-03 -1.000 1.413e-02 0.595 0.450 0.669 0.083
0.01471 0.00000 9.00000 2.1092367172 2.5729106770    2.108  1.666  3.8018  3.255    2  0.000  0.537     0.00     0.00     0.00     0.00     0.00 -1    -1e-30      0.00 7.261e-01 2.598e-01 2.506e-03 6.849e-04 6.226e-03 -1.000 1.413e-02 0.605 0.461 0.700 0.068
0.01471 0.00000 9.00000 2.1094300747 2.5729179491    2.108  1.659  3.7922  3.224    2  0.000  0.537     0.00     0.00     0.00     0.00     0.00 -1    -1e-30      0.00 7.261e-01 2.598e-01 2.506e-03 6.849e-04 6.226e-03 -1.000 1.413e-02 0.623 0.481 0.740 0.064
0.01471 0.00000 9.00000 2.1096796989 2.5729273350    2.109  1.647  3.7824  3.197    2  0.000  0.537     0.00     0.00     0.00     0.00     0.00 -1    -1e-30      0.00 7.261e-01 2.598e-01 2.506e-03 6.850e-04 6.226e-03 -1.000 1.413e-02 0.653 0.515 0.794 0.073
0.01471 0.00000 9.00000 2.1099984646 2.5729393170    2.109  1.627  3.7719  3.175    2  0.000  0.537     0.00     0.00     0.00     0.00     0.00 -1    -1e-30      0.00 7.261e-01 2.598e-01 2.506e-03 6.850e-04 6.226e-03 -1.000 1.413e-02 0.703 0.572 0.875 0.104
0.01471 0.00000 9.00000 2.1102750301 2.5729497093    2.109  1.605  3.7636  3.164    2  0.000  0.537     0.00     0.00     0.00     0.00     0.00 -1    -1e-30      0.00 7.257e-01 2.601e-01 2.508e-03 6.856e-04 6.232e-03 -1.000 1.416e-02 0.758 0.635 0.956 0.146
0.01471 0.00000 9.00000 2.1105723381 2.5729608776    2.110  1.575  3.7551  3.159    2  0.000  0.537     0.00     0.00     0.00     0.00     0.00 -1    -1e-30      0.00 7.234e-01 2.624e-01 2.525e-03 6.902e-04 6.272e-03 -1.000 1.426e-02 0.832 0.718 1.058 0.209
0.01471 0.00000 9.00000 2.1108386517 2.5729708785    2.110  1.544  3.7477  3.161    2  0.000  0.537     0.00     0.00     0.00     0.00     0.00 -1    -1e-30      0.00 7.196e-01 2.661e-01 2.554e-03 6.978e-04 6.341e-03 -1.000 1.439e-02 0.911 0.806 1.161 0.280
0.01471 0.00000 9.00000 2.1110694408 2.5729795430    2.110  1.514  3.7416  3.166    2  0.000  0.537     0.00     0.00     0.00     0.00     0.00 -1    -1e-30      0.00 7.173e-01 2.682e-01 2.571e-03 7.024e-04 6.382e-03 -1.000 1.451e-02 0.985 0.888 1.257 0.349
0.01471 0.00000 9.00000 2.1113617420 2.5729905137    2.110  1.479  3.7339  3.171    2  0.000  0.537     0.00     0.00     0.00     0.00     0.00 -1    -1e-30      0.00 7.154e-01 2.701e-01 2.585e-03 7.062e-04 6.416e-03 -1.000 1.456e-02 1.073 0.989 1.374 0.433
0.01471 0.00000 9.00000 2.1115806103 2.5729987260    2.111  1.456  3.7283  3.171    2  0.000  0.537     0.00     0.00     0.00     0.00     0.00 -1    -1e-30      0.00 7.144e-01 2.711e-01 2.593e-03 7.082e-04 6.433e-03 -1.000 1.458e-02 1.129 1.055 1.452 0.486
0.01471 0.00000 9.00000 2.1119546890 2.5730127576    2.111  1.450  3.7198  3.144    3  0.000  0.537     0.00     0.00     0.00     0.00     0.00 -1    -1e-30      0.00 7.133e-01 2.720e-01 2.599e-03 7.100e-04 6.449e-03 -1.000 1.465e-02 1.145 1.086 1.503 0.499
0.01471 0.00000 9.00000 2.1124029160 2.5730295630    2.111  1.472  3.7110  3.087    3  0.000  0.535     0.00     0.00     0.00     0.00     0.00 -1    -1e-30      0.00 7.122e-01 2.731e-01 2.593e-03 7.146e-04 6.462e-03 -1.000 1.469e-02 1.090 1.050 1.487 0.444
0.01471 0.00000 9.00000 2.1127762794 2.5730435552    2.112  1.510  3.7052  3.026    3  0.000  0.515     0.00     0.00     0.00     0.00     0.00 -1    -1e-30      0.00 7.112e-01 2.741e-01 2.499e-03 7.944e-04 6.469e-03 -1.000 1.472e-02 0.996 0.969 1.420 0.350
0.01471 0.00000 9.00000 2.1130743027 2.5730547199    2.112  1.546  3.7013  2.974    3  0.000  0.480     0.00     0.00     0.00     0.00     0.00 -1    -1e-30      0.00 7.103e-01 2.749e-01 2.331e-03 9.754e-04 6.472e-03 -1.000 1.474e-02 0.905 0.887 1.348 0.260
0.01471 0.00000 9.00000 2.1133723259 2.5730658809    2.112  1.585  3.6978  2.922    3  0.000  0.440     0.00     0.00     0.00     0.00     0.00 -1    -1e-30      0.00 7.093e-01 2.759e-01 2.139e-03 1.205e-03 6.475e-03 -1.000 1.477e-02 0.809 0.801 1.270 0.166
0.01471 0.00000 9.00000 2.1136672497 2.5730769224    2.113  1.624  3.6947  2.870    3  0.000  0.411     0.00     0.00     0.00     0.00     0.00 -1    -1e-30      0.00 7.083e-01 2.769e-01 1.999e-03 1.379e-03 6.477e-03 -1.000 1.480e-02 0.710 0.710 1.187 0.069
0.01471 0.00000 9.00000 2.1139543056 2.5730876658    2.113  1.663  3.6917  2.818    3  0.000  0.392     0.00     0.00     0.00     0.00     0.00 -1    -1e-30      0.00 7.073e-01 2.779e-01 1.907e-03 1.493e-03 6.480e-03 -1.000 1.485e-02 0.612 0.620 1.104 -0.028
0.01471 0.00000 9.00000 2.1142323017 2.5730980670    2.113  1.702  3.6889  2.768    3  0.000  0.380     0.00     0.00     0.00     0.00     0.00 -1    -1e-30      0.00 7.063e-01 2.788e-01 1.847e-03 1.574e-03 6.483e-03 -1.000 1.488e-02 0.514 0.531 1.022 -0.124
0.01471 0.00000 9.00000 2.1145050526 2.5731082689    2.113  1.741  3.6862  2.718    3  0.000  0.372     0.00     0.00     0.00     0.00     0.00 -1    -1e-30      0.00 7.048e-01 2.804e-01 1.804e-03 1.654e-03 6.462e-03 -1.000 1.489e-02 0.417 0.442 0.940 -0.218
0.01471 0.00000 9.00000 2.1147761345 2.5731184053    2.114  1.780  3.6835  2.670    3  0.000  0.369     0.00     0.00     0.00     0.00     0.00 -1    -1e-30      0.00 7.023e-01 2.829e-01 1.771e-03 1.754e-03 6.395e-03 -1.000 1.487e-02 0.321 0.354 0.859 -0.312
0.01471 0.00000 9.00000 2.1149792671 2.5731259990    2.114  1.808  3.6816  2.634    3  0.000  0.368     0.00     0.00     0.00     0.00     0.00 -1    -1e-30      0.00 6.999e-01 2.852e-01 1.749e-03 1.831e-03 6.337e-03 -1.000 1.488e-02 0.250 0.289 0.799 -0.381
0.01471 0.00000 9.00000 2.1150491238 2.5731286101    2.114  1.818  3.6810  2.621    3  0.000  0.368     0.00     0.00     0.00     0.00     0.00 -1    -1e-30      0.00 6.991e-01 2.860e-01 1.743e-03 1.856e-03 6.318e-03 -1.000 1.489e-02 0.225 0.266 0.778 -0.405
0.01471 0.00000 9.00000 2.1153280735 2.5731390345    2.114  1.857  3.6784  2.571    3  0.000  0.367     0.00     0.00     0.00     0.00     0.00 -1    -1e-30      0.00 6.956e-01 2.894e-01 1.720e-03 1.945e-03 6.248e-03 -1.000 1.494e-02 0.126 0.176 0.694 -0.501
0.01471 0.00000 9.00000 2.1153976917 2.5731416357    2.114  1.867  3.6778  2.559    3  0.000  0.367     0.00     0.00     0.00     0.00     0.00 -1    -1e-30      0.00 6.949e-01 2.902e-01 1.716e-03 1.964e-03 6.232e-03 -1.000 1.488e-02 0.101 0.153 0.673 -0.526
0.01471 0.00000 9.00000 2.1154661179 2.5731441921    2.114  1.877  3.6771  2.546    3  0.000  0.367     0.00     0.00     0.00     0.00     0.00 -1    -1e-30      0.00 6.942e-01 2.910e-01 1.711e-03 1.980e-03 6.219e-03 -1.000 1.489e-02 0.077 0.131 0.653 -0.549
0.01471 0.00000 9.00000 2.1157362461 2.5731542824    2.115  1.917  3.6745  2.497    3  0.000  0.366     0.00     0.00     0.00     0.00     0.00 -1    -1e-30      0.00 6.913e-01 2.937e-01 1.696e-03 2.041e-03 6.170e-03 -1.000 1.492e-02 -0.022 0.041 0.570 -0.645
0.01471 0.00000 9.00000 2.1160020828 2.5731642094    2.115  1.956  3.6720  2.447    3  0.000  0.366     0.00     0.00     0.00     0.00     0.00 -1    -1e-30      0.00 6.889e-01 2.963e-01 1.684e-03 2.092e-03 6.129e-03 -1.000 1.489e-02 -0.119 -0.048 0.489 -0.740
0.01471 0.00000 9.00000 2.1162624359 2.5731739289    2.115  1.995  3.6693  2.398    3  0.000  0.366     0.00     0.00     0.00     0.00     0.00 -1    -1e-30      0.00 6.868e-01 2.983e-01 1.675e-03 2.131e-03 6.098e-03 -1.000 1.489e-02 -0.217 -0.137 0.409 -0.836
0.01471 0.00000 9.00000 2.1165177822 2.5731834589    2.115  2.034  3.6666  2.348    3  0.000  0.366     0.00     0.00     0.00     0.00     0.00 -1    -1e-30      0.00 6.851e-01 3.000e-01 1.667e-03 2.162e-03 6.073e-03 -1.000 1.490e-02 -0.315 -0.224 0.330 -0.930
0.01471 0.00000 9.00000 2.1167678833 2.5731927905    2.116  2.073  3.6639  2.298    3  0.000  0.366     0.00     0.00     0.00     0.00     0.00 -1    -1e-30      0.00 6.838e-01 3.013e-01 1.662e-03 2.186e-03 6.053e-03 -1.000 1.486e-02 -0.412 -0.311 0.252 -1.024
0.01471 0.00000 9.00000 2.1170086861 2.5732017727    2.116  2.111  3.6611  2.249    3  0.000  0.366     0.00     0.00     0.00     0.00     0.00 -1    -1e-30      0.00 6.827e-01 3.024e-01 1.657e-03 2.205e-03 6.038e-03 -1.000 1.488e-02 -0.507 -0.396 0.176 -1.116
0.01471 0.00000 9.00000 2.1173217297 2.5732134462    2.116  2.161  3.6575  2.184    3  0.000  0.366     0.00     0.00     0.00     0.00     0.00 -1    -1e-30      0.00 6.816e-01 3.035e-01 1.653e-03 2.223e-03 6.023e-03 -1.000 1.486e-02 -0.633 -0.507 0.077 -1.236
0.01471 0.00000 9.00000 2.1175866127 2.5732233206    2.116  2.204  3.6543  2.128    3  0.000  0.366     0.00     0.00     0.00     0.00     0.00 -1    -1e-30      0.00 6.810e-01 3.041e-01 1.650e-03 2.234e-03 6.015e-03 -1.000 1.486e-02 -0.741 -0.602 -0.007 -1.340
0.01471 0.00000 9.00000 2.1178145409 2.5732318151    2.117  2.242  3.6514  2.079    3  0.000  0.366     0.00     0.00     0.00     0.00     0.00 -1    -1e-30      0.00 6.807e-01 3.045e-01 1.649e-03 2.239e-03 6.011e-03 -1.000 1.486e-02 -0.836 -0.685 -0.080 -1.430
0.01471 0.00000 9.00000 2.1180753708 2.5732415332    2.117  2.287  3.6481  2.021    3  0.000  0.366     0.00     0.00     0.00     0.00     0.00 -1    -1e-30      0.00 6.804e-01 3.047e-01 1.648e-03 2.243e-03 6.008e-03 -1.000 1.486e-02 -0.947 -0.781 -0.164 -1.535
0.01471 0.00000 9.00000 2.1183302402 2.5732510267    2.117  2.330  3.6448  1.965    3  0.000  0.366     0.00     0.00     0.00     0.00     0.00 -1    -1e-30      0.00 6.804e-01 3.048e-01 1.648e-03 2.244e-03 6.007e-03 -1.000 1.486e-02 -1.056 -0.875 -0.246 -1.637
0.01471 0.00000 9.00000 2.1186125278 2.5732615383    2.117  2.378  3.6411  1.902    3  0.000  0.366     0.00     0.00     0.00     0.00     0.00 -1    -1e-30      0.00 6.803e-01 3.048e-01 1.648e-03 2.244e-03 6.007e-03 -1.000 1.486e-02 -1.175 -0.977 -0.336 -1.747
0.01471 0.00000 9.00000 2.1188910007 2.5732719047    2.118  2.423  3.6376  1.843    3  0.000  0.366     0.00     0.00     0.00     0.00     0.00 -1    -1e-30      0.00 6.803e-01 3.048e-01 1.648e-03 2.244e-03 6.007e-03 -1.000 1.486e-02 -1.288 -1.072 -0.419 -1.851
0.01471 0.00000 9.00000 2.1191809177 2.5732826938    2.118  2.464  3.6345  1.790    3  0.000  0.366     0.00     0.00     0.00     0.00     0.00 -1    -1e-30      0.00 6.803e-01 3.048e-01 1.648e-03 2.244e-03 6.007e-03 -1.000 1.486e-02 -1.390 -1.158 -0.495 -1.944
0.01471 0.00000 9.00000 2.1193754673 2.5732899319    2.118  2.485  3.6328  1.762    3  0.000  0.366     0.00     0.00     0.00     0.00     0.00 -1    -1e-30      0.00 6.803e-01 3.048e-01 1.648e-03 2.245e-03 6.006e-03 -1.000 1.486e-02 -1.444 -1.203 -0.534 -1.993
0.01471 0.00000 9.00000 2.1194310188 2.5732919984    2.118  2.465  3.6344  1.789    4  0.000  0.366     0.00     0.00     0.00     0.00     0.00 -1    -1e-30      0.00 6.803e-01 3.048e-01 1.648e-03 2.245e-03 6.006e-03 -1.000 1.486e-02 -1.392 -1.160 -0.497 -1.946
0.01471 0.00000 9.00000 2.1194615364 2.5732931336    2.118  2.423  3.6377  1.844    4  0.000  0.366     0.00     0.00     0.00     0.00     0.00 -1    -1e-30      0.00 6.803e-01 3.048e-01 1.648e-03 2.245e-03 6.006e-03 -1.000 1.486e-02 -1.287 -1.072 -0.420 -1.851
0.01471 0.00000 9.00000 2.1194865704 2.5732940648    2.118  2.381  3.6411  1.900    4  0.000  0.366     0.00     0.00     0.00     0.00     0.00 -1    -1e-30      0.00 6.803e-01 3.048e-01 1.648e-03 2.245e-03 6.006e-03 -1.000 1.486e-02 -1.182 -0.983 -0.342 -1.754
0.01471 0.00000 9.00000 2.1195166111 2.5732951822    2.118  2.331  3.6450  1.965    4  0.000  0.366     0.00     0.00     0.00     0.00     0.00 -1    -1e-30      0.00 6.803e-01 3.048e-01 1.648e-03 2.245e-03 6.006e-03 -1.000 1.486e-02 -1.058 -0.877 -0.249 -1.639
0.01471 0.00000 9.00000 2.1195538044 2.5732965656    2.118  2.280  3.6488  2.031    4  0.000  0.366     0.00     0.00     0.00     0.00     0.00 -1    -1e-30      0.00 6.803e-01 3.048e-01 1.648e-03 2.245e-03 6.006e-03 -1.000 1.486e-02 -0.931 -0.769 -0.154 -1.521
0.01471 0.00000 9.00000 2.1196029186 2.5732983923    2.118  2.231  3.6526  2.096    4  0.000  0.366     0.00     0.00     0.00     0.00     0.00 -1    -1e-30      0.00 6.803e-01 3.048e-01 1.648e-03 2.245e-03 6.006e-03 -1.000 1.486e-02 -0.807 -0.661 -0.060 -1.403
0.01471 0.00000 9.00000 2.1196665764 2.5733007597    2.119  2.182  3.6564  2.160    4  0.000  0.366     0.00     0.00     0.00     0.00     0.00 -1    -1e-30      0.00 6.803e-01 3.048e-01 1.648e-03 2.245e-03 6.006e-03 -1.000 1.486e-02 -0.685 -0.554 0.034 -1.286
0.01471 0.00000 9.00000 2.1197459698 2.5733037121    2.119  2.133  3.6600  2.223    4  0.000  0.366     0.00     0.00     0.00     0.00     0.00 -1    -1e-30      0.00 6.803e-01 3.048e-01 1.648e-03 2.245e-03 6.006e-03 -1.000 1.486e-02 -0.563 -0.447 0.128 -1.170
0.01471 0.00000 9.00000 2.1198403835 2.5733072228    2.119  2.085  3.6636  2.285    4  0.000  0.366     0.00     0.00     0.00     0.00     0.00 -1    -1e-30      0.00 6.803e-01 3.048e-01 1.648e-03 2.245e-03 6.006e-03 -1.000 1.486e-02 -0.443 -0.341 0.223 -1.055
0.01471 0.00000 9.00000 2.1199514866 2.5733113536    2.119  2.039  3.6670  2.345    4  0.000  0.366     0.00     0.00     0.00     0.00     0.00 -1    -1e-30      0.00 6.803e-01 3.048e-01 1.648e-03 2.245e-03 6.006e-03 -1.000 1.486e-02 -0.329 -0.239 0.314 -0.945
0.01471 0.00000 9.00000 2.1200847626 2.5733163081    2.119  1.996  3.6701  2.400    4  0.000  0.366     0.00     0.00     0.00     0.00     0.00 -1    -1e-30      0.00 6.803e-01 3.048e-01 1.648e-03 2.245e-03 6.006e-03 -1.000 1.486e-02 -0.221 -0.144 0.399 -0.841
0.01471 0.00000 9.00000 2.1202588081 2.5733227771    2.119  1.956  3.6731  2.453    4  0.000  0.366     0.00     0.00     0.00     0.00     0.00 -1    -1e-30      0.00 6.803e-01 3.048e-01 1.648e-03 2.245e-03 6.006e-03 -1.000 1.486e-02 -0.120 -0.052 0.482 -0.742
0.01471 0.00000 9.00000 2.1205155849 2.5733323189    2.119  1.915  3.6761  2.505    4  0.000  0.366     0.00     0.00     0.00     0.00     0.00 -1    -1e-30      0.00 6.803e-01 3.048e-01 1.648e-03 2.245e-03 6.006e-03 -1.000 1.486e-02 -0.019 0.039 0.564 -0.643
0.01471 0.00000 9.00000 2.1208903790 2.5733462415    2.120  1.870  3.6793  2.564    4  0.000  0.366     0.00     0.00     0.00     0.00     0.00 -1    -1e-30      0.00 6.803e-01 3.048e-01 1.648e-03 2.245e-03 6.006e-03 -1.000 1.486e-02 0.095 0.142 0.657 -0.534
0.01471 0.00000 9.00000 2.1211884022 2.5733573082    2.120  1.831  3.6822  2.615    4  0.000  0.366     0.00     0.00     0.00     0.00     0.00 -1    -1e-30      0.00 6.803e-01 3.048e-01 1.648e-03 2.245e-03 6.006e-03 -1.000 1.486e-02 0.194 0.231 0.739 -0.438
0.01471 0.00000 9.00000 2.1214699745 2.5733677607    2.120  1.795  3.6847  2.660    4  0.000  0.366     0.00     0.00     0.00     0.00     0.00 -1    -1e-30      0.00 6.803e-01 3.048e-01 1.648e-03 2.245e-03 6.006e-03 -1.000 1.486e-02 0.282 0.311 0.813 -0.352
0.01471 0.00000 9.00000 2.1219596863 2.5733859322    2.121  1.745  3.6884  2.725    4  0.000  0.366     0.00     0.00     0.00     0.00     0.00 -1    -1e-30      0.00 6.803e-01 3.048e-01 1.648e-03 2.246e-03 6.006e-03 -1.000 1.486e-02 0.408 0.426 0.918 -0.230
0.01471 0.00000 9.00000 2.1225290298 2.5734070464    2.121  1.702  3.6916  2.780    4  0.000  0.366     0.00     0.00     0.00     0.00     0.00 -1    -1e-30      0.00 6.803e-01 3.048e-01 1.648e-03 2.246e-03 6.005e-03 -1.000 1.486e-02 0.514 0.523 1.007 -0.125
0.01471 0.00000 9.00000 2.1233203411 2.5734363707    2.122  1.661  3.6948  2.835    4  0.000  0.366     0.00     0.00     0.00     0.00     0.00 -1    -1e-30      0.00 6.803e-01 3.048e-01 1.647e-03 2.246e-03 6.005e-03 -1.000 1.486e-02 0.618 0.618 1.095 -0.023
0.01471 0.00000 9.00000 2.1246862411 2.5734869289    2.123  1.620  3.6983  2.890    4  0.000  0.366     0.00     0.00     0.00     0.00     0.00 -1    -1e-30      0.00 6.803e-01 3.048e-01 1.647e-03 2.247e-03 6.005e-03 -1.000 1.486e-02 0.719 0.710 1.178 0.076
0.01471 0.00000 9.00000 2.1254551411 2.5735153565    2.124  1.607  3.6995  2.909    4  0.000  0.366     0.00     0.00     0.00     0.00     0.00 -1    -1e-30      0.00 6.803e-01 3.049e-01 1.647e-03 2.247e-03 6.005e-03 -1.000 1.486e-02 0.753 0.740 1.205 0.109
0.01471 0.00000 9.00000 2.1280369759 2.5736106389    2.127  1.612  3.6994  2.903    4  0.000  0.366     0.00     0.00     0.00     0.00     0.00 -1    -1e-30      0.00 6.803e-01 3.049e-01 1.647e-03 2.248e-03 6.004e-03 -1.000 1.486e-02 0.740 0.728 1.193 0.096
0.01471 0.00000 9.00000 2.1500000954 2.5744105556    2.149  1.640  3.6999  2.882    4  0.000  0.366     0.00     0.00     0.00     0.00     0.00 -1    -1e-30      0.00 6.801e-01 3.051e-01 1.646e-03 2.257e-03 5.997e-03 -1.000 1.486e-02 0.671 0.657 1.121 0.027
0.01471 0.00000 9.00000 2.1698529720 2.5751176138    2.168  1.668  3.7002  2.859    5  0.000  0.366     0.00     0.00     0.00     0.00     0.00 -1    -1e-30      0.00 6.798e-01 3.053e-01 1.644e-03 2.267e-03 5.987e-03 -1.000 1.486e-02 0.600 0.585 1.048 -0.045
0.01471 0.00000 9.00000 2.1984860897 2.5761115612    2.197  1.714  3.7003  2.819    5  0.000  0.366     0.00     0.00     0.00     0.00     0.00 -1    -1e-30      0.00 6.795e-01 3.057e-01 1.642e-03 2.282e-03 5.973e-03 -1.000 1.486e-02 0.486 0.471 0.933 -0.158
0.01471 0.00000 9.00000 2.2000000477 2.5761632879    2.199  1.716  3.7003  2.817    5  0.000  0.366     0.00     0.00     0.00     0.00     0.00 -1    -1e-30      0.00 6.795e-01 3.057e-01 1.641e-03 2.283e-03 5.972e-03 -1.000 1.486e-02 0.479 0.464 0.927 -0.165
0.01471 0.00000 9.00000 2.2103335857 2.5765141743    2.209  1.734  3.7002  2.801    5  0.000  0.366     0.00     0.00     0.00     0.00     0.00 -1    -1e-30      0.00 6.794e-01 3.058e-01 1.641e-03 2.288e-03 5.968e-03 -1.000 1.486e-02 0.434 0.420 0.882 -0.210
0.01471 0.00000 9.00000 2.2309827805 2.5772041547    2.229  1.772  3.6996  2.764    5  0.000  0.367     0.00     0.00     0.00     0.00     0.00 -1    -1e-30      0.00 6.792e-01 3.059e-01 1.640e-03 2.297e-03 5.960e-03 -1.000 1.486e-02 0.339 0.326 0.790 -0.305
0.01471 0.00000 9.00000 2.2500000000 2.5778267375    2.249  1.810  3.6984  2.726    5  0.000  0.367     0.00     0.00     0.00     0.00     0.00 -1    -1e-30      0.00 6.790e-01 3.061e-01 1.639e-03 2.305e-03 5.952e-03 -1.000 1.486e-02 0.245 0.235 0.702 -0.398
0.01471 0.00000 9.00000 2.2563753128 2.5780327523    2.255  1.823  3.6979  2.712    5  0.000  0.367     0.00     0.00     0.00     0.00     0.00 -1    -1e-30      0.00 6.790e-01 3.062e-01 1.638e-03 2.308e-03 5.949e-03 -1.000 1.487e-02 0.213 0.204 0.672 -0.430
0.01471 0.00000 9.00000 2.2618837357 2.5782096790    2.260  1.836  3.6972  2.697    6  0.000  0.367     0.00     0.00     0.00     0.00     0.00 -1    -1e-30      0.00 6.789e-01 3.062e-01 1.638e-03 2.310e-03 5.947e-03 -1.000 1.487e-02 0.181 0.174 0.644 -0.461
0.01471 0.00000 9.00000 2.2787504196 2.5787453128    2.277  1.884  3.6933  2.637    6  0.000  0.367     0.00     0.00     0.00     0.00     0.00 -1    -1e-30      0.00 6.787e-01 3.064e-01 1.637e-03 2.318e-03 5.939e-03 -1.000 1.488e-02 0.060 0.064 0.544 -0.580
0.01471 0.00000 9.00000 2.2880713940 2.5790374252    2.287  1.905  3.6923  2.614    6  0.000  0.367     0.00     0.00     0.00     0.00     0.00 -1    -1e-30      0.00 6.786e-01 3.066e-01 1.636e-03 2.323e-03 5.935e-03 -1.000 1.488e-02 0.008 0.015 0.497 -0.631
0.01471 0.00000 9.00000 2.2923910618 2.5791718744    2.291  1.947  3.6875  2.553    6  0.000  0.368     0.00     0.00     0.00     0.00     0.00 -1    -1e-30      0.00 6.785e-01 3.066e-01 1.636e-03 2.325e-03 5.933e-03 -1.000 1.489e-02 -0.098 -0.077 0.417 -0.733
0.01471 0.00000 9.00000 2.2937772274 2.5792148952    2.292  1.993  3.6829  2.489    6  0.000  0.368     0.00     0.00     0.00     0.00     0.00 -1    -1e-30      0.00 6.785e-01 3.066e-01 1.636e-03 2.325e-03 5.933e-03 -1.000 1.489e-02 -0.212 -0.177 0.329 -0.844
0.01471 0.00000 9.00000 2.2943251133 2.5792318829    2.293  2.038  3.6787  2.428    6  0.000  0.368     0.00     0.00     0.00     0.00     0.00 -1    -1e-30      0.00 6.785e-01 3.066e-01 1.636e-03 2.326e-03 5.932e-03 -1.000 1.489e-02 -0.324 -0.276 0.242 -0.953
0.01471 0.00000 9.00000 2.2945570946 2.5792390728    2.293  2.082  3.6749  2.368    6  0.000  0.368     0.00     0.00     0.00     0.00     0.00 -1    -1e-30      0.00 6.785e-01 3.066e-01 1.636e-03 2.326e-03 5.932e-03 -1.000 1.489e-02 -0.434 -0.373 0.157 -1.060
0.01471 0.00000 9.00000 2.2946662903 2.5792424566    2.293  2.126  3.6711  2.309    6  0.000  0.368     0.00     0.00     0.00     0.00     0.00 -1    -1e-30      0.00 6.785e-01 3.066e-01 1.636e-03 2.326e-03 5.932e-03 -1.000 1.489e-02 -0.544 -0.470 0.071 -1.166
0.01471 0.00000 9.00000 2.2947187424 2.5792440819    2.293  2.159  3.6682  2.264    6  0.000  0.368     0.00     0.00     0.00     0.00     0.00 -1    -1e-30      0.00 6.785e-01 3.066e-01 1.636e-03 2.326e-03 5.932e-03 -1.000 1.489e-02 -0.629 -0.545 0.006 -1.248
0.01471 0.00000 9.00000 2.2947235107 2.5792442296    2.293  2.163  3.6679  2.259    6  0.000  0.368     0.00     0.00     0.00     0.00     0.00 -1    -1e-30      0.00 6.785e-01 3.066e-01 1.636e-03 2.326e-03 5.932e-03 -1.000 1.489e-02 -0.638 -0.553 -0.001 -1.256
0.01471 0.00000 9.00000 2.2947781086 2.5792459213    2.293  2.180  3.6666  2.237    6  0.000  0.368     0.00     0.00     0.00     0.00     0.00 -1    -1e-30      0.00 6.785e-01 3.066e-01 1.636e-03 2.326e-03 5.932e-03 -1.000 1.489e-02 -0.681 -0.591 -0.035 -1.298
0.01471 0.00000 9.00000 2.2948682308 2.5792487134    2.293  2.174  3.6672  2.245    7  0.000  0.368     0.00     0.00     0.00     0.00     0.00 -1 -1.05e-30      0.00 6.785e-01 3.066e-01 1.636e-03 2.326e-03 5.932e-03 -1.000 1.489e-02 -0.666 -0.578 -0.024 -1.284
0.01471 0.00000 9.00000 2.2952420712 2.5792602930    2.294  2.149  3.6693  2.279    7  0.000  0.368     0.00     0.00     0.00     0.00     0.00 -1 -2.99e-28      0.00 6.785e-01 3.066e-01 1.636e-03 2.326e-03 5.932e-03 -1.000 1.491e-02 -0.603 -0.523 0.024 -1.223
0.01471 0.00000 9.00000 2.2968802452 2.5793109837    2.295  2.173  3.6673  2.247    7  0.000  0.368     0.00     0.00     0.00     0.00     0.00 -1 -1.43e-17      0.00 6.785e-01 3.065e-01 1.636e-03 2.327e-03 5.931e-03 -1.000 1.502e-02 -0.663 -0.576 -0.022 -1.281
0.01471 0.00000 9.00000 2.2979774475 2.5793448883    2.296  2.196  3.6655  2.218    7  0.000  0.368     0.00     0.00     0.00     0.00     0.00 -1 -8.38e-12      0.00 6.784e-01 3.065e-01 1.636e-03 2.327e-03 5.931e-03 -1.000 1.508e-02 -0.719 -0.625 -0.066 -1.334
0.01471 0.00000 9.00000 2.2989318371 2.5793743497    2.297  2.234  3.6624  2.167    7  0.000  0.368     0.00     0.00     0.00     0.00     0.00 -1 -6.93e-11      0.00 6.784e-01 3.065e-01 1.635e-03 2.328e-03 5.930e-03 -1.000 1.509e-02 -0.815 -0.709 -0.139 -1.426
0.01471 0.00000 9.00000 2.2997555733 2.5793997553    2.298  2.278  3.6588  2.109    7  0.000  0.368     0.00     0.00     0.00     0.00     0.00 -1 -1.03e-10      0.00 6.784e-01 3.065e-01 1.635e-03 2.328e-03 5.930e-03 -1.000 1.509e-02 -0.925 -0.805 -0.224 -1.532
0.01471 0.00000 9.00000 2.2999999523 2.5794072884    2.298  2.294  3.6575  2.088    7  0.000  0.368     0.00     0.00     0.00     0.00     0.00 -1 -1.11e-10      0.00 6.784e-01 3.065e-01 1.635e-03 2.328e-03 5.930e-03 -1.000 1.509e-02 -0.965 -0.840 -0.255 -1.570
0.01471 0.00000 9.00000 2.3001887798 2.5794131078    2.299  2.307  3.6565  2.070    7  0.000  0.368     0.00     0.00     0.00     0.00     0.00 -1 -1.19e-10      0.00 6.784e-01 3.065e-01 1.635e-03 2.328e-03 5.930e-03 -1.000 1.509e-02 -0.998 -0.868 -0.279 -1.601
0.01471 0.00000 9.00000 2.3006613255 2.5794276662    2.299  2.347  3.6532  2.017    7  0.000  0.368     0.00     0.00     0.00     0.00     0.00 -1 -1.44e-10      0.00 6.784e-01 3.065e-01 1.635e-03 2.328e-03 5.930e-03 -1.000 1.509e-02 -1.098 -0.955 -0.355 -1.696
0.01471 0.00000 9.00000 2.3010659218 2.5794401258    2.299  2.390  3.6497  1.961    7  0.000  0.368     0.00     0.00     0.00     0.00     0.00 -1 -1.77e-10      0.00 6.784e-01 3.065e-01 1.635e-03 2.329e-03 5.929e-03 -1.000 1.509e-02 -1.205 -1.047 -0.435 -1.796
0.01471 0.00000 9.00000 2.3014183044 2.5794509733    2.300  2.449  3.6448  1.882    7  0.000  0.368     0.00     0.00     0.00     0.00     0.00 -1 -2.33e-10      0.00 6.784e-01 3.065e-01 1.635e-03 2.329e-03 5.929e-03 -1.000 1.509e-02 -1.352 -1.172 -0.544 -1.933
0.01471 0.00000 9.00000 2.3017311096 2.5794605993    2.300  2.503  3.6403  1.810    7  0.000  0.368     5.56     4.00     2.95     2.18     1.78  4 -3.05e-10      0.00 6.784e-01 3.065e-01 1.635e-03 2.329e-03 5.929e-03 -1.000 1.509e-02 -1.487 -1.286 -0.644 -2.057
0.01471 0.00000 9.00000 2.3020122051 2.5794692469    2.300  2.546  3.6369  1.753    7  0.000  0.368     6.22     4.43     3.25     2.41     1.96  4 -3.74e-10      0.00 6.784e-01 3.065e-01 1.635e-03 2.329e-03 5.929e-03 -1.000 1.509e-02 -1.595 -1.376 -0.723 -2.155
0.01471 0.00000 9.00000 2.3022718430 2.5794772323    2.300  2.587  3.6306  1.687    7  0.000  0.367     7.10     5.00     3.65     2.71     2.21  4  -4.6e-10      0.00 6.784e-01 3.065e-01 1.635e-03 2.329e-03 5.929e-03 -1.000 1.509e-02 -1.698 -1.447 -0.773 -2.241
0.01471 0.00000 9.00000 2.3025074005 2.5794844752    2.300  2.626  3.6275  1.636    7  0.000  0.367     7.85     5.48     3.98     2.96     2.41  4 -5.51e-10      0.00 6.784e-01 3.065e-01 1.635e-03 2.329e-03 5.929e-03 -1.000 1.509e-02 -1.795 -1.527 -0.843 -2.328
0.01471 0.00000 9.00000 2.3027291298 2.5794912914    2.300  2.664  3.6241  1.585    7  0.000  0.367     8.68     6.01     4.35     3.24     2.64  4 -6.57e-10      0.00 6.784e-01 3.065e-01 1.634e-03 2.329e-03 5.929e-03 -1.000 1.509e-02 -1.889 -1.601 -0.906 -2.410
0.01471 0.00000 9.00000 2.3029398918 2.5794977691    2.300  2.700  3.6207  1.535    7  0.000  0.367     9.58     6.58     4.74     3.54     2.88  4 -7.88e-10      0.00 6.784e-01 3.065e-01 1.633e-03 2.331e-03 5.929e-03 -1.000 1.509e-02 -1.980 -1.673 -0.967 -2.489
0.01471 0.00000 9.00000 2.3031427860 2.5795040037    2.300  2.736  3.6176  1.487    7  0.000  0.367    10.53     7.17     5.15     3.85     3.14  4 -9.31e-10      0.00 6.784e-01 3.065e-01 1.632e-03 2.332e-03 5.929e-03 -1.000 1.509e-02 -2.069 -1.744 -1.028 -2.568
0.01471 0.00000 9.00000 2.3033413887 2.5795101051    2.300  2.771  3.6147  1.439    7  0.000  0.367    11.55     7.81     5.59     4.18     3.41  4  -1.1e-09      0.00 6.784e-01 3.065e-01 1.631e-03 2.334e-03 5.929e-03 -1.000 1.509e-02 -2.158 -1.814 -1.086 -2.647
0.01471 0.00000 9.00000 2.3035397530 2.5795161980    2.300  2.808  3.6117  1.390    7  0.000  0.366    12.72     8.53     6.08     4.55     3.72  4 -1.31e-09      0.00 6.784e-01 3.065e-01 1.629e-03 2.335e-03 5.929e-03 -1.000 1.509e-02 -2.250 -1.887 -1.145 -2.729
0.01471 0.00000 9.00000 2.3037390709 2.5795223190    2.300  2.853  3.6080  1.331    7  0.000  0.366    14.30     9.50     6.74     5.05     4.13  4 -1.62e-09      0.00 6.784e-01 3.065e-01 1.628e-03 2.337e-03 5.929e-03 -1.000 1.509e-02 -2.361 -1.974 -1.214 -2.827
0.01471 0.00000 9.00000 2.3039219379 2.5795279338    2.300  2.920  3.6022  1.241    7  0.000  0.366    17.08    11.18     7.88     5.92     4.83  4  -2.2e-09      0.00 6.784e-01 3.065e-01 1.626e-03 2.340e-03 5.929e-03 -1.000 1.509e-02 -2.529 -2.102 -1.313 -2.973
0.01471 0.00000 9.00000 2.3040256500 2.5795311177    2.299  2.981  3.5969  1.158    7  0.000  0.365    20.10    12.99     9.09     6.84     5.59  4 -2.92e-09      0.00 6.784e-01 3.065e-01 1.624e-03 2.342e-03 5.929e-03 -1.000 1.509e-02 -2.682 -2.214 -1.395 -3.103
0.01471 0.00000 9.00000 2.3040902615 2.5795331011    2.299  3.025  3.5930  1.099    7  0.000  0.365    22.59    14.46    10.07     7.59     6.20  4 -3.57e-09      0.00 6.784e-01 3.065e-01 1.623e-03 2.343e-03 5.929e-03 -1.000 1.509e-02 -2.791 -2.292 -1.450 -3.195
0.01471 0.00000 9.00000 2.3041431904 2.5795347257    2.299  3.061  3.5897  1.049    7  0.000  0.365    24.90    15.81    10.96     8.28     6.77  4 -4.23e-09      0.00 6.784e-01 3.065e-01 1.623e-03 2.343e-03 5.929e-03 -1.000 1.509e-02 -2.882 -2.356 -1.495 -3.271
0.01471 0.00000 9.00000 2.3041915894 2.5795362113    2.299  3.093  3.5867  1.005    7  0.000  0.365    27.19    17.14    11.84     8.95     7.32  4  -4.9e-09      0.00 6.784e-01 3.065e-01 1.623e-03 2.343e-03 5.928e-03 -1.000 1.509e-02 -2.964 -2.410 -1.528 -3.337
0.01471 0.00000 9.00000 2.3042385578 2.5795376528    2.298  3.124  3.5838  0.963    7  0.000  0.365    29.54    18.49    12.73     9.64     7.88  4 -5.58e-09      0.00 6.784e-01 3.065e-01 1.623e-03 2.343e-03 5.928e-03 -1.000 1.509e-02 -3.040 -2.460 -1.557 -3.399
0.01471 0.00000 9.00000 2.3042879105 2.5795391675    2.298  3.154  3.5810  0.921    7  0.000  0.365    32.04    19.92    13.67    10.36     8.47  4 -6.44e-09      0.00 6.784e-01 3.065e-01 1.623e-03 2.343e-03 5.928e-03 -1.000 1.509e-02 -3.115 -2.509 -1.585 -3.459
0.01471 0.00000 9.00000 2.3043391705 2.5795407406    2.298  3.182  3.5783  0.882    7  0.000  0.365    34.63    21.40    14.64    11.10     9.08  4 -7.31e-09      0.00 6.784e-01 3.065e-01 1.623e-03 2.343e-03 5.928e-03 -1.000 1.509e-02 -3.186 -2.550 -1.602 -3.514
0.01471 0.00000 9.00000 2.3043949604 2.5795424527    2.297  3.212  3.5753  0.841    7  0.000  0.365    37.57    23.06    15.72    11.93     9.77  4 -8.31e-09      0.00 6.784e-01 3.065e-01 1.623e-03 2.343e-03 5.928e-03 -1.000 1.509e-02 -3.260 -2.591 -1.613 -3.568
0.01471 0.00000 9.00000 2.3044548035 2.5795442890    2.296  3.240  3.5724  0.801    7  0.000  0.365    40.63    24.77    16.83    12.80    10.47  3 -9.43e-09      0.00 6.784e-01 3.065e-01 1.623e-03 2.343e-03 5.928e-03 -1.000 1.509e-02 -3.330 -2.629 -1.623 -3.621
0.01471 0.00000 9.00000 2.3044965267 2.5795455692    2.296  3.251  3.5714  0.786    7  0.000  0.365    41.83    25.45    17.27    13.13    10.75  3 -9.96e-09      0.00 6.784e-01 3.065e-01 1.623e-03 2.344e-03 5.928e-03 -1.000 1.509e-02 -3.357 -2.644 -1.627 -3.641
0.01471 0.00000 9.00000 2.3045105934 2.5795460008    2.296  3.258  3.5707  0.776    7  0.000  0.365    42.66    25.91    17.57    13.36    10.94  3 -1.02e-08      0.00 6.784e-01 3.065e-01 1.623e-03 2.344e-03 5.928e-03 -1.000 1.509e-02 -3.374 -2.653 -1.630 -3.654
0.01471 0.00000 9.00000 2.3045117855 2.5795460374    2.296  3.257  3.5707  0.776    7  0.000  0.365    42.63    25.89    17.56    13.36    10.93  3 -1.02e-08      0.00 6.784e-01 3.065e-01 1.623e-03 2.344e-03 5.928e-03 -1.000 1.509e-02 -3.373 -2.652 -1.629 -3.653
0.01471 0.00000 9.00000 2.3045122623 2.5795460520    2.296  3.257  3.5707  0.776    7  0.000  0.365    42.63    25.89    17.56    13.35    10.93  3 -1.02e-08      0.00 6.784e-01 3.065e-01 1.623e-03 2.344e-03 5.928e-03 -1.000 1.509e-02 -3.373 -2.652 -1.629 -3.653
0.01471 0.00000 9.00000 2.3045125008 2.5795460594    2.296  3.257  3.5707  0.777    7  0.000  0.365    42.61    25.88    17.55    13.35    10.93  3 -1.02e-08      0.00 6.784e-01 3.065e-01 1.623e-03 2.344e-03 5.928e-03 -1.000 1.509e-02 -3.373 -2.652 -1.629 -3.653
0.01471 0.00000 9.00000 2.3045127392 2.5795460667    2.296  3.257  3.5707  0.777    7  0.000  0.365    42.60    25.88    17.55    13.35    10.93  3 -1.02e-08      0.00 6.784e-01 3.065e-01 1.623e-03 2.344e-03 5.928e-03 -1.000 1.509e-02 -3.373 -2.652 -1.629 -3.652
0.01471 0.00000 9.00000 2.3045129776 2.5795460740    2.296  3.257  3.5707  0.777    7  0.000  0.365    42.60    25.88    17.55    13.35    10.93  3 -1.02e-08      0.00 6.784e-01 3.065e-01 1.623e-03 2.344e-03 5.928e-03 -1.000 1.509e-02 -3.373 -2.652 -1.629 -3.652
0.01471 0.00000 9.00000 2.3045132160 2.5795460813    2.296  3.257  3.5707  0.776    7  0.000  0.365    42.64    25.90    17.56    13.36    10.93  3 -1.02e-08      0.00 6.784e-01 3.065e-01 1.623e-03 2.344e-03 5.928e-03 -1.000 1.509e-02 -3.374 -2.652 -1.629 -3.653
0.01471 0.00000 9.00000 2.3045134544 2.5795460886    2.296  3.258  3.5706  0.776    7  0.000  0.365    42.70    25.93    17.58    13.37    10.95  3 -1.02e-08      0.00 6.784e-01 3.065e-01 1.623e-03 2.344e-03 5.928e-03 -1.000 1.509e-02 -3.375 -2.653 -1.629 -3.654
0.01471 0.00000 9.00000 2.3045144081 2.5795461179    2.296  3.260  3.5704  0.773    7  0.000  0.365    42.94    26.06    17.67    13.44    11.00  3 -1.03e-08      0.00 6.784e-01 3.065e-01 1.623e-03 2.344e-03 5.928e-03 -1.000 1.509e-02 -3.380 -2.656 -1.630 -3.658
0.01471 0.00000 9.00000 2.3045170307 2.5795461984    2.296  3.265  3.5699  0.766    7  0.000  0.365    43.51    26.38    17.88    13.60    11.13  3 -1.05e-08      0.00 6.784e-01 3.065e-01 1.623e-03 2.344e-03 5.928e-03 -1.000 1.509e-02 -3.392 -2.662 -1.632 -3.666
0.01471 0.00000 9.00000 2.3045198917 2.5795462861    2.296  3.272  3.5692  0.756    7  0.000  0.365    44.37    26.86    18.18    13.84    11.33  3 -1.09e-08      0.00 6.784e-01 3.065e-01 1.623e-03 2.344e-03 5.928e-03 -1.000 1.509e-02 -3.409 -2.670 -1.630 -3.678
0.01471 0.00000 9.00000 2.3045232296 2.5795463886    2.296  3.285  3.5678  0.737    7  0.000  0.365    46.04    27.79    18.79    14.30    11.71  3 -1.15e-08      0.00 6.784e-01 3.065e-01 1.623e-03 2.344e-03 5.928e-03 -1.000 1.509e-02 -3.443 -2.685 -1.626 -3.701
0.01471 0.00000 9.00000 2.3045279980 2.5795465349    2.296  3.304  3.5659  0.710    7  0.000  0.365    48.53    29.16    19.67    14.99    12.27  3 -1.25e-08      0.00 6.784e-01 3.065e-01 1.623e-03 2.344e-03 5.928e-03 -1.000 1.509e-02 -3.490 -2.705 -1.621 -3.733
0.01471 0.00000 9.00000 2.3045334816 2.5795467031    2.295  3.319  3.5643  0.689    7  0.000  0.365    50.60    30.30    20.41    15.56    12.74  3 -1.34e-08      0.00 6.784e-01 3.065e-01 1.623e-03 2.344e-03 5.928e-03 -1.000 1.509e-02 -3.527 -2.721 -1.616 -3.758
0.01471 0.00000 9.00000 2.3045411110 2.5795469372    2.295  3.332  3.5629  0.671    7  0.000  0.365    52.49    31.34    21.07    16.07    13.16  3 -1.41e-08      0.00 6.784e-01 3.065e-01 1.623e-03 2.344e-03 5.928e-03 -1.000 1.509e-02 -3.560 -2.735 -1.612 -3.780
0.01471 0.00000 9.00000 2.3045558929 2.5795473907    2.295  3.169  3.5793  0.899    7  0.000  0.365    33.44    20.72    14.20    10.76     8.80  4 -6.85e-09      0.00 6.784e-01 3.065e-01 1.623e-03 2.344e-03 5.928e-03 -1.000 1.509e-02 -3.152 -2.528 -1.590 -3.486
0.01471 0.00000 9.00000 2.3045570850 2.5795474273    2.295  3.219  3.5745  0.829    7  0.000  0.365    38.40    23.52    16.02    12.17     9.96  4 -8.61e-09      0.00 6.784e-01 3.065e-01 1.623e-03 2.344e-03 5.928e-03 -1.000 1.509e-02 -3.279 -2.600 -1.614 -3.582
0.01471 0.00000 9.00000 2.3045573235 2.5795474346    2.295  3.220  3.5744  0.828    7  0.000  0.365    38.48    23.57    16.05    12.19     9.98  4 -8.65e-09      0.00 6.784e-01 3.065e-01 1.623e-03 2.344e-03 5.928e-03 -1.000 1.509e-02 -3.281 -2.601 -1.614 -3.584
0.01471 0.00000 9.00000 2.3045575619 2.5795474419    2.295  3.221  3.5743  0.827    7  0.000  0.365    38.59    23.63    16.09    12.22    10.00  4 -8.69e-09      0.00 6.784e-01 3.065e-01 1.623e-03 2.344e-03 5.928e-03 -1.000 1.509e-02 -3.283 -2.602 -1.615 -3.585
0.01471 0.00000 9.00000 2.3045578003 2.5795474493    2.295  3.221  3.5743  0.826    7  0.000  0.365    38.61    23.64    16.10    12.23    10.01  4  -8.7e-09      0.00 6.784e-01 3.065e-01 1.623e-03 2.344e-03 5.928e-03 -1.000 1.509e-02 -3.283 -2.603 -1.615 -3.586
0.01471 0.00000 9.00000 2.3045580387 2.5795474566    2.295  3.222  3.5742  0.826    7  0.000  0.365    38.68    23.68    16.13    12.25    10.03  4 -8.74e-09      0.00 6.784e-01 3.065e-01 1.623e-03 2.344e-03 5.928e-03 -1.000 1.509e-02 -3.285 -2.604 -1.615 -3.587
0.01471 0.00000 9.00000 2.3045582771 2.5795474639    2.295  3.215  3.5749  0.836    7  0.000  0.365    37.93    23.26    15.85    12.04     9.85  4 -8.45e-09      0.00 6.784e-01 3.065e-01 1.623e-03 2.344e-03 5.928e-03 -1.000 1.509e-02 -3.267 -2.594 -1.612 -3.573
0.01471 0.00000 9.00000 2.3045585155 2.5795474712    2.295  3.209  3.5754  0.843    7  0.000  0.365    37.37    22.95    15.65    11.88     9.72  4 -8.23e-09      0.00 6.784e-01 3.065e-01 1.623e-03 2.344e-03 5.928e-03 -1.000 1.509e-02 -3.254 -2.586 -1.609 -3.563
0.01471 0.00000 9.00000 2.3045587540 2.5795474785    2.295  3.197  3.5767  0.861    7  0.000  0.365    36.11    22.23    15.18    11.52     9.43  4 -7.75e-09      0.00 6.784e-01 3.065e-01 1.623e-03 2.344e-03 5.928e-03 -1.000 1.509e-02 -3.222 -2.568 -1.604 -3.540
0.01471 0.00000 9.00000 2.3045589924 2.5795474858    2.295  3.193  3.5770  0.866    7  0.000  0.365    35.72    22.02    15.04    11.41     9.34  4 -7.61e-09      0.00 6.784e-01 3.065e-01 1.623e-03 2.344e-03 5.928e-03 -1.000 1.509e-02 -3.213 -2.563 -1.602 -3.532
0.01471 0.00000 9.00000 2.3045592308 2.5795474931    2.295  3.193  3.5771  0.866    7  0.000  0.365    35.70    22.00    15.03    11.41     9.33  4  -7.6e-09      0.00 6.784e-01 3.065e-01 1.623e-03 2.344e-03 5.928e-03 -1.000 1.509e-02 -3.212 -2.563 -1.602 -3.532
0.01471 0.00000 9.00000 2.3045594692 2.5795475005    2.295  3.193  3.5771  0.867    7  0.000  0.365    35.68    21.99    15.02    11.40     9.33  4  -7.6e-09      0.00 6.784e-01 3.065e-01 1.623e-03 2.344e-03 5.928e-03 -1.000 1.509e-02 -3.211 -2.562 -1.602 -3.531
0.01471 0.00000 9.00000 2.3045597076 2.5795475078    2.295  3.192  3.5771  0.867    7  0.000  0.365    35.65    21.97    15.01    11.39     9.32  4  -7.6e-09      0.00 6.784e-01 3.065e-01 1.623e-03 2.344e-03 5.928e-03 -1.000 1.509e-02 -3.211 -2.562 -1.602 -3.531
0.01471 0.00000 9.00000 2.3045599461 2.5795475151    2.295  3.192  3.5771  0.867    7  0.000  0.365    35.64    21.97    15.01    11.39     9.32  4 -7.59e-09      0.00 6.784e-01 3.065e-01 1.623e-03 2.344e-03 5.928e-03 -1.000 1.509e-02 -3.210 -2.562 -1.602 -3.531
0.01471 0.00000 9.00000 2.3045604229 2.5795475297    2.295  3.191  3.5772  0.868    7  0.000  0.365    35.57    21.93    14.99    11.37     9.30  4 -7.58e-09      0.00 6.784e-01 3.065e-01 1.623e-03 2.344e-03 5.928e-03 -1.000 1.509e-02 -3.209 -2.561 -1.602 -3.530
0.01471 0.00000 9.00000 2.3045606613 2.5795475370    2.295  3.191  3.5772  0.869    7  0.000  0.365    35.54    21.91    14.97    11.36     9.29  4 -7.58e-09      0.00 6.784e-01 3.065e-01 1.623e-03 2.344e-03 5.928e-03 -1.000 1.509e-02 -3.208 -2.561 -1.602 -3.529
0.01471 0.00000 9.00000 2.3045611382 2.5795475517    2.295  3.191  3.5773  0.869    7  0.000  0.365    35.50    21.89    14.96    11.35     9.29  4 -7.57e-09      0.00 6.784e-01 3.065e-01 1.623e-03 2.344e-03 5.928e-03 -1.000 1.509e-02 -3.207 -2.560 -1.602 -3.528
0.01471 0.00000 9.00000 2.3045613766 2.5795475590    2.295  3.190  3.5773  0.870    7  0.000  0.365    35.46    21.87    14.94    11.34     9.28  4 -7.57e-09      0.00 6.784e-01 3.065e-01 1.623e-03 2.344e-03 5.928e-03 -1.000 1.509e-02 -3.206 -2.560 -1.602 -3.527
0.01471 0.00000 9.00000 2.3045618534 2.5795475736    2.295  3.190  3.5774  0.870    7  0.000  0.365    35.41    21.84    14.93    11.32     9.27  4 -7.56e-09      0.00 6.784e-01 3.065e-01 1.623e-03 2.344e-03 5.928e-03 -1.000 1.509e-02 -3.205 -2.559 -1.601 -3.527
0.01471 0.00000 9.00000 2.3045673370 2.5795477419    2.295  3.211  3.5753  0.842    7  0.000  0.365    37.48    23.01    15.69    11.91     9.75  4 -8.28e-09      0.00 6.784e-01 3.065e-01 1.623e-03 2.344e-03 5.928e-03 -1.000 1.509e-02 -3.257 -2.588 -1.611 -3.566
0.01471 0.00000 9.00000 2.3045711517 2.5795478589    2.295  3.243  3.5721  0.797    7  0.000  0.365    40.96    24.96    16.95    12.89    10.55  3 -9.53e-09      0.00 6.784e-01 3.065e-01 1.623e-03 2.344e-03 5.928e-03 -1.000 1.509e-02 -3.337 -2.632 -1.623 -3.625
0.01471 0.00000 9.00000 2.3045747280 2.5795479686    2.295  3.274  3.5689  0.753    7  0.000  0.365    44.67    27.03    18.29    13.92    11.40  3  -1.1e-08      0.00 6.784e-01 3.065e-01 1.623e-03 2.344e-03 5.928e-03 -1.000 1.509e-02 -3.414 -2.670 -1.626 -3.681
0.01471 0.00000 9.00000 2.3045785427 2.5795480857    2.295  3.303  3.5659  0.711    7  0.538  0.365    48.44    29.11    19.64    14.97    12.25  3 -1.25e-08      0.00 6.784e-01 3.065e-01 1.623e-03 2.344e-03 5.928e-03 -1.000 1.509e-02 -3.487 -2.702 -1.618 -3.730
0.01471 0.00000 9.00000 2.3045833111 2.5795482320    2.295  3.333  3.5627  0.669    7  0.538  0.365    52.69    31.45    21.14    16.13    13.21  3 -1.42e-08      0.00 6.784e-01 3.065e-01 1.623e-03 2.344e-03 5.928e-03 -1.000 1.509e-02 -3.562 -2.734 -1.608 -3.780
0.01471 0.00000 9.00000 2.3045890331 2.5795484075    2.295  3.363  3.5594  0.625    7  0.538  0.365    57.44    34.04    22.80    17.41    14.26  3 -1.63e-08      0.00 6.784e-01 3.065e-01 1.623e-03 2.344e-03 5.928e-03 -1.000 1.509e-02 -3.639 -2.765 -1.594 -3.831
0.01471 0.00000 9.00000 2.3045959473 2.5795486196    2.295  3.391  3.5564  0.585    7  0.537  0.365    62.14    36.59    24.43    18.68    15.30  3 -1.84e-08      0.00 6.784e-01 3.065e-01 1.623e-03 2.344e-03 5.928e-03 -1.000 1.509e-02 -3.708 -2.787 -1.564 -3.871
0.01471 0.00000 9.00000 2.3046059608 2.5795489269    2.294  3.421  3.5530  0.541    7  0.529  0.365    67.69    39.58    26.33    20.15    16.51  3 -2.09e-08      0.00 6.784e-01 3.065e-01 1.623e-03 2.344e-03 5.928e-03 -1.000 1.509e-02 -3.783 -2.807 -1.526 -3.914
0.01471 0.00000 9.00000 2.3046100140 2.5795490512    2.294  3.427  3.5524  0.533    7  0.529  0.365    68.77    40.15    26.70    20.44    16.75  3 -2.11e-08      0.00 6.784e-01 3.065e-01 1.623e-03 2.344e-03 5.928e-03 -1.000 1.509e-02 -3.797 -2.812 -1.521 -3.922
0.01471 0.00000 9.00000 2.3046107292 2.5795490732    2.294  3.427  3.5524  0.533    8  0.529  0.385    68.78    40.16    26.70    20.44    16.75  3 -2.14e-08      0.00 6.784e-01 3.068e-01 1.719e-03 2.345e-03 5.951e-03 -1.000 1.484e-02 -3.797 -2.812 -1.521 -3.922
0.01471 0.00000 9.00000 2.3046116829 2.5795491024    2.293  3.176  3.5769  0.882    8  0.529  0.385    34.60    21.38    14.63    11.10     9.08  4 -7.15e-09      0.00 6.784e-01 3.068e-01 1.719e-03 2.345e-03 5.951e-03 -1.000 1.484e-02 -3.170 -2.519 -1.558 -3.489
0.01471 0.00000 9.00000 2.3046119213 2.5795491097    2.293  3.148  3.5798  0.922    8  0.529  0.385    31.97    19.89    13.65    10.34     8.46  4 -6.29e-09      0.00 6.784e-01 3.068e-01 1.719e-03 2.345e-03 5.951e-03 -1.000 1.484e-02 -3.099 -2.481 -1.548 -3.436
0.01471 0.00000 9.00000 2.3046140671 2.5795491756    2.293  2.930  3.6019  1.228    8  0.529  0.385    17.50    11.44     8.05     6.05     4.94  4 -2.34e-09      0.00 6.784e-01 3.068e-01 1.719e-03 2.345e-03 5.951e-03 -1.000 1.484e-02 -2.555 -2.125 -1.334 -2.997
0.01471 0.00000 9.00000 2.3046171665 2.5795492707    2.293  2.890  3.6058  1.284    8  0.529  0.385    15.68    10.35     7.31     5.49     4.48  4 -1.95e-09      0.00 6.784e-01 3.068e-01 1.719e-03 2.345e-03 5.951e-03 -1.000 1.484e-02 -2.456 -2.053 -1.282 -2.913
0.01471 0.00000 9.00000 2.3046216965 2.5795494096    2.293  2.960  3.5986  1.185    8  0.529  0.385    19.06    12.37     8.68     6.53     5.33  4 -2.69e-09      0.00 6.784e-01 3.068e-01 1.719e-03 2.345e-03 5.951e-03 -1.000 1.484e-02 -2.631 -2.176 -1.368 -3.059
0.01471 0.00000 9.00000 2.3046274185 2.5795495852    2.293  3.113  3.5829  0.968    8  0.529  0.385    29.18    18.29    12.60     9.53     7.80  4  -5.4e-09      0.00 6.784e-01 3.068e-01 1.719e-03 2.345e-03 5.951e-03 -1.000 1.484e-02 -3.013 -2.424 -1.515 -3.367
0.01471 0.00000 9.00000 2.3046348095 2.5795498119    2.292  3.268  3.5670  0.750    8  0.529  0.385    44.85    27.13    18.36    13.97    11.44  3 -1.07e-08      0.00 6.784e-01 3.068e-01 1.719e-03 2.345e-03 5.951e-03 -1.000 1.484e-02 -3.400 -2.630 -1.561 -3.651
0.01471 0.00000 9.00000 2.3046433926 2.5795500753    2.292  3.378  3.5556  0.595    8  0.530  0.385    60.93    35.93    24.01    18.35    15.03  3 -1.73e-08      0.00 6.784e-01 3.068e-01 1.719e-03 2.345e-03 5.951e-03 -1.000 1.484e-02 -3.674 -2.740 -1.503 -3.829
0.01471 0.00000 9.00000 2.3046538830 2.5795503971    2.292  3.437  3.5492  0.510    8  0.530  0.385    72.05    41.91    27.81    21.31    17.46  3 -2.24e-08      0.00 6.784e-01 3.068e-01 1.719e-03 2.345e-03 5.951e-03 -1.000 1.484e-02 -3.824 -2.786 -1.437 -3.916
0.01471 0.00000 9.00000 2.3046658039 2.5795507628    2.292  3.464  3.5462  0.471    8  0.530  0.385    77.76    44.94    29.73    22.80    18.69  3  -2.5e-08      0.00 6.784e-01 3.068e-01 1.719e-03 2.345e-03 5.951e-03 -1.000 1.484e-02 -3.890 -2.796 -1.382 -3.947
0.01471 0.00000 9.00000 2.3046793938 2.5795511797    2.291  3.478  3.5445  0.450    8  0.531  0.385    81.00    46.66    30.82    23.65    19.38  3 -2.66e-08      0.00 6.784e-01 3.068e-01 1.719e-03 2.345e-03 5.951e-03 -1.000 1.484e-02 -3.924 -2.797 -1.345 -3.960
0.01471 0.00000 9.00000 2.3046796322 2.5795511870    2.291  3.315  3.5607  0.678    8  0.531  0.385    51.74    30.93    20.81    15.87    13.00  3 -1.32e-08      0.00 6.784e-01 3.068e-01 1.719e-03 2.345e-03 5.951e-03 -1.000 1.484e-02 -3.518 -2.664 -1.514 -3.721
0.01471 0.00000 9.00000 2.3046808243 2.5795512236    2.291  3.205  3.5720  0.833    8  0.531  0.385    38.08    23.35    15.91    12.08     9.89  4 -8.13e-09      0.00 6.784e-01 3.068e-01 1.719e-03 2.345e-03 5.951e-03 -1.000 1.484e-02 -3.242 -2.535 -1.527 -3.529
0.01471 0.00000 9.00000 2.3046832085 2.5795512967    2.291  2.988  3.5940  1.137    8  0.531  0.385    20.91    13.47     9.41     7.09     5.79  4 -3.07e-09      0.00 6.784e-01 3.068e-01 1.719e-03 2.345e-03 5.951e-03 -1.000 1.484e-02 -2.701 -2.210 -1.375 -3.109
0.01471 0.00000 9.00000 2.3046867847 2.5795514065    2.291  2.948  3.5981  1.194    8  0.531  0.385    18.69    12.15     8.53     6.41     5.24  4 -2.55e-09      0.00 6.784e-01 3.068e-01 1.719e-03 2.345e-03 5.951e-03 -1.000 1.484e-02 -2.600 -2.142 -1.331 -3.026
0.01471 0.00000 9.00000 2.3046920300 2.5795515674    2.290  3.017  3.5911  1.097    8  0.531  0.385    22.64    14.49    10.09     7.61     6.22  4  -3.5e-09      0.00 6.784e-01 3.068e-01 1.719e-03 2.345e-03 5.951e-03 -1.000 1.484e-02 -2.773 -2.258 -1.407 -3.168
0.01471 0.00000 9.00000 2.3046987057 2.5795517722    2.290  3.168  3.5757  0.885    8  0.531  0.385    34.39    21.27    14.55    11.04     9.03  4 -6.91e-09      0.00 6.784e-01 3.068e-01 1.719e-03 2.345e-03 5.951e-03 -1.000 1.484e-02 -3.150 -2.486 -1.513 -3.461
0.01471 0.00000 9.00000 2.3047068119 2.5795520208    2.290  3.320  3.5602  0.671    8  0.532  0.385    52.45    31.32    21.06    16.06    13.15  3 -1.35e-08      0.00 6.784e-01 3.068e-01 1.719e-03 2.345e-03 5.951e-03 -1.000 1.484e-02 -3.530 -2.669 -1.512 -3.729
0.01471 0.00000 9.00000 2.3047168255 2.5795523280    2.290  3.428  3.5492  0.519    8  0.532  0.385    70.77    41.23    27.38    20.97    17.18  3 -2.15e-08      0.00 6.784e-01 3.068e-01 1.719e-03 2.345e-03 5.951e-03 -1.000 1.484e-02 -3.800 -2.762 -1.412 -3.892
0.01471 0.00000 9.00000 2.3047287464 2.5795526937    2.290  3.486  3.5432  0.436    8  0.533  0.385    83.22    47.83    31.56    24.22    19.86  3 -2.76e-08      0.00 6.784e-01 3.068e-01 1.719e-03 2.345e-03 5.951e-03 -1.000 1.484e-02 -3.946 -2.795 -1.314 -3.966
0.01471 0.00000 9.00000 2.3047423363 2.5795531106    2.289  3.512  3.5405  0.400    8  0.533  0.385    89.38    51.07    33.59    25.81    21.16  2 -3.07e-08      0.00 6.784e-01 3.068e-01 1.719e-03 2.345e-03 5.951e-03 -1.000 1.484e-02 -4.009 -2.808 -1.266 -3.998
0.01471 0.00000 9.00000 2.3047580719 2.5795535933    2.289  3.525  3.5391  0.382    8  0.534  0.385    92.70    52.81    34.68    26.66    21.86  2 -3.25e-08      0.00 6.784e-01 3.068e-01 1.719e-03 2.345e-03 5.951e-03 -1.000 1.484e-02 -4.041 -2.812 -1.236 -4.011
0.01471 0.00000 9.00000 2.3047583103 2.5795536006    2.288  3.370  3.5547  0.598    8  0.534  0.385    60.46    35.68    23.85    18.23    14.93  3 -1.68e-08      0.00 6.784e-01 3.068e-01 1.719e-03 2.345e-03 5.951e-03 -1.000 1.484e-02 -3.655 -2.707 -1.457 -3.802
0.01471 0.00000 9.00000 2.3047597408 2.5795536445    2.288  3.260  3.5660  0.753    8  0.534  0.385    44.56    26.97    18.26    13.90    11.38  3 -1.04e-08      0.00 6.784e-01 3.068e-01 1.719e-03 2.345e-03 5.951e-03 -1.000 1.484e-02 -3.381 -2.597 -1.515 -3.624
0.01471 0.00000 9.00000 2.3047621250 2.5795537176    2.288  3.045  3.5880  1.056    8  0.534  0.385    24.52    15.59    10.82     8.17     6.68  4 -3.99e-09      0.00 6.784e-01 3.068e-01 1.719e-03 2.345e-03 5.951e-03 -1.000 1.484e-02 -2.843 -2.302 -1.429 -3.223
0.01471 0.00000 9.00000 2.3047659397 2.5795538346    2.288  3.003  3.5923  1.115    8  0.534  0.385    21.83    14.02     9.77     7.37     6.02  4  -3.3e-09      0.00 6.784e-01 3.068e-01 1.719e-03 2.345e-03 5.951e-03 -1.000 1.484e-02 -2.739 -2.234 -1.389 -3.139
0.01471 0.00000 9.00000 2.3047711849 2.5795539955    2.288  3.071  3.5854  1.020    8  0.534  0.385    26.35    16.66    11.52     8.71     7.12  4 -4.49e-09      0.00 6.784e-01 3.068e-01 1.719e-03 2.345e-03 5.951e-03 -1.000 1.484e-02 -2.908 -2.342 -1.452 -3.274
0.01471 0.00000 9.00000 2.3047780991 2.5795542076    2.288  3.218  3.5703  0.812    8  0.534  0.385    39.68    24.25    16.49    12.53    10.26  4 -8.66e-09      0.00 6.784e-01 3.068e-01 1.719e-03 2.345e-03 5.951e-03 -1.000 1.484e-02 -3.276 -2.550 -1.525 -3.552
0.01471 0.00000 9.00000 2.3047869205 2.5795544782    2.288  3.367  3.5550  0.603    8  0.535  0.385    59.92    35.39    23.67    18.09    14.81  3 -1.65e-08      0.00 6.784e-01 3.068e-01 1.719e-03 2.345e-03 5.951e-03 -1.000 1.484e-02 -3.647 -2.703 -1.458 -3.796
0.01471 0.00000 9.00000 2.3047974110 2.5795548000    2.287  3.471  3.5443  0.455    8  0.535  0.385    80.15    46.21    30.53    23.43    19.20  3 -2.59e-08      0.00 6.784e-01 3.068e-01 1.719e-03 2.345e-03 5.951e-03 -1.000 1.484e-02 -3.908 -2.777 -1.321 -3.941
0.01471 0.00000 9.00000 2.3048098087 2.5795551803    2.287  3.527  3.5386  0.377    8  0.536  0.385    93.53    53.24    34.95    26.87    22.04  2 -3.28e-08      0.00 6.784e-01 3.068e-01 1.719e-03 2.345e-03 5.951e-03 -1.000 1.484e-02 -4.046 -2.804 -1.214 -4.008
0.01471 0.00000 9.00000 2.3048241138 2.5795556191    2.287  3.550  3.5362  0.344    8  0.536  0.385    99.78    56.50    36.99    28.47    23.34  2 -3.62e-08      0.00 6.784e-01 3.068e-01 1.719e-03 2.345e-03 5.951e-03 -1.000 1.484e-02 -4.104 -2.810 -1.159 -4.030
0.01471 0.00000 9.00000 2.3048405647 2.5795561237    2.286  3.560  3.5351  0.329    8  0.537  0.385   102.75    58.04    37.96    29.22    23.96  2 -3.79e-08      0.00 6.784e-01 3.068e-01 1.719e-03 2.345e-03 5.951e-03 -1.000 1.484e-02 -4.131 -2.813 -1.135 -4.041
0.01471 0.00000 9.00000 2.3048408031 2.5795561310    2.286  3.416  3.5500  0.533    8  0.537  0.385    68.71    40.13    26.68    20.43    16.74  3 -2.05e-08      0.00 6.784e-01 3.068e-01 1.719e-03 2.345e-03 5.951e-03 -1.000 1.484e-02 -3.769 -2.745 -1.412 -3.870
0.01471 0.00000 9.00000 2.3048422337 2.5795561749    2.286  3.307  3.5613  0.687    8  0.537  0.385    50.71    30.37    20.45    15.59    12.77  3 -1.28e-08      0.00 6.784e-01 3.068e-01 1.719e-03 2.345e-03 5.951e-03 -1.000 1.484e-02 -3.497 -2.649 -1.506 -3.703
0.01471 0.00000 9.00000 2.3048448563 2.5795562553    2.285  3.094  3.5834  0.989    8  0.537  0.385    27.98    17.60    12.15     9.19     7.51  4 -4.99e-09      0.00 6.784e-01 3.068e-01 1.719e-03 2.345e-03 5.951e-03 -1.000 1.484e-02 -2.964 -2.380 -1.476 -3.320
0.01471 0.00000 9.00000 2.3048491478 2.5795563870    2.285  3.051  3.5879  1.050    8  0.538  0.385    24.83    15.78    10.94     8.26     6.75  4 -4.11e-09      0.00 6.784e-01 3.068e-01 1.719e-03 2.345e-03 5.951e-03 -1.000 1.484e-02 -2.857 -2.315 -1.442 -3.237
0.01471 0.00000 9.00000 2.3048548698 2.5795565625    2.285  3.118  3.5810  0.955    8  0.538  0.385    29.90    18.71    12.87     9.75     7.97  4 -5.55e-09      0.00 6.784e-01 3.068e-01 1.719e-03 2.345e-03 5.951e-03 -1.000 1.484e-02 -3.024 -2.417 -1.495 -3.367
0.01471 0.00000 9.00000 2.3048624992 2.5795567965    2.285  3.261  3.5660  0.751    8  0.538  0.385    44.69    27.05    18.30    13.93    11.41  3 -1.05e-08      0.00 6.784e-01 3.068e-01 1.719e-03 2.345e-03 5.951e-03 -1.000 1.484e-02 -3.383 -2.600 -1.519 -3.627
0.01471 0.00000 9.00000 2.3048717976 2.5795570817    2.285  3.406  3.5509  0.547    8  0.539  0.385    66.92    39.17    26.07    19.95    16.35  3 -1.97e-08      0.00 6.784e-01 3.068e-01 1.719e-03 2.345e-03 5.951e-03 -1.000 1.484e-02 -3.745 -2.736 -1.420 -3.855
0.01471 0.00000 9.00000 2.3048832417 2.5795574327    2.284  3.507  3.5403  0.402    8  0.539  0.385    88.94    50.84    33.45    25.70    21.07  2 -3.04e-08      0.00 6.784e-01 3.068e-01 1.719e-03 2.345e-03 5.951e-03 -1.000 1.484e-02 -3.999 -2.792 -1.245 -3.984
0.01471 0.00000 9.00000 2.3048965931 2.5795578422    2.284  3.561  3.5346  0.326    8  0.540  0.385   103.36    58.36    38.15    29.37    24.09  2 -3.81e-08      0.00 6.784e-01 3.068e-01 1.719e-03 2.345e-03 5.951e-03 -1.000 1.484e-02 -4.133 -2.805 -1.115 -4.036
0.01471 0.00000 9.00000 2.3049120903 2.5795583175    2.283  3.583  3.5323  0.294    8  0.541  0.385   109.98    61.78    40.28    31.04    25.46  2 -4.19e-08      0.00 6.784e-01 3.068e-01 1.719e-03 2.345e-03 5.951e-03 -1.000 1.484e-02 -4.188 -2.811 -1.061 -4.057
0.01471 0.00000 9.00000 2.3049299717 2.5795588660    2.283  3.593  3.5313  0.281    8  0.542  0.385   113.03    63.35    41.26    31.81    26.09  2 -4.37e-08      0.00 6.784e-01 3.068e-01 1.719e-03 2.345e-03 5.951e-03 -1.000 1.484e-02 -4.213 -2.814 -1.040 -4.067
0.01471 0.00000 9.00000 2.3049302101 2.5795588733    2.282  3.460  3.5453  0.469    8  0.542  0.385    77.89    45.02    29.78    22.84    18.72  3 -2.49e-08      0.00 6.784e-01 3.068e-01 1.719e-03 2.345e-03 5.951e-03 -1.000 1.484e-02 -3.880 -2.769 -1.335 -3.926
0.01471 0.00000 9.00000 2.3049316406 2.5795589171    2.282  3.353  3.5567  0.622    8  0.542  0.385    57.60    34.14    22.86    17.46    14.30  3 -1.57e-08      0.00 6.784e-01 3.068e-01 1.719e-03 2.345e-03 5.951e-03 -1.000 1.484e-02 -3.611 -2.694 -1.477 -3.777
0.01471 0.00000 9.00000 2.3049345016 2.5795590049    2.282  3.142  3.5790  0.922    8  0.542  0.385    31.90    19.86    13.63    10.33     8.45  4 -6.23e-09      0.00 6.784e-01 3.068e-01 1.719e-03 2.345e-03 5.951e-03 -1.000 1.484e-02 -3.085 -2.458 -1.518 -3.417
0.01471 0.00000 9.00000 2.3049387932 2.5795591365    2.282  3.099  3.5836  0.984    8  0.542  0.385    28.23    17.75    12.24     9.26     7.57  4 -5.13e-09      0.00 6.784e-01 3.068e-01 1.719e-03 2.345e-03 5.951e-03 -1.000 1.484e-02 -2.976 -2.395 -1.491 -3.334
0.01471 0.00000 9.00000 2.3049449921 2.5795593266    2.281  3.164  3.5767  0.891    8  0.542  0.385    33.92    21.01    14.38    10.91     8.92  4 -6.87e-09      0.00 6.784e-01 3.068e-01 1.719e-03 2.345e-03 5.951e-03 -1.000 1.484e-02 -3.140 -2.487 -1.524 -3.457
0.01471 0.00000 9.00000 2.3049528599 2.5795595679    2.281  3.304  3.5618  0.691    8  0.543  0.385    50.30    30.15    20.30    15.48    12.67  3 -1.27e-08      0.00 6.784e-01 3.068e-01 1.719e-03 2.345e-03 5.951e-03 -1.000 1.484e-02 -3.490 -2.650 -1.514 -3.701
0.01471 0.00000 9.00000 2.3049626350 2.5795598677    2.281  3.445  3.5468  0.491    8  0.543  0.385    74.69    43.32    28.70    22.00    18.03  3 -2.33e-08      0.00 6.784e-01 3.068e-01 1.719e-03 2.345e-03 5.951e-03 -1.000 1.484e-02 -3.842 -2.759 -1.359 -3.905
0.01471 0.00000 9.00000 2.3049745560 2.5795602333    2.280  3.544  3.5362  0.349    8  0.544  0.385    98.69    55.94    36.64    28.19    23.12  2 -3.55e-08      0.00 6.784e-01 3.068e-01 1.719e-03 2.345e-03 5.951e-03 -1.000 1.484e-02 -4.089 -2.795 -1.146 -4.015
0.01471 0.00000 9.00000 2.3049886227 2.5795606647    2.280  3.596  3.5306  0.274    8  0.545  0.385   114.41    64.06    41.70    32.15    26.38  2 -4.43e-08      0.00 6.784e-01 3.068e-01 1.719e-03 2.345e-03 5.951e-03 -1.000 1.484e-02 -4.220 -2.803 -1.009 -4.062
0.01471 0.00000 9.00000 2.3050050735 2.5795611693    2.279  3.618  3.5282  0.243    8  0.546  0.385   121.76    67.82    44.04    33.98    27.88  2 -4.87e-08      0.00 6.784e-01 3.068e-01 1.719e-03 2.345e-03 5.951e-03 -1.000 1.484e-02 -4.274 -2.798 -0.936 -4.072
0.01471 0.00000 9.00000 2.3050236702 2.5795617396    2.278  3.628  3.5270  0.228    8  0.547  0.385   125.34    69.65    45.17    34.87    28.61  2 -5.08e-08      0.00 6.784e-01 3.068e-01 1.719e-03 2.345e-03 5.951e-03 -1.000 1.484e-02 -4.300 -2.794 -0.901 -4.075
0.01471 0.00000 9.00000 2.3050239086 2.5795617469    2.278  3.508  3.5399  0.399    8  0.547  0.385    89.39    51.08    33.59    25.82    21.17  2 -3.06e-08      0.00 6.784e-01 3.068e-01 1.719e-03 2.345e-03 5.951e-03 -1.000 1.484e-02 -3.999 -2.786 -1.230 -3.980
0.01471 0.00000 9.00000 2.3050253391 2.5795617908    2.278  3.402  3.5514  0.551    8  0.547  0.385    66.24    38.81    25.84    19.78    16.20  3 -1.95e-08      0.00 6.784e-01 3.068e-01 1.719e-03 2.345e-03 5.951e-03 -1.000 1.484e-02 -3.734 -2.733 -1.424 -3.849
0.01471 0.00000 9.00000 2.3050282001 2.5795618785    2.278  3.194  3.5739  0.849    8  0.547  0.385    36.84    22.66    15.46    11.74     9.60  4 -7.89e-09      0.00 6.784e-01 3.068e-01 1.719e-03 2.345e-03 5.951e-03 -1.000 1.484e-02 -3.215 -2.529 -1.539 -3.514
0.01471 0.00000 9.00000 2.3050322533 2.5795620028    2.277  3.149  3.5787  0.913    8  0.547  0.385    32.45    20.17    13.83    10.49     8.58  4 -6.47e-09      0.00 6.784e-01 3.068e-01 1.719e-03 2.345e-03 5.951e-03 -1.000 1.484e-02 -3.103 -2.472 -1.529 -3.433
0.01471 0.00000 9.00000 2.3050382137 2.5795621856    2.277  3.213  3.5718  0.822    8  0.548  0.385    38.87    23.80    16.20    12.31    10.07  4 -8.59e-09      0.00 6.784e-01 3.068e-01 1.719e-03 2.345e-03 5.951e-03 -1.000 1.484e-02 -3.262 -2.554 -1.543 -3.549
0.01471 0.00000 9.00000 2.3050458431 2.5795624196    2.277  3.349  3.5571  0.627    8  0.548  0.385    57.04    33.84    22.67    17.32    14.18  3 -1.55e-08      0.00 6.784e-01 3.068e-01 1.719e-03 2.345e-03 5.951e-03 -1.000 1.484e-02 -3.601 -2.691 -1.480 -3.771
0.01471 0.00000 9.00000 2.3050553799 2.5795627120    2.276  3.484  3.5423  0.432    8  0.549  0.385    83.77    48.13    31.74    24.37    19.98  3 -2.78e-08      0.00 6.784e-01 3.068e-01 1.719e-03 2.345e-03 5.951e-03 -1.000 1.484e-02 -3.941 -2.773 -1.272 -3.950
0.01471 0.00000 9.00000 2.3050670624 2.5795630703    2.276  3.579  3.5319  0.295    8  0.550  0.385   109.74    61.65    40.20    30.98    25.41  2 -4.16e-08      0.00 6.784e-01 3.068e-01 1.719e-03 2.345e-03 5.951e-03 -1.000 1.484e-02 -4.179 -2.791 -1.030 -4.040
0.01471 0.00000 9.00000 2.3050806522 2.5795634870    2.275  3.630  3.5263  0.223    8  0.550  0.385   126.58    70.28    45.56    35.18    28.86  2 -5.13e-08      0.00 6.784e-01 3.068e-01 1.719e-03 2.345e-03 5.951e-03 -1.000 1.484e-02 -4.304 -2.779 -0.865 -4.065
0.01471 0.00000 9.00000 2.3050963879 2.5795639696    2.274  3.650  3.5240  0.192    8  0.551  0.385   134.36    74.23    48.00    37.09    30.44  2  -5.6e-08      0.00 6.784e-01 3.068e-01 1.719e-03 2.345e-03 5.951e-03 -1.000 1.484e-02 -4.356 -2.769 -0.787 -4.070
0.01471 0.00000 9.00000 2.3051145077 2.5795645252    2.273  3.660  3.5229  0.178    8  0.553  0.385   138.09    76.12    49.17    38.01    31.19  2 -5.84e-08      0.00 6.784e-01 3.068e-01 1.719e-03 2.345e-03 5.951e-03 -1.000 1.484e-02 -4.379 -2.764 -0.750 -4.072
0.01471 0.00000 9.00000 2.3051149845 2.5795645398    2.273  3.554  3.5344  0.330    8  0.553  0.385   102.47    57.90    37.86    29.15    23.91  2 -3.75e-08      0.00 6.784e-01 3.068e-01 1.719e-03 2.345e-03 5.951e-03 -1.000 1.484e-02 -4.116 -2.784 -1.088 -4.015
0.01471 0.00000 9.00000 2.3051164150 2.5795645837    2.273  3.448  3.5461  0.483    8  0.553  0.385    75.78    43.91    29.07    22.29    18.27  3  -2.4e-08      0.00 6.784e-01 3.068e-01 1.719e-03 2.345e-03 5.951e-03 -1.000 1.484e-02 -3.851 -2.755 -1.341 -3.907
0.01471 0.00000 9.00000 2.3051190376 2.5795646641    2.272  3.244  3.5688  0.778    8  0.553  0.385    42.37    25.77    17.47    13.29    10.88  3 -9.91e-09      0.00 6.784e-01 3.068e-01 1.719e-03 2.345e-03 5.951e-03 -1.000 1.484e-02 -3.340 -2.594 -1.549 -3.605
0.01471 0.00000 9.00000 2.3051235676 2.5795648030    2.272  3.198  3.5738  0.844    8  0.553  0.385    37.19    22.86    15.59    11.84     9.69  4  -8.1e-09      0.00 6.784e-01 3.068e-01 1.719e-03 2.345e-03 5.951e-03 -1.000 1.484e-02 -3.225 -2.540 -1.549 -3.525
0.01471 0.00000 9.00000 2.3051297665 2.5795649931    2.272  3.261  3.5669  0.753    8  0.554  0.385    44.47    26.94    18.23    13.88    11.36  3 -1.07e-08      0.00 6.784e-01 3.068e-01 1.719e-03 2.345e-03 5.951e-03 -1.000 1.484e-02 -3.383 -2.612 -1.542 -3.633
0.01471 0.00000 9.00000 2.3051376343 2.5795652344    2.271  3.393  3.5523  0.563    8  0.554  0.385    64.71    37.99    25.32    19.37    15.87  3 -1.89e-08      0.00 6.784e-01 3.068e-01 1.719e-03 2.345e-03 5.951e-03 -1.000 1.484e-02 -3.712 -2.725 -1.433 -3.836
0.01471 0.00000 9.00000 2.3051476479 2.5795655414    2.271  3.524  3.5377  0.373    8  0.555  0.385    94.14    53.57    35.15    27.04    22.17  2 -3.32e-08      0.00 6.784e-01 3.068e-01 1.719e-03 2.345e-03 5.951e-03 -1.000 1.484e-02 -4.041 -2.780 -1.168 -3.989
0.01471 0.00000 9.00000 2.3051598072 2.5795659143    2.270  3.617  3.5274  0.239    8  0.556  0.385   122.56    68.23    44.29    34.18    28.04  2 -4.89e-08      0.00 6.784e-01 3.068e-01 1.719e-03 2.345e-03 5.951e-03 -1.000 1.484e-02 -4.272 -2.775 -0.891 -4.054
0.01471 0.00000 9.00000 2.3051741123 2.5795663529    2.269  3.666  3.5218  0.167    8  0.557  0.385   141.07    77.62    50.09    38.74    31.79  2 -6.01e-08      0.00 6.784e-01 3.068e-01 1.719e-03 2.345e-03 5.951e-03 -1.000 1.484e-02 -4.395 -2.752 -0.707 -4.066
0.01471 0.00000 9.00000 2.3051908016 2.5795668646    2.268  3.687  3.5194  0.136    8  0.558  0.385   149.91    82.07    52.83    40.89    33.56  2 -6.69e-08      0.00 6.784e-01 3.068e-01 1.719e-03 2.345e-03 5.951e-03 -1.000 1.484e-02 -4.448 -2.737 -0.620 -4.067
0.01471 0.00000 9.00000 2.3052096367 2.5795674421    2.267  3.698  3.5182  0.121    8  0.559  0.385   154.56    84.40    54.26    42.01    34.48  2 -7.47e-08      0.00 6.784e-01 3.068e-01 1.719e-03 2.345e-03 5.951e-03 -1.000 1.484e-02 -4.474 -2.724 -0.567 -4.061
0.01471 0.00000 9.00000 2.3052098751 2.5795674495    2.267  3.609  3.5281  0.248    8  0.559  0.385   120.23    67.04    43.55    33.61    27.57  2 -4.77e-08      0.00 6.784e-01 3.068e-01 1.719e-03 2.345e-03 5.951e-03 -1.000 1.484e-02 -4.254 -2.775 -0.912 -4.049
0.01471 0.00000 9.00000 2.3052113056 2.5795674933    2.267  3.502  3.5402  0.405    8  0.559  0.385    88.32    50.53    33.24    25.55    20.94  2 -3.03e-08      0.00 6.784e-01 3.068e-01 1.719e-03 2.345e-03 5.951e-03 -1.000 1.484e-02 -3.984 -2.777 -1.230 -3.969
0.01471 0.00000 9.00000 2.3052141666 2.5795675810    2.266  3.300  3.5630  0.697    8  0.559  0.385    49.62    29.79    20.07    15.30    12.53  3 -1.28e-08      0.00 6.784e-01 3.068e-01 1.719e-03 2.345e-03 5.951e-03 -1.000 1.484e-02 -3.481 -2.657 -1.535 -3.701
0.01471 0.00000 9.00000 2.3052184582 2.5795677126    2.266  3.253  3.5684  0.766    8  0.560  0.385    43.28    26.28    17.80    13.55    11.09  3 -1.04e-08      0.00 6.784e-01 3.068e-01 1.719e-03 2.345e-03 5.951e-03 -1.000 1.484e-02 -3.361 -2.611 -1.560 -3.624
0.01471 0.00000 9.00000 2.3052244186 2.5795678954    2.266  3.313  3.5615  0.678    8  0.560  0.385    51.49    30.81    20.73    15.81    12.95  3 -1.35e-08      0.00 6.784e-01 3.068e-01 1.719e-03 2.345e-03 5.951e-03 -1.000 1.484e-02 -3.513 -2.670 -1.530 -3.722
0.01471 0.00000 9.00000 2.3052320480 2.5795681293    2.265  3.439  3.5473  0.495    8  0.561  0.385    73.88    42.90    28.43    21.80    17.86  3 -2.33e-08      0.00 6.784e-01 3.068e-01 1.719e-03 2.345e-03 5.951e-03 -1.000 1.484e-02 -3.828 -2.754 -1.364 -3.897
0.01471 0.00000 9.00000 2.3052418232 2.5795684290    2.264  3.564  3.5331  0.313    8  0.561  0.385   105.79    59.62    38.93    29.99    24.60  2 -3.96e-08      0.00 6.784e-01 3.068e-01 1.719e-03 2.345e-03 5.951e-03 -1.000 1.484e-02 -4.141 -2.779 -1.050 -4.020
0.01471 0.00000 9.00000 2.3052535057 2.5795687872    2.263  3.651  3.5231  0.186    8  0.562  0.385   135.88    75.00    48.47    37.47    30.75  2  -5.7e-08      0.00 6.784e-01 3.068e-01 1.719e-03 2.345e-03 5.951e-03 -1.000 1.484e-02 -4.358 -2.749 -0.743 -4.055
0.01471 0.00000 9.00000 2.3052670956 2.5795692039    2.262  3.696  3.5179  0.120    8  0.563  0.385   154.78    84.51    54.32    42.07    34.53  2 -7.45e-08      0.00 6.784e-01 3.068e-01 1.719e-03 2.345e-03 5.951e-03 -1.000 1.484e-02 -4.471 -2.712 -0.545 -4.050
0.01471 0.00000 9.00000 2.3052830696 2.5795696936    2.261  3.715  3.5158  0.093    8  0.564  0.385   163.16    88.69    56.89    44.09    36.19  2    -9e-08      0.00 6.784e-01 3.068e-01 1.719e-03 2.345e-03 5.951e-03 -1.000 1.484e-02 -4.517 -2.688 -0.453 -4.040
0.01471 0.00000 9.00000 2.3053014278 2.5795702565    2.260  3.722  3.5150  0.082    8  0.566  0.385   166.89    90.54    58.02    44.98    36.92  2 -9.77e-08      0.00 6.784e-01 3.068e-01 1.719e-03 2.345e-03 5.951e-03 -1.000 1.484e-02 -4.536 -2.680 -0.416 -4.036
0.01471 0.00000 9.00000 2.3053016663 2.5795702638    2.259  3.651  3.5231  0.185    8  0.566  0.385   136.09    75.10    48.53    37.52    30.79  2 -5.74e-08      0.00 6.784e-01 3.068e-01 1.719e-03 2.345e-03 5.951e-03 -1.000 1.484e-02 -4.358 -2.749 -0.742 -4.055
0.01471 0.00000 9.00000 2.3053030968 2.5795703077    2.259  3.542  3.5357  0.344    8  0.566  0.385    99.38    56.30    36.86    28.38    23.27  2 -3.64e-08      0.00 6.784e-01 3.068e-01 1.719e-03 2.345e-03 5.951e-03 -1.000 1.484e-02 -4.086 -2.781 -1.119 -4.005
0.01471 0.00000 9.00000 2.3053054810 2.5795703808    2.259  3.345  3.5586  0.633    8  0.566  0.385    56.17    33.38    22.37    17.09    14.00  3 -1.57e-08      0.00 6.784e-01 3.068e-01 1.719e-03 2.345e-03 5.951e-03 -1.000 1.484e-02 -3.592 -2.704 -1.519 -3.775
0.01471 0.00000 9.00000 2.3053092957 2.5795704977    2.258  3.296  3.5642  0.705    8  0.566  0.385    48.78    29.33    19.77    15.08    12.34  3 -1.27e-08      0.00 6.784e-01 3.068e-01 1.719e-03 2.345e-03 5.951e-03 -1.000 1.484e-02 -3.469 -2.662 -1.557 -3.699
0.01471 0.00000 9.00000 2.3053145409 2.5795706585    2.258  3.355  3.5574  0.618    8  0.567  0.385    57.93    34.33    22.98    17.56    14.38  3 -1.64e-08      0.00 6.784e-01 3.068e-01 1.719e-03 2.345e-03 5.951e-03 -1.000 1.484e-02 -3.618 -2.712 -1.506 -3.790
0.01471 0.00000 9.00000 2.3053216934 2.5795708778    2.257  3.477  3.5432  0.439    8  0.567  0.385    82.35    47.39    31.27    24.01    19.68  3 -2.77e-08      0.00 6.784e-01 3.068e-01 1.719e-03 2.345e-03 5.951e-03 -1.000 1.484e-02 -3.922 -2.772 -1.292 -3.944
0.01471 0.00000 9.00000 2.3053302765 2.5795711409    2.256  3.597  3.5292  0.263    8  0.568  0.385   116.71    65.24    42.43    32.73    26.85  2  -4.6e-08      0.00 6.784e-01 3.068e-01 1.719e-03 2.345e-03 5.951e-03 -1.000 1.484e-02 -4.224 -2.774 -0.944 -4.042
0.01471 0.00000 9.00000 2.3053407669 2.5795714626    2.255  3.681  3.5194  0.139    8  0.569  0.385   148.89    81.55    52.50    40.64    33.36  2 -6.53e-08      0.00 6.784e-01 3.068e-01 1.719e-03 2.345e-03 5.951e-03 -1.000 1.484e-02 -4.434 -2.721 -0.601 -4.051
0.01471 0.00000 9.00000 2.3053534031 2.5795718500    2.254  3.725  3.5142  0.074    8  0.570  0.385   169.25    91.71    58.73    45.54    37.39  2 -1.02e-07      0.00 6.784e-01 3.068e-01 1.719e-03 2.345e-03 5.951e-03 -1.000 1.484e-02 -4.544 -2.660 -0.370 -4.022
0.01471 0.00000 9.00000 2.3053677082 2.5795722885    2.252  3.744  3.5120  0.047    8  0.571  0.385   178.67    96.38    61.58    47.79    39.24  2 -1.24e-07      0.00 6.784e-01 3.068e-01 1.719e-03 2.345e-03 5.951e-03 -1.000 1.484e-02 -4.590 -2.634 -0.272 -4.009
0.01471 0.00000 9.00000 2.3053841591 2.5795727928    2.250  3.753  3.5109  0.033    8  0.572  0.385   183.37    98.69    62.99    48.90    40.15  2 -1.36e-07      0.00 6.784e-01 3.068e-01 1.719e-03 2.345e-03 5.951e-03 -1.000 1.484e-02 -4.612 -2.622 -0.225 -4.002
0.01471 0.00000 9.00000 2.3053843975 2.5795728001    2.250  3.697  3.5174  0.115    8  0.572  0.385   156.16    85.19    54.74    42.40    34.80  2 -7.65e-08      0.00 6.784e-01 3.068e-01 1.719e-03 2.345e-03 5.951e-03 -1.000 1.484e-02 -4.473 -2.696 -0.512 -4.038
0.01471 0.00000 9.00000 2.3053855896 2.5795728367    2.250  3.587  3.5304  0.277    8  0.572  0.385   113.37    63.53    41.36    31.90    26.17  2 -4.44e-08      0.00 6.784e-01 3.068e-01 1.719e-03 2.345e-03 5.951e-03 -1.000 1.484e-02 -4.197 -2.778 -0.981 -4.037
0.01471 0.00000 9.00000 2.3053879738 2.5795729098    2.249  3.392  3.5534  0.564    8  0.573  0.385    64.38    37.83    25.21    19.30    15.81  3 -1.95e-08      0.00 6.784e-01 3.068e-01 1.719e-03 2.345e-03 5.951e-03 -1.000 1.484e-02 -3.710 -2.742 -1.468 -3.845
0.01471 0.00000 9.00000 2.3053915501 2.5795730194    2.249  3.341  3.5594  0.638    8  0.573  0.385    55.57    33.06    22.16    16.93    13.86  3 -1.57e-08      0.00 6.784e-01 3.068e-01 1.719e-03 2.345e-03 5.951e-03 -1.000 1.484e-02 -3.584 -2.711 -1.540 -3.776
0.01471 0.00000 9.00000 2.3053967953 2.5795731802    2.248  3.399  3.5526  0.553    8  0.573  0.385    65.70    38.54    25.66    19.65    16.09  3 -2.01e-08      0.00 6.784e-01 3.068e-01 1.719e-03 2.345e-03 5.951e-03 -1.000 1.484e-02 -3.728 -2.746 -1.459 -3.855
0.01471 0.00000 9.00000 2.3054034710 2.5795733849    2.247  3.516  3.5388  0.381    8  0.574  0.385    92.25    52.59    34.53    26.56    21.78  2  -3.3e-08      0.00 6.784e-01 3.068e-01 1.719e-03 2.345e-03 5.951e-03 -1.000 1.484e-02 -4.019 -2.782 -1.198 -3.984
0.01471 0.00000 9.00000 2.3054115772 2.5795736334    2.246  3.630  3.5252  0.212    8  0.575  0.385   128.86    71.44    46.26    35.75    29.33  2 -5.34e-08      0.00 6.784e-01 3.068e-01 1.719e-03 2.345e-03 5.951e-03 -1.000 1.484e-02 -4.306 -2.751 -0.804 -4.044
0.01471 0.00000 9.00000 2.3054215908 2.5795739403    2.245  3.709  3.5157  0.095    8  0.576  0.385   162.37    88.29    56.63    43.90    36.03  2 -8.75e-08      0.00 6.784e-01 3.068e-01 1.719e-03 2.345e-03 5.951e-03 -1.000 1.484e-02 -4.503 -2.671 -0.431 -4.023
0.01471 0.00000 9.00000 2.3054335117 2.5795743058    2.243  3.750  3.5108  0.034    8  0.577  0.385   182.91    98.46    62.85    48.80    40.06  2 -1.33e-07      0.00 6.784e-01 3.068e-01 1.719e-03 2.345e-03 5.951e-03 -1.000 1.484e-02 -4.605 -2.611 -0.211 -3.992
0.01471 0.00000 9.00000 2.3054471016 2.5795747224    2.241  3.766  3.5088  0.010    8  0.578  0.385   191.81   102.84    65.51    50.90    41.79  2 -1.58e-07      0.00 6.784e-01 3.068e-01 1.719e-03 2.345e-03 5.951e-03 -1.000 1.484e-02 -4.645 -2.588 -0.131 -3.980
0.01471 0.00000 9.00000 2.3054628372 2.5795752047    2.239  3.772  3.5080 -0.000    8  0.579  0.385   195.68   104.73    66.66    51.81    42.54  2 -1.69e-07      0.00 6.784e-01 3.068e-01 1.719e-03 2.345e-03 5.951e-03 -1.000 1.484e-02 -4.661 -2.579 -0.099 -3.975
0.01471 0.00000 9.00000 2.3054630756 2.5795752120    2.238  3.732  3.5128  0.059    8  0.579  0.385   173.89    94.00    60.12    46.65    38.30  2 -1.11e-07      0.00 6.784e-01 3.068e-01 1.719e-03 2.345e-03 5.951e-03 -1.000 1.484e-02 -4.560 -2.633 -0.299 -4.002
0.01471 0.00000 9.00000 2.3054642677 2.5795752486    2.238  3.621  3.5262  0.224    8  0.579  0.385   125.68    69.82    45.26    34.96    28.68  2 -5.19e-08      0.00 6.784e-01 3.068e-01 1.719e-03 2.345e-03 5.951e-03 -1.000 1.484e-02 -4.282 -2.754 -0.838 -4.041
0.01471 0.00000 9.00000 2.3054666519 2.5795753217    2.238  3.430  3.5492  0.507    8  0.579  0.385    71.84    41.84    27.75    21.28    17.43  3 -2.33e-08      0.00 6.784e-01 3.068e-01 1.719e-03 2.345e-03 5.951e-03 -1.000 1.484e-02 -3.804 -2.766 -1.418 -3.897
0.01471 0.00000 9.00000 2.3054702282 2.5795754313    2.237  3.378  3.5555  0.584    8  0.580  0.385    61.75    36.42    24.31    18.60    15.23  3 -1.87e-08      0.00 6.784e-01 3.068e-01 1.719e-03 2.345e-03 5.951e-03 -1.000 1.484e-02 -3.674 -2.738 -1.500 -3.829
0.01471 0.00000 9.00000 2.3054752350 2.5795755848    2.236  3.434  3.5486  0.500    8  0.580  0.385    72.90    42.40    28.11    21.55    17.66  3 -2.38e-08      0.00 6.784e-01 3.068e-01 1.719e-03 2.345e-03 5.951e-03 -1.000 1.484e-02 -3.816 -2.767 -1.406 -3.902
0.01471 0.00000 9.00000 2.3054816723 2.5795757821    2.235  3.547  3.5350  0.332    8  0.581  0.385   101.47    57.40    37.53    28.91    23.71  2 -3.84e-08      0.00 6.784e-01 3.068e-01 1.719e-03 2.345e-03 5.951e-03 -1.000 1.484e-02 -4.098 -2.778 -1.098 -4.006
0.01471 0.00000 9.00000 2.3054900169 2.5795760379    2.233  3.658  3.5216  0.168    8  0.582  0.385   140.32    77.24    49.84    38.56    31.64  2 -6.08e-08      0.00 6.784e-01 3.068e-01 1.719e-03 2.345e-03 5.951e-03 -1.000 1.484e-02 -4.374 -2.724 -0.673 -4.040
0.01471 0.00000 9.00000 2.3054997921 2.5795763375    2.232  3.734  3.5123  0.054    8  0.582  0.385   175.60    94.84    60.63    47.06    38.63  2 -1.15e-07      0.00 6.784e-01 3.068e-01 1.719e-03 2.345e-03 5.951e-03 -1.000 1.484e-02 -4.564 -2.620 -0.269 -3.992
0.01471 0.00000 9.00000 2.3055114746 2.5795766956    2.230  3.773  3.5074 -0.005    8  0.583  0.385   197.31   105.52    67.13    52.19    42.85  2 -1.73e-07      0.00 6.784e-01 3.068e-01 1.719e-03 2.345e-03 5.951e-03 -1.000 1.484e-02 -4.662 -2.561 -0.066 -3.960
0.01471 0.00000 9.00000 2.3055248260 2.5795771049    2.227  3.789  3.5054 -0.030    8  0.585  0.385   207.11   110.30    70.04    54.48    44.74  2 -2.05e-07      0.00 6.784e-01 3.068e-01 1.719e-03 2.345e-03 5.951e-03 -1.000 1.484e-02 -4.703 -2.535 0.019 -3.944
0.01471 0.00000 9.00000 2.3055403233 2.5795775799    2.225  3.796  3.5044 -0.041    8  0.586  0.385   211.85   112.61    71.43    55.59    45.65  2 -2.22e-07      0.00 6.784e-01 3.068e-01 1.719e-03 2.345e-03 5.951e-03 -1.000 1.484e-02 -4.721 -2.520 0.062 -3.935
0.01471 0.00000 9.00000 2.3055405617 2.5795775872    2.224  3.770  3.5076 -0.003    8  0.586  0.385   196.30   105.02    66.82    51.95    42.65  2 -1.69e-07      0.00 6.784e-01 3.068e-01 1.719e-03 2.345e-03 5.951e-03 -1.000 1.484e-02 -4.655 -2.558 -0.067 -3.957
0.01471 0.00000 9.00000 2.3055415154 2.5795776164    2.224  3.658  3.5213  0.164    8  0.586  0.385   141.23    77.69    50.11    38.78    31.82  2 -6.18e-08      0.00 6.784e-01 3.068e-01 1.719e-03 2.345e-03 5.951e-03 -1.000 1.484e-02 -4.376 -2.718 -0.657 -4.035
0.01471 0.00000 9.00000 2.3055436611 2.5795776822    2.223  3.470  3.5443  0.444    8  0.586  0.385    81.22    46.82    30.89    23.73    19.45  3 -2.82e-08      0.00 6.784e-01 3.068e-01 1.719e-03 2.345e-03 5.951e-03 -1.000 1.484e-02 -3.906 -2.776 -1.320 -3.940
0.01471 0.00000 9.00000 2.3055467606 2.5795777772    2.223  3.417  3.5509  0.524    8  0.587  0.385    69.41    40.55    26.93    20.64    16.91  3 -2.25e-08      0.00 6.784e-01 3.068e-01 1.719e-03 2.345e-03 5.951e-03 -1.000 1.484e-02 -3.772 -2.763 -1.446 -3.883
0.01471 0.00000 9.00000 2.3055512905 2.5795779160    2.222  3.472  3.5441  0.441    8  0.587  0.385    81.68    47.06    31.05    23.85    19.55  3 -2.85e-08      0.00 6.784e-01 3.068e-01 1.719e-03 2.345e-03 5.951e-03 -1.000 1.484e-02 -3.910 -2.776 -1.315 -3.942
0.01471 0.00000 9.00000 2.3055572510 2.5795780987    2.220  3.580  3.5307  0.279    8  0.588  0.385   112.49    63.08    41.07    31.69    25.99  2  -4.5e-08      0.00 6.784e-01 3.068e-01 1.719e-03 2.345e-03 5.951e-03 -1.000 1.484e-02 -4.181 -2.769 -0.979 -4.026
0.01471 0.00000 9.00000 2.3055644035 2.5795783180    2.219  3.686  3.5177  0.121    8  0.588  0.385   153.63    83.91    53.93    41.79    34.30  2 -7.14e-08      0.00 6.784e-01 3.068e-01 1.719e-03 2.345e-03 5.951e-03 -1.000 1.484e-02 -4.444 -2.677 -0.503 -4.017
0.01471 0.00000 9.00000 2.3055732250 2.5795785884    2.217  3.758  3.5087  0.012    8  0.589  0.385   190.35   102.09    65.04    50.55    41.50  2 -1.51e-07      0.00 6.784e-01 3.068e-01 1.719e-03 2.345e-03 5.951e-03 -1.000 1.484e-02 -4.625 -2.564 -0.104 -3.957
0.01471 0.00000 9.00000 2.3055834770 2.5795789026    2.214  3.795  3.5040 -0.044    8  0.590  0.385   212.57   112.94    71.62    55.75    45.78  2 -2.22e-07      0.00 6.784e-01 3.068e-01 1.719e-03 2.345e-03 5.951e-03 -1.000 1.484e-02 -4.717 -2.504 0.089 -3.920
0.01471 0.00000 9.00000 2.3055956364 2.5795792753    2.212  3.810  3.5021 -0.067    8  0.591  0.385   222.35   117.68    74.49    58.02    47.65  2  -2.6e-07      0.00 6.784e-01 3.068e-01 1.719e-03 2.345e-03 5.951e-03 -1.000 1.484e-02 -4.754 -2.475 0.174 -3.901
0.01471 0.00000 9.00000 2.3056092262 2.5795796918    2.208  3.816  3.5012 -0.077    8  0.593  0.385   226.88   119.87    75.81    59.06    48.51  2 -2.79e-07      0.00 6.784e-01 3.068e-01 1.719e-03 2.345e-03 5.951e-03 -1.000 1.484e-02 -4.770 -2.460 0.216 -3.891
0.01471 0.00000 9.00000 2.3056094646 2.5795796991    2.208  3.803  3.5028 -0.057    8  0.593  0.385   218.30   115.71    73.30    57.08    46.87  2 -2.43e-07      0.00 6.784e-01 3.068e-01 1.719e-03 2.345e-03 5.951e-03 -1.000 1.484e-02 -4.737 -2.482 0.146 -3.905
0.01471 0.00000 9.00000 2.3056104183 2.5795797283    2.208  3.690  3.5168  0.111    8  0.593  0.385   156.49    85.33    54.80    42.48    34.86  2  -7.6e-08      0.00 6.784e-01 3.068e-01 1.720e-03 2.345e-03 5.951e-03 -1.000 1.484e-02 -4.456 -2.660 -0.459 -4.005
0.01471 0.00000 9.00000 2.3056125641 2.5795797941    2.207  3.505  3.5399  0.388    8  0.593  0.385    90.52    51.71    33.97    26.14    21.42  2 -3.35e-08      0.00 6.784e-01 3.068e-01 1.720e-03 2.345e-03 5.951e-03 -1.000 1.484e-02 -3.994 -2.781 -1.225 -3.975
0.01471 0.00000 9.00000 2.3056156635 2.5795798891    2.206  3.451  3.5468  0.470    8  0.593  0.386    77.01    44.60    29.49    22.64    18.55  3 -2.66e-08      0.00 6.784e-01 3.068e-01 1.722e-03 2.345e-03 5.951e-03 -1.000 1.484e-02 -3.857 -2.773 -1.370 -3.921
0.01471 0.00000 9.00000 2.3056201935 2.5795800279    2.205  3.505  3.5400  0.388    8  0.594  0.386    90.47    51.68    33.95    26.12    21.41  2 -3.35e-08      0.00 6.784e-01 3.068e-01 1.723e-03 2.345e-03 5.951e-03 -1.000 1.484e-02 -3.993 -2.781 -1.225 -3.975
0.01471 0.00000 9.00000 2.3056259155 2.5795802033    2.203  3.610  3.5268  0.230    8  0.594  0.386   123.56    68.74    44.57    34.45    28.25  2  -5.2e-08      0.00 6.783e-01 3.068e-01 1.725e-03 2.345e-03 5.951e-03 -1.000 1.484e-02 -4.255 -2.742 -0.842 -4.025
0.01471 0.00000 9.00000 2.3056330681 2.5795804225    2.201  3.711  3.5140  0.078    8  0.595  0.387   167.06    90.58    58.01    45.01    36.95  2 -9.53e-08      0.00 6.783e-01 3.068e-01 1.726e-03 2.345e-03 5.951e-03 -1.000 1.484e-02 -4.508 -2.620 -0.326 -3.982
0.01471 0.00000 9.00000 2.3056416512 2.5795806856    2.199  3.780  3.5052 -0.027    8  0.596  0.387   205.44   109.44    69.49    54.08    44.40  2 -1.96e-07      0.00 6.783e-01 3.068e-01 1.727e-03 2.345e-03 5.951e-03 -1.000 1.484e-02 -4.681 -2.509 0.048 -3.918
0.01471 0.00000 9.00000 2.3056519032 2.5795809998    2.196  3.816  3.5007 -0.081    8  0.597  0.387   228.54   120.64    76.27    59.44    48.82  2 -2.84e-07      0.00 6.783e-01 3.068e-01 1.727e-03 2.345e-03 5.951e-03 -1.000 1.484e-02 -4.769 -2.442 0.249 -3.875
0.01471 0.00000 9.00000 2.3056635857 2.5795813578    2.192  3.830  3.4988 -0.104    8  0.598  0.386   238.86   125.60    79.26    61.81    50.77  2 -3.31e-07      0.00 6.783e-01 3.068e-01 1.724e-03 2.345e-03 5.951e-03 -1.000 1.484e-02 -4.804 -2.416 0.322 -3.858
0.01471 0.00000 9.00000 2.3056771755 2.5795817743    2.188  3.836  3.4979 -0.114    8  0.599  0.385   243.85   127.99    80.69    62.95    51.71  2 -3.55e-07      0.00 6.784e-01 3.068e-01 1.719e-03 2.345e-03 5.951e-03 -1.000 1.484e-02 -4.820 -2.404 0.353 -3.850
0.01471 0.00000 9.00000 2.3056774139 2.5795817816    2.188  3.835  3.4979 -0.114    8  0.599  0.393   243.54   127.84    80.60    62.88    51.65  2 -3.53e-07      0.00 6.783e-01 3.069e-01 1.752e-03 2.345e-03 5.951e-03 -1.000 1.487e-02 -4.819 -2.404 0.352 -3.849
0.01471 0.00000 9.00000 2.3056783676 2.5795818109    2.188  3.723  3.5122  0.056    8  0.600  0.393   174.03    94.02    60.10    46.68    38.31  2  -1.1e-07      0.00 6.783e-01 3.069e-01 1.754e-03 2.345e-03 5.951e-03 -1.000 1.487e-02 -4.537 -2.590 -0.237 -3.962
0.01471 0.00000 9.00000 2.3056802750 2.5795818693    2.187  3.541  3.5353  0.330    8  0.600  0.393   101.29    57.32    37.47    28.88    23.68  2    -4e-08      0.00 6.783e-01 3.069e-01 1.756e-03 2.345e-03 5.951e-03 -1.000 1.487e-02 -4.083 -2.770 -1.096 -3.996
0.01471 0.00000 9.00000 2.3056831360 2.5795819570    2.186  3.485  3.5424  0.414    8  0.600  0.394    85.77    49.23    32.40    24.92    20.43  2 -3.17e-08      0.00 6.782e-01 3.069e-01 1.759e-03 2.345e-03 5.951e-03 -1.000 1.488e-02 -3.943 -2.778 -1.277 -3.955
0.01471 0.00000 9.00000 2.3056871891 2.5795820812    2.184  3.539  3.5356  0.333    8  0.600  0.395   100.64    56.98    37.26    28.72    23.55  2 -3.97e-08      0.00 6.782e-01 3.069e-01 1.762e-03 2.345e-03 5.951e-03 -1.000 1.488e-02 -4.077 -2.770 -1.103 -3.994
0.01471 0.00000 9.00000 2.3056924343 2.5795822420    2.182  3.640  3.5226  0.179    8  0.601  0.395   136.42    75.25    48.59    37.61    30.85  2 -6.07e-08      0.00 6.782e-01 3.069e-01 1.765e-03 2.345e-03 5.951e-03 -1.000 1.489e-02 -4.331 -2.707 -0.685 -4.017
0.01471 0.00000 9.00000 2.3056988716 2.5795824392    2.180  3.738  3.5100  0.031    8  0.602  0.396   182.79    98.33    62.72    48.75    40.02  2  -1.3e-07      0.00 6.782e-01 3.069e-01 1.768e-03 2.345e-03 5.951e-03 -1.000 1.489e-02 -4.574 -2.556 -0.132 -3.942
0.01471 0.00000 9.00000 2.3057067394 2.5795826804    2.177  3.804  3.5014 -0.071    8  0.603  0.396   223.38   118.11    74.72    58.23    47.82  2  -2.6e-07      0.00 6.782e-01 3.069e-01 1.768e-03 2.345e-03 5.951e-03 -1.000 1.489e-02 -4.741 -2.439 0.229 -3.869
0.01471 0.00000 9.00000 2.3057162762 2.5795829726    2.174  3.838  3.4969 -0.124    8  0.603  0.395   247.95   129.92    81.84    63.87    52.47  2 -3.73e-07      0.00 6.782e-01 3.069e-01 1.764e-03 2.345e-03 5.951e-03 -1.000 1.488e-02 -4.826 -2.382 0.394 -3.831
0.01471 0.00000 9.00000 2.3057270050 2.5795833014    2.170  3.853  3.4949 -0.147    8  0.605  0.393   259.36   135.36    85.11    66.47    54.60  2 -4.35e-07      0.00 6.783e-01 3.069e-01 1.755e-03 2.345e-03 5.951e-03 -1.000 1.487e-02 -4.862 -2.357 0.462 -3.813
0.01471 0.00000 9.00000 2.3057394028 2.5795836814    2.165  3.859  3.4938 -0.159    8  0.606  0.389   265.43   138.23    86.83    67.84    55.73  0  -4.7e-07      0.00 6.783e-01 3.068e-01 1.738e-03 2.345e-03 5.951e-03 -1.000 1.486e-02 -4.879 -2.341 0.499 -3.802
0.01471 0.00000 9.00000 2.3057396412 2.5795836887    2.165  3.870  3.4924 -0.175    8  0.606  0.417   274.11   142.35    89.30    69.80    57.34  0 -5.25e-07      0.01 6.779e-01 3.071e-01 1.861e-03 2.344e-03 5.952e-03 -1.000 1.499e-02 -4.905 -2.323 0.548 -3.789
0.01471 0.00000 9.00000 2.3057405949 2.5795837179    2.164  3.757  3.5070 -0.003    8  0.606  0.417   195.27   104.42    66.42    51.68    42.43  2 -1.62e-07      0.00 6.779e-01 3.071e-01 1.862e-03 2.344e-03 5.952e-03 -1.000 1.499e-02 -4.623 -2.510 -0.006 -3.910
0.01471 0.00000 9.00000 2.3057422638 2.5795837690    2.164  3.578  3.5302  0.268    8  0.606  0.417   114.21    63.97    41.60    32.13    26.35  2 -4.82e-08      0.00 6.779e-01 3.071e-01 1.863e-03 2.344e-03 5.952e-03 -1.000 1.499e-02 -4.176 -2.751 -0.946 -4.012
0.01471 0.00000 9.00000 2.3057448864 2.5795838494    2.162  3.521  3.5376  0.354    8  0.606  0.418    96.16    54.67    35.80    27.59    22.62  2  -3.8e-08      0.00 6.779e-01 3.071e-01 1.864e-03 2.344e-03 5.952e-03 -1.000 1.499e-02 -4.032 -2.768 -1.152 -3.979
0.01471 0.00000 9.00000 2.3057487011 2.5795839663    2.161  3.573  3.5308  0.275    8  0.607  0.418   112.53    63.11    41.06    31.72    26.00  2 -4.74e-08      0.00 6.779e-01 3.071e-01 1.866e-03 2.344e-03 5.952e-03 -1.000 1.499e-02 -4.162 -2.751 -0.962 -4.008
0.01471 0.00000 9.00000 2.3057537079 2.5795841198    2.158  3.671  3.5180  0.126    8  0.607  0.418   151.16    82.64    53.12    41.19    33.80  2 -7.11e-08      0.00 6.779e-01 3.071e-01 1.867e-03 2.344e-03 5.952e-03 -1.000 1.499e-02 -4.407 -2.650 -0.487 -3.988
0.01471 0.00000 9.00000 2.3057599068 2.5795843097    2.156  3.764  3.5058 -0.017    8  0.608  0.418   200.34   106.88    67.91    52.87    43.40  2 -1.77e-07      0.00 6.779e-01 3.071e-01 1.867e-03 2.344e-03 5.952e-03 -1.000 1.499e-02 -4.639 -2.487 0.052 -3.894
0.01471 0.00000 9.00000 2.3057672977 2.5795845362    2.152  3.827  3.4975 -0.114    8  0.609  0.418   242.65   127.32    80.26    62.64    51.45  2 -3.42e-07      0.00 6.779e-01 3.071e-01 1.865e-03 2.344e-03 5.952e-03 -1.000 1.499e-02 -4.797 -2.371 0.391 -3.818
0.01471 0.00000 9.00000 2.3057761192 2.5795848065    2.148  3.859  3.4931 -0.164    8  0.610  0.416   267.75   139.27    87.44    68.34    56.14  0 -4.79e-07      0.00 6.780e-01 3.071e-01 1.859e-03 2.344e-03 5.952e-03 -1.000 1.498e-02 -4.876 -2.318 0.536 -3.781
0.01471 0.00000 9.00000 2.3057863712 2.5795851207    2.144  3.871  3.4913 -0.185    8  0.611  0.414   279.00   144.59    90.62    70.87    58.22  0  -5.5e-07      0.01 6.780e-01 3.070e-01 1.849e-03 2.344e-03 5.952e-03 -1.000 1.497e-02 -4.908 -2.290 0.605 -3.760
0.01471 0.00000 9.00000 2.3057980537 2.5795854787    2.138  3.877  3.4903 -0.195    8  0.612  0.411   284.62   147.23    92.19    72.13    59.26  0 -5.87e-07      0.01 6.780e-01 3.070e-01 1.833e-03 2.344e-03 5.952e-03 -1.000 1.496e-02 -4.921 -2.272 0.643 -3.746
0.01471 0.00000 9.00000 2.3057982922 2.5795854860    2.138  3.897  3.4876 -0.226    8  0.612  0.453   302.64   155.71    97.26    76.16    62.57  0 -7.24e-07      0.01 6.775e-01 3.074e-01 2.024e-03 2.342e-03 5.953e-03 -1.000 1.516e-02 -4.972 -2.260 0.681 -3.740
0.01471 0.00000 9.00000 2.3057992458 2.5795855152    2.137  3.784  3.5025 -0.054    8  0.612  0.453   215.09   114.01    72.21    56.29    46.21  2 -2.24e-07      0.00 6.775e-01 3.074e-01 2.024e-03 2.342e-03 5.953e-03 -1.000 1.516e-02 -4.689 -2.425 0.209 -3.849
0.01471 0.00000 9.00000 2.3058009148 2.5795855664    2.136  3.607  3.5256  0.215    8  0.612  0.454   126.36    70.15    45.42    35.15    28.82  2 -5.65e-08      0.00 6.775e-01 3.074e-01 2.026e-03 2.342e-03 5.953e-03 -1.000 1.516e-02 -4.248 -2.705 -0.770 -3.995
0.01471 0.00000 9.00000 2.3058035374 2.5795856467    2.135  3.549  3.5333  0.304    8  0.612  0.454   105.86    59.69    38.92    30.05    24.63  2 -4.44e-08      0.00 6.775e-01 3.074e-01 2.028e-03 2.342e-03 5.953e-03 -1.000 1.516e-02 -4.101 -2.744 -1.019 -3.984
0.01471 0.00000 9.00000 2.3058073521 2.5795857636    2.132  3.599  3.5265  0.225    8  0.613  0.455   123.65    68.78    44.56    34.48    28.27  2  -5.5e-08      0.00 6.775e-01 3.074e-01 2.030e-03 2.342e-03 5.953e-03 -1.000 1.516e-02 -4.229 -2.709 -0.801 -3.993
0.01471 0.00000 9.00000 2.3058123589 2.5795859171    2.129  3.694  3.5139  0.080    8  0.613  0.455   164.88    89.43    57.26    44.48    36.50  2 -8.94e-08      0.00 6.774e-01 3.074e-01 2.031e-03 2.342e-03 5.953e-03 -1.000 1.516e-02 -4.465 -2.575 -0.279 -3.937
0.01471 0.00000 9.00000 2.3058185577 2.5795861070    2.126  3.783  3.5020 -0.058    8  0.614  0.455   216.55   114.69    72.62    56.62    46.48  2 -2.28e-07      0.00 6.774e-01 3.074e-01 2.032e-03 2.342e-03 5.953e-03 -1.000 1.517e-02 -4.688 -2.409 0.240 -3.835
0.01471 0.00000 9.00000 2.3058259487 2.5795863335    2.121  3.843  3.4939 -0.151    8  0.614  0.455   260.33   135.65    85.24    66.63    54.73  0 -4.27e-07      0.00 6.774e-01 3.074e-01 2.030e-03 2.342e-03 5.953e-03 -1.000 1.516e-02 -4.838 -2.304 0.533 -3.764
0.01471 0.00000 9.00000 2.3058347702 2.5795866038    2.116  3.873  3.4897 -0.199    8  0.615  0.453   285.86   147.72    92.46    72.37    59.45  0 -5.87e-07      0.01 6.775e-01 3.074e-01 2.025e-03 2.342e-03 5.953e-03 -1.000 1.516e-02 -4.912 -2.248 0.674 -3.724
0.01471 0.00000 9.00000 2.3058450222 2.5795869180    2.110  3.884  3.4880 -0.218    8  0.616  0.451   296.95   152.91    95.56    74.84    61.49  0 -6.66e-07      0.01 6.775e-01 3.074e-01 2.014e-03 2.342e-03 5.953e-03 -1.000 1.515e-02 -4.940 -2.238 0.698 -3.717
0.01471 0.00000 9.00000 2.3058567047 2.5795872759    2.103  3.889  3.4871 -0.227    8  0.617  0.447   302.15   155.32    96.99    75.99    62.43  0 -7.05e-07      0.01 6.776e-01 3.073e-01 1.996e-03 2.343e-03 5.953e-03 -1.000 1.513e-02 -4.951 -2.231 0.712 -3.712
0.01471 0.00000 9.00000 2.3058569431 2.5795872832    2.103  3.918  3.4832 -0.272    8  0.618  0.507   330.42   168.51   104.84    82.24    67.58  0 -9.56e-07      0.02 6.767e-01 3.078e-01 2.265e-03 2.340e-03 5.955e-03 -1.000 1.541e-02 -5.024 -2.211 0.764 -3.702
0.01471 0.00000 9.00000 2.3058576584 2.5795873052    2.102  3.805  3.4983 -0.099    8  0.618  0.507   234.24   123.14    77.70    60.67    49.81  2 -2.95e-07      0.00 6.767e-01 3.078e-01 2.265e-03 2.340e-03 5.955e-03 -1.000 1.541e-02 -4.742 -2.342 0.400 -3.785
0.01471 0.00000 9.00000 2.3058593273 2.5795873563    2.101  3.631  3.5215  0.167    8  0.618  0.507   138.14    76.08    49.06    38.03    31.19  2 -6.55e-08      0.00 6.767e-01 3.078e-01 2.266e-03 2.340e-03 5.955e-03 -1.000 1.541e-02 -4.308 -2.657 -0.604 -3.973
0.01471 0.00000 9.00000 2.3058619499 2.5795874367    2.099  3.571  3.5295  0.259    8  0.618  0.507   115.21    64.48    41.88    32.40    26.56  2 -5.13e-08      0.00 6.767e-01 3.078e-01 2.266e-03 2.340e-03 5.955e-03 -1.000 1.541e-02 -4.158 -2.717 -0.894 -3.982
0.01471 0.00000 9.00000 2.3058652878 2.5795875389    2.096  3.622  3.5227  0.181    8  0.618  0.508   134.53    74.26    47.93    37.15    30.47  2 -6.34e-08      0.00 6.767e-01 3.078e-01 2.266e-03 2.340e-03 5.954e-03 -1.000 1.541e-02 -4.284 -2.663 -0.643 -3.972
0.01471 0.00000 9.00000 2.3058698177 2.5795876777    2.093  3.714  3.5102  0.038    8  0.619  0.507   178.51    96.11    61.32    47.71    39.15  2 -1.16e-07      0.00 6.767e-01 3.078e-01 2.266e-03 2.340e-03 5.954e-03 -1.000 1.541e-02 -4.514 -2.500 -0.081 -3.885
0.01471 0.00000 9.00000 2.3058755398 2.5795878531    2.089  3.800  3.4983 -0.097    8  0.619  0.507   233.06   122.54    77.32    60.39    49.58  2 -2.88e-07      0.00 6.767e-01 3.078e-01 2.264e-03 2.340e-03 5.954e-03 -1.000 1.541e-02 -4.730 -2.333 0.409 -3.775
0.01471 0.00000 9.00000 2.3058824539 2.5795880649    2.084  3.858  3.4903 -0.188    8  0.620  0.506   279.08   144.39    90.44    70.80    58.15  0 -5.31e-07      0.01 6.768e-01 3.078e-01 2.260e-03 2.340e-03 5.954e-03 -1.000 1.541e-02 -4.875 -2.230 0.681 -3.703
0.01471 0.00000 9.00000 2.3058905602 2.5795883133    2.078  3.887  3.4861 -0.235    8  0.621  0.505   306.14   157.06    98.00    76.83    63.11  0 -7.25e-07      0.01 6.768e-01 3.078e-01 2.253e-03 2.340e-03 5.954e-03 -1.000 1.540e-02 -4.948 -2.207 0.741 -3.690
0.01471 0.00000 9.00000 2.3059000969 2.5795886055    2.071  3.898  3.4843 -0.255    8  0.622  0.502   318.45   162.77   101.39    79.54    65.34  0 -8.26e-07      0.01 6.768e-01 3.078e-01 2.242e-03 2.340e-03 5.954e-03 -1.000 1.539e-02 -4.976 -2.193 0.770 -3.680
0.01471 0.00000 9.00000 2.3059108257 2.5795889343    2.063  3.903  3.4833 -0.266    8  0.623  0.498   324.86   165.70   103.12    80.93    66.49  0  -8.8e-07      0.01 6.769e-01 3.078e-01 2.225e-03 2.340e-03 5.954e-03 -1.000 1.537e-02 -4.988 -2.182 0.789 -3.671
0.01471 0.00000 9.00000 2.3059110641 2.5795889416    2.062  3.940  3.4782 -0.323    8  0.623  0.571   359.76   183.71   113.80    89.45    73.50  0 -1.29e-06      0.03 6.759e-01 3.084e-01 2.552e-03 2.337e-03 5.955e-03 -1.000 1.571e-02 -5.080 -2.155 0.859 -3.657
0.01471 0.00000 9.00000 2.3059117794 2.5795889635    2.061  3.827  3.4936 -0.148    8  0.623  0.571   257.33   134.01    84.20    65.88    54.09  0 -3.99e-07      0.00 6.759e-01 3.084e-01 2.552e-03 2.337e-03 5.955e-03 -1.000 1.571e-02 -4.798 -2.258 0.581 -3.719
0.01471 0.00000 9.00000 2.3059134483 2.5795890146    2.060  3.656  3.5170  0.116    8  0.623  0.571   152.19    83.07    53.33    41.43    33.98  2 -7.68e-08      0.00 6.759e-01 3.084e-01 2.552e-03 2.337e-03 5.955e-03 -1.000 1.571e-02 -4.369 -2.579 -0.382 -3.923
0.01471 0.00000 9.00000 2.3059160709 2.5795890950    2.058  3.595  3.5252  0.209    8  0.623  0.571   126.40    70.15    45.37    35.16    28.83  2    -6e-08      0.00 6.759e-01 3.084e-01 2.552e-03 2.337e-03 5.955e-03 -1.000 1.571e-02 -4.217 -2.664 -0.718 -3.956
0.01471 0.00000 9.00000 2.3059194088 2.5795891972    2.054  3.645  3.5183  0.131    8  0.623  0.571   147.59    80.77    51.92    40.32    33.07  2  -7.4e-08      0.00 6.759e-01 3.084e-01 2.552e-03 2.337e-03 5.955e-03 -1.000 1.571e-02 -4.342 -2.594 -0.440 -3.930
0.01471 0.00000 9.00000 2.3059239388 2.5795893360    2.050  3.734  3.5058 -0.010    8  0.624  0.571   195.06   104.11    66.15    51.57    42.32  2 -1.55e-07      0.00 6.759e-01 3.084e-01 2.552e-03 2.337e-03 5.955e-03 -1.000 1.571e-02 -4.566 -2.415 0.121 -3.821
0.01471 0.00000 9.00000 2.3059296608 2.5795895114    2.044  3.818  3.4941 -0.141    8  0.624  0.571   253.33   132.05    83.01    64.95    53.33  0 -3.75e-07      0.00 6.759e-01 3.084e-01 2.550e-03 2.337e-03 5.955e-03 -1.000 1.571e-02 -4.776 -2.251 0.577 -3.710
0.01471 0.00000 9.00000 2.3059365749 2.5795897232    2.038  3.874  3.4861 -0.231    8  0.625  0.570   302.18   155.01    96.73    75.87    62.32  0 -6.79e-07      0.01 6.759e-01 3.084e-01 2.547e-03 2.337e-03 5.955e-03 -1.000 1.571e-02 -4.916 -2.179 0.766 -3.661
0.01471 0.00000 9.00000 2.3059446812 2.5795899716    2.030  3.902  3.4820 -0.277    8  0.626  0.569   331.02   168.36   104.66    82.21    67.53  0  -9.2e-07      0.01 6.759e-01 3.084e-01 2.541e-03 2.337e-03 5.955e-03 -1.000 1.570e-02 -4.985 -2.151 0.827 -3.643
0.01471 0.00000 9.00000 2.3059542179 2.5795902638    2.021  3.913  3.4801 -0.297    8  0.626  0.567   344.38   174.52   108.31    85.13    69.93  0 -1.05e-06      0.02 6.759e-01 3.084e-01 2.532e-03 2.337e-03 5.955e-03 -1.000 1.569e-02 -5.013 -2.133 0.860 -3.630
0.01471 0.00000 9.00000 2.3059649467 2.5795905925    2.011  3.918  3.4790 -0.308    8  0.627  0.564   348.93   177.84   110.26    86.70    71.23  0 -1.12e-06      0.02 6.760e-01 3.083e-01 2.519e-03 2.337e-03 5.955e-03 -1.000 1.568e-02 -5.025 -2.125 0.877 -3.624
0.01471 0.00000 9.00000 2.3059651852 2.5795905998    2.011  3.962  3.4729 -0.377    8  0.627  0.647   383.23   201.20   124.05    97.73    80.31  0 -1.77e-06      0.04 6.748e-01 3.091e-01 2.889e-03 2.333e-03 5.955e-03 -1.000 1.607e-02 -5.134 -2.097 0.962 -3.610
0.01471 0.00000 9.00000 2.3059659004 2.5795906217    2.010  3.849  3.4885 -0.202    8  0.628  0.647   284.50   146.60    91.69    71.89    59.03  0 -5.47e-07      0.01 6.748e-01 3.091e-01 2.889e-03 2.333e-03 5.955e-03 -1.000 1.607e-02 -4.852 -2.170 0.754 -3.647
0.01471 0.00000 9.00000 2.3059675694 2.5795906728    2.008  3.680  3.5120  0.061    8  0.628  0.647   168.76    91.19    58.26    45.37    37.21  2 -9.41e-08      0.00 6.748e-01 3.091e-01 2.889e-03 2.333e-03 5.955e-03 -1.000 1.607e-02 -4.429 -2.474 -0.114 -3.848
0.01471 0.00000 9.00000 2.3059699535 2.5795907459    2.005  3.618  3.5204  0.156    8  0.628  0.647   139.60    76.74    49.41    38.38    31.47  2 -7.12e-08      0.00 6.748e-01 3.091e-01 2.888e-03 2.333e-03 5.955e-03 -1.000 1.607e-02 -4.275 -2.595 -0.510 -3.918
0.01471 0.00000 9.00000 2.3059732914 2.5795908482    2.001  3.667  3.5134  0.078    8  0.628  0.646   163.02    88.36    56.53    44.00    36.09  2 -8.76e-08      0.00 6.748e-01 3.091e-01 2.887e-03 2.333e-03 5.955e-03 -1.000 1.607e-02 -4.398 -2.491 -0.179 -3.856
0.01471 0.00000 9.00000 2.3059775829 2.5795909796    1.995  3.755  3.5010 -0.061    8  0.629  0.646   214.68   113.45    71.77    56.08    46.02  2  -2.1e-07      0.00 6.748e-01 3.091e-01 2.885e-03 2.333e-03 5.955e-03 -1.000 1.606e-02 -4.617 -2.306 0.368 -3.736
0.01471 0.00000 9.00000 2.3059830666 2.5795911477    1.988  3.836  3.4894 -0.190    8  0.629  0.645   277.55   143.23    89.65    70.30    57.72  0 -4.98e-07      0.00 6.748e-01 3.091e-01 2.882e-03 2.333e-03 5.955e-03 -1.000 1.606e-02 -4.820 -2.156 0.761 -3.631
0.01471 0.00000 9.00000 2.3059895039 2.5795913449    1.980  3.890  3.4814 -0.278    8  0.630  0.644   330.10   167.61   104.16    81.88    67.25  0 -8.87e-07      0.01 6.749e-01 3.091e-01 2.878e-03 2.333e-03 5.955e-03 -1.000 1.606e-02 -4.956 -2.114 0.864 -3.606
0.01471 0.00000 9.00000 2.3059973717 2.5795915859    1.970  3.917  3.4772 -0.324    8  0.630  0.643   353.28   181.90   112.61    88.65    72.82  0  -1.2e-06      0.02 6.749e-01 3.091e-01 2.871e-03 2.333e-03 5.955e-03 -1.000 1.605e-02 -5.023 -2.093 0.918 -3.595
0.01471 0.00000 9.00000 2.3060064316 2.5795918635    1.959  3.928  3.4752 -0.345    8  0.631  0.641   362.89   188.72   116.63    91.88    75.48  0 -1.36e-06      0.03 6.749e-01 3.091e-01 2.861e-03 2.334e-03 5.955e-03 -1.000 1.604e-02 -5.049 -2.075 0.955 -3.581
0.01471 0.00000 9.00000 2.3060166836 2.5795921776    1.946  3.932  3.4740 -0.357    8  0.632  0.638   368.16   192.65   118.93    93.74    77.01  0 -1.46e-06      0.03 6.750e-01 3.090e-01 2.848e-03 2.334e-03 5.955e-03 -1.000 1.603e-02 -5.061 -2.059 0.981 -3.569
0.01471 0.00000 9.00000 2.3060169220 2.5795921849    1.945  3.983  3.4669 -0.436    8  0.632  0.728   410.63   222.18   136.28   107.65    88.46  0 -2.48e-06      0.06 6.737e-01 3.099e-01 3.251e-03 2.329e-03 5.955e-03 -1.000 1.645e-02 -5.187 -2.022 1.094 -3.550
0.01471 0.00000 9.00000 2.3060176373 2.5795922068    1.944  3.870  3.4827 -0.260    8  0.632  0.728   317.74   161.67   100.59    79.09    64.94  0 -7.67e-07      0.01 6.737e-01 3.099e-01 3.251e-03 2.329e-03 5.955e-03 -1.000 1.645e-02 -4.905 -2.098 0.867 -3.587
0.01471 0.00000 9.00000 2.3060190678 2.5795922506    1.941  3.703  3.5063  0.000    8  0.632  0.728   188.82   100.84    64.09    50.04    41.04  2 -1.34e-07      0.00 6.737e-01 3.099e-01 3.250e-03 2.329e-03 5.955e-03 -1.000 1.645e-02 -4.487 -2.352 0.169 -3.756
0.01471 0.00000 9.00000 2.3060214520 2.5795923237    1.937  3.640  3.5150  0.097    8  0.632  0.728   155.56    84.59    54.19    42.20    34.60  2 -8.62e-08      0.00 6.737e-01 3.099e-01 3.249e-03 2.329e-03 5.955e-03 -1.000 1.645e-02 -4.330 -2.475 -0.216 -3.831
0.01471 0.00000 9.00000 2.3060245514 2.5795924186    1.932  3.689  3.5079  0.019    8  0.633  0.727   181.82    97.42    62.01    48.40    39.69  2 -1.18e-07      0.00 6.737e-01 3.099e-01 3.247e-03 2.329e-03 5.955e-03 -1.000 1.645e-02 -4.452 -2.368 0.110 -3.764
0.01471 0.00000 9.00000 2.3060288429 2.5795925501    1.925  3.774  3.4954 -0.118    8  0.633  0.727   238.89   124.75    78.51    61.52    50.48  0 -2.93e-07      0.00 6.737e-01 3.099e-01 3.245e-03 2.329e-03 5.955e-03 -1.000 1.644e-02 -4.666 -2.185 0.612 -3.638
0.01471 0.00000 9.00000 2.3060340881 2.5795927108    1.916  3.853  3.4837 -0.246    8  0.634  0.726   307.88   156.94    97.75    76.86    63.10  0 -6.78e-07      0.01 6.737e-01 3.099e-01 3.241e-03 2.329e-03 5.955e-03 -1.000 1.644e-02 -4.864 -2.081 0.874 -3.567
0.01471 0.00000 9.00000 2.3060405254 2.5795929080    1.905  3.906  3.4758 -0.333    8  0.634  0.725   352.70   183.25   113.33    89.33    73.36  0 -1.19e-06      0.02 6.737e-01 3.098e-01 3.236e-03 2.329e-03 5.955e-03 -1.000 1.644e-02 -4.994 -2.044 0.972 -3.547
0.01471 0.00000 9.00000 2.3060479164 2.5795931345    1.893  3.932  3.4714 -0.379    8  0.635  0.723   375.12   198.87   122.52    96.71    79.44  0  -1.6e-06      0.03 6.737e-01 3.098e-01 3.229e-03 2.330e-03 5.955e-03 -1.000 1.643e-02 -5.059 -2.012 1.043 -3.525
0.01471 0.00000 9.00000 2.3060564995 2.5795933974    1.878  3.942  3.4692 -0.401    8  0.636  0.721   385.88   206.69   127.09   100.41    82.48  0 -1.83e-06      0.04 6.738e-01 3.098e-01 3.219e-03 2.330e-03 5.955e-03 -1.000 1.642e-02 -5.085 -1.990 1.086 -3.509
0.01471 0.00000 9.00000 2.3060665131 2.5795937042    1.862  3.946  3.4677 -0.415    8  0.637  0.718   392.29   211.58   129.93   102.72    84.38  0 -1.98e-06      0.05 6.738e-01 3.098e-01 3.206e-03 2.330e-03 5.955e-03 -1.000 1.640e-02 -5.096 -1.974 1.115 -3.496
0.01471 0.00000 9.00000 2.3060667515 2.5795937115    1.861  4.003  3.4596 -0.505    8  0.637  0.814   444.28   248.53   151.52   120.08    98.67  0 -3.57e-06      0.09 6.724e-01 3.107e-01 3.633e-03 2.325e-03 5.954e-03 -1.000 1.686e-02 -5.236 -1.918 1.280 -3.463
0.01471 0.00000 9.00000 2.3060674667 2.5795937334    1.859  3.890  3.4757 -0.328    8  0.637  0.813   346.92   180.57   111.68    88.09    72.33  0 -1.11e-06      0.02 6.724e-01 3.107e-01 3.631e-03 2.325e-03 5.954e-03 -1.000 1.685e-02 -4.955 -2.012 0.999 -3.514
0.01471 0.00000 9.00000 2.3060688972 2.5795937772    1.856  3.725  3.4995 -0.068    8  0.637  0.812   214.44   112.89    71.31    55.86    45.82  2 -1.98e-07      0.00 6.725e-01 3.107e-01 3.627e-03 2.325e-03 5.954e-03 -1.000 1.685e-02 -4.542 -2.183 0.527 -3.621
0.01471 0.00000 9.00000 2.3060710430 2.5795938430    1.851  3.661  3.5085  0.030    8  0.637  0.811   175.94    94.38    60.10    46.96    38.50  2 -1.07e-07      0.00 6.725e-01 3.107e-01 3.622e-03 2.325e-03 5.954e-03 -1.000 1.684e-02 -4.383 -2.317 0.144 -3.710
0.01471 0.00000 9.00000 2.3060741425 2.5795939379    1.844  3.709  3.5012 -0.049    8  0.637  0.809   205.86   108.75    68.80    53.88    44.19  2 -1.72e-07      0.00 6.725e-01 3.107e-01 3.614e-03 2.325e-03 5.954e-03 -1.000 1.684e-02 -4.503 -2.201 0.462 -3.631
0.01471 0.00000 9.00000 2.3060781956 2.5795940621    1.835  3.793  3.4887 -0.185    8  0.638  0.808   269.93   138.87    86.89    68.30    56.04  0  -4.2e-07      0.00 6.725e-01 3.107e-01 3.606e-03 2.325e-03 5.954e-03 -1.000 1.683e-02 -4.713 -2.041 0.874 -3.517
0.01471 0.00000 9.00000 2.3060832024 2.5795942155    1.823  3.870  3.4771 -0.310    8  0.638  0.806   335.73   174.02   107.76    85.02    69.79  0 -9.56e-07      0.01 6.725e-01 3.106e-01 3.597e-03 2.325e-03 5.954e-03 -1.000 1.682e-02 -4.904 -1.990 1.008 -3.488
0.01471 0.00000 9.00000 2.3060891628 2.5795943981    1.809  3.920  3.4693 -0.396    8  0.639  0.804   377.35   202.62   124.59    98.54    80.92  0 -1.66e-06      0.03 6.726e-01 3.106e-01 3.589e-03 2.326e-03 5.954e-03 -1.000 1.681e-02 -5.030 -1.952 1.113 -3.468
0.01471 0.00000 9.00000 2.3060963154 2.5795946172    1.793  3.945  3.4650 -0.442    8  0.639  0.802   401.23   219.66   134.56   106.59    87.54  0 -2.22e-06      0.05 6.726e-01 3.106e-01 3.583e-03 2.326e-03 5.954e-03 -1.000 1.680e-02 -5.092 -1.928 1.181 -3.455
0.01471 0.00000 9.00000 2.3061046600 2.5795948728    1.774  3.955  3.4627 -0.465    8  0.640  0.802   412.95   228.41   139.64   110.72    90.93  0 -2.55e-06      0.06 6.726e-01 3.106e-01 3.580e-03 2.326e-03 5.954e-03 -1.000 1.680e-02 -5.117 -1.900 1.237 -3.432
0.01471 0.00000 9.00000 2.3061141968 2.5795951650    1.753  3.959  3.4612 -0.480    8  0.641  0.802   420.19   234.09   142.92   113.41    93.13  0 -2.77e-06      0.07 6.726e-01 3.106e-01 3.583e-03 2.326e-03 5.954e-03 -1.000 1.680e-02 -5.127 -1.872 1.285 -3.409
0.01471 0.00000 9.00000 2.3061144352 2.5795951723    1.752  4.021  3.4522 -0.578    8  0.641  0.880   482.86   279.57   169.32   134.71   110.68  0 -5.31e-06      0.36 6.715e-01 3.114e-01 3.929e-03 2.322e-03 5.953e-03 -1.000 1.717e-02 -5.282 -1.454 2.083 -3.070
0.01471 0.00000 9.00000 2.3061151505 2.5795951942    1.750  3.909  3.4684 -0.402    8  0.641  0.880   375.97   203.20   124.84    98.87    81.16  0 -1.65e-06      0.05 6.715e-01 3.114e-01 3.929e-03 2.322e-03 5.953e-03 -1.000 1.717e-02 -5.002 -1.877 1.214 -3.400
0.01471 0.00000 9.00000 2.3061163425 2.5795952307    1.745  3.745  3.4920 -0.145    8  0.641  0.880   247.06   127.73    80.13    63.03    51.68  0 -3.02e-07      0.00 6.715e-01 3.114e-01 3.931e-03 2.322e-03 5.953e-03 -1.000 1.717e-02 -4.593 -2.009 0.855 -3.475
0.01471 0.00000 9.00000 2.3061184883 2.5795952964    1.738  3.681  3.5010 -0.046    8  0.641  0.881   202.27   106.66    67.45    52.92    43.38  2 -1.56e-07      0.00 6.714e-01 3.114e-01 3.933e-03 2.322e-03 5.953e-03 -1.000 1.717e-02 -4.431 -2.125 0.542 -3.554
0.01471 0.00000 9.00000 2.3061215878 2.5795953914    1.728  3.728  3.4938 -0.126    8  0.642  0.882   236.91   122.91    77.22    60.73    49.79  0 -2.62e-07      0.00 6.714e-01 3.114e-01 3.936e-03 2.322e-03 5.953e-03 -1.000 1.718e-02 -4.551 -2.023 0.802 -3.482
0.01471 0.00000 9.00000 2.3061254025 2.5795955082    1.714  3.810  3.4817 -0.259    8  0.642  0.883   304.59   156.19    97.06    76.62    62.85  0 -6.34e-07      0.01 6.714e-01 3.114e-01 3.940e-03 2.322e-03 5.952e-03 -1.000 1.718e-02 -4.756 -1.929 1.039 -3.419
0.01471 0.00000 9.00000 2.3061301708 2.5795956543    1.698  3.885  3.4708 -0.382    8  0.643  0.884   361.19   194.38   119.58    94.74    77.75  0 -1.42e-06      0.04 6.714e-01 3.114e-01 3.945e-03 2.322e-03 5.952e-03 -1.000 1.719e-02 -4.942 -1.869 1.199 -3.386
0.01471 0.00000 9.00000 2.3061361313 2.5795958369    1.679  3.934  3.4637 -0.464    8  0.643  0.885   404.59   224.97   137.46   109.19    89.63  0 -2.46e-06      0.10 6.714e-01 3.114e-01 3.951e-03 2.322e-03 5.952e-03 -1.000 1.719e-02 -5.064 -1.794 1.381 -3.335
0.01471 0.00000 9.00000 2.3061430454 2.5795960487    1.656  3.958  3.4601 -0.509    8  0.644  0.887   429.14   242.96   147.89   117.66    96.60  0  -3.3e-06      0.17 6.714e-01 3.114e-01 3.958e-03 2.321e-03 5.952e-03 -1.000 1.720e-02 -5.125 -1.696 1.570 -3.257
0.01471 0.00000 9.00000 2.3061511517 2.5795962970    1.630  3.967  3.4585 -0.531    8  0.645  0.888   440.96   252.09   153.14   121.98   100.14  0 -3.84e-06      0.25 6.713e-01 3.114e-01 3.966e-03 2.321e-03 5.952e-03 -1.000 1.721e-02 -5.148 -1.570 1.795 -3.153
0.01471 0.00000 9.00000 2.3061602116 2.5795965745    1.600  3.971  3.4577 -0.546    8  0.646  0.891   448.09   257.95   156.47   124.76   102.41  0 -4.24e-06      0.29 6.713e-01 3.115e-01 3.976e-03 2.321e-03 5.952e-03 -1.000 1.722e-02 -5.159 -1.506 1.909 -3.099
0.01471 0.00000 9.00000 2.3061602116 2.5795965745    1.600  4.039  3.4488 -0.650    8  0.646  0.968   491.29    -1.00    -1.00    -1.00    -1.00  0 -8.55e-06      0.00 6.702e-01 3.122e-01 4.320e-03 2.317e-03 5.951e-03 -1.000 1.759e-02 -5.327 -2.049 1.176 -3.587
0.01471 0.00000 9.00000 2.3061606884 2.5795965892    1.600  3.927  3.4637 -0.478    8  0.646  0.968   406.23   228.08   139.12   110.73    90.87  0 -2.68e-06      0.00 6.702e-01 3.122e-01 4.319e-03 2.317e-03 5.951e-03 -1.000 1.759e-02 -5.048 -1.938 1.139 -3.455
0.01471 0.00000 9.00000 2.3061616421 2.5795966184    1.599  3.766  3.4856 -0.229    8  0.646  0.967   283.63   145.33    90.46    71.52    58.63  0 -4.98e-07      0.00 6.702e-01 3.122e-01 4.317e-03 2.317e-03 5.951e-03 -1.000 1.758e-02 -4.644 -1.911 1.026 -3.392
0.01471 0.00000 9.00000 2.3061628342 2.5795966549    1.598  3.700  3.4954 -0.125    8  0.646  0.966   232.85   120.27    75.51    59.53    48.78  0 -2.51e-07      0.00 6.702e-01 3.122e-01 4.313e-03 2.318e-03 5.951e-03 -1.000 1.758e-02 -4.480 -1.999 0.798 -3.452
0.01471 0.00000 9.00000 2.3061647415 2.5795967133    1.596  3.747  3.4904 -0.192    8  0.646  0.965   266.99   135.92    84.86    67.03    54.94  0 -4.09e-07      0.00 6.702e-01 3.122e-01 4.307e-03 2.318e-03 5.951e-03 -1.000 1.757e-02 -4.598 -1.961 0.945 -3.434
0.01471 0.00000 9.00000 2.3061671257 2.5795967863    1.594  3.827  3.4809 -0.311    8  0.646  0.964   318.70   168.34   104.09    82.48    67.64  0 -9.39e-07      0.00 6.702e-01 3.122e-01 4.301e-03 2.318e-03 5.951e-03 -1.000 1.757e-02 -4.798 -1.959 1.020 -3.450
0.01471 0.00000 9.00000 2.3061699867 2.5795968740    1.592  3.900  3.4726 -0.417    8  0.647  0.962   371.32   203.97   125.03    99.36    81.51  0 -1.99e-06      0.00 6.703e-01 3.122e-01 4.292e-03 2.318e-03 5.951e-03 -1.000 1.756e-02 -4.979 -1.995 1.037 -3.500
0.01471 0.00000 9.00000 2.3061735630 2.5795969835    1.588  3.947  3.4682 -0.483    8  0.647  0.959   407.89   229.54   139.95   111.42    91.43  0 -3.25e-06      0.16 6.703e-01 3.121e-01 4.281e-03 2.318e-03 5.951e-03 -1.000 1.755e-02 -5.097 -1.776 1.450 -3.327
0.01471 0.00000 9.00000 2.3061776161 2.5795971077    1.585  3.970  3.4681 -0.508    8  0.647  0.956   422.22   239.78   145.90   116.25    95.40  0 -4.11e-06      0.27 6.704e-01 3.121e-01 4.269e-03 2.318e-03 5.951e-03 -1.000 1.753e-02 -5.155 -1.656 1.680 -3.233
0.01471 0.00000 9.00000 2.3061826229 2.5795972611    1.580  3.979  3.4715 -0.504    8  0.648  0.953   419.97   238.29   145.02   115.55    94.82  0 -4.46e-06      0.30 6.704e-01 3.121e-01 4.254e-03 2.318e-03 5.951e-03 -1.000 1.752e-02 -5.178 -1.679 1.673 -3.258
0.01471 0.00000 9.00000 2.3061881065 2.5795974290    1.575  3.983  3.4773 -0.486    8  0.648  0.949   408.71   230.44   140.45   111.86    91.79  0 -4.55e-06      0.30 6.705e-01 3.120e-01 4.236e-03 2.318e-03 5.951e-03 -1.000 1.750e-02 -5.187 -1.773 1.562 -3.345
0.01471 0.00000 9.00000 2.3061881065 2.5795974290    1.575  4.054  3.4649 -0.607    8  0.648  1.027   486.45   286.55   172.94   138.18   113.45  0 -9.63e-06      0.00 6.693e-01 3.128e-01 4.584e-03 2.315e-03 5.950e-03  7.182 1.787e-02 -5.364 -3.849 -2.371 -5.024
0.01471 0.00000 9.00000 2.3061885834 2.5795974436    1.575  3.942  3.4847 -0.416    8  0.648  1.027   369.33   203.01   124.44    98.92    81.15  0 -2.96e-06      0.00 6.693e-01 3.128e-01 4.583e-03 2.315e-03 5.950e-03  7.177 1.787e-02 -5.085 -3.730 -2.395 -4.857
0.01471 0.00000 9.00000 2.3061892986 2.5795974655    1.574  3.782  3.5134 -0.141    8  0.648  1.026   239.88   123.36    77.33    61.02    50.00  0 -5.39e-07      0.00 6.693e-01 3.128e-01 4.580e-03 2.315e-03 5.950e-03  7.167 1.786e-02 -4.684 -3.574 -2.425 -4.630
0.01471 0.00000 9.00000 2.3061907291 2.5795975094    1.573  3.715  3.5259 -0.025    8  0.649  1.025   189.64    99.98    63.27    49.78    40.76  1 -2.66e-07      0.00 6.693e-01 3.128e-01 4.576e-03 2.315e-03 5.950e-03  7.151 1.786e-02 -4.518 -3.521 -2.444 -4.545
0.01471 0.00000 9.00000 2.3061923981 2.5795975605    1.571  3.762  3.5186 -0.101    8  0.649  1.024   221.39   114.81    72.20    56.92    46.63  0 -4.36e-07      0.00 6.694e-01 3.128e-01 4.570e-03 2.315e-03 5.950e-03  7.127 1.785e-02 -4.635 -3.567 -2.447 -4.610
0.01471 0.00000 9.00000 2.3061947823 2.5795976335    1.569  3.841  3.5056 -0.233    8  0.649  1.022   282.91   145.54    90.55    71.64    58.72  0 -1.01e-06      0.00 6.694e-01 3.128e-01 4.562e-03 2.315e-03 5.950e-03  7.094 1.785e-02 -4.832 -3.641 -2.440 -4.718
0.01471 0.00000 9.00000 2.3061974049 2.5795977139    1.567  3.912  3.4940 -0.351    8  0.649  1.020   335.27   180.05   110.95    88.06    72.21  0 -2.13e-06      0.00 6.694e-01 3.128e-01 4.552e-03 2.315e-03 5.950e-03  7.050 1.784e-02 -5.009 -3.710 -2.430 -4.818
0.01471 0.00000 9.00000 2.3062009811 2.5795978234    1.564  3.958  3.4870 -0.425    8  0.650  1.018   373.25   205.97   126.15   100.33    82.30  0 -3.47e-06      0.00 6.695e-01 3.127e-01 4.541e-03 2.315e-03 5.950e-03  6.989 1.782e-02 -5.124 -3.755 -2.423 -4.882
0.01471 0.00000 9.00000 2.3062050343 2.5795979475    1.560  3.980  3.4846 -0.458    8  0.650  1.014   391.17   218.50   133.46   106.25    87.17  0  -4.4e-06      0.00 6.695e-01 3.127e-01 4.527e-03 2.315e-03 5.950e-03  6.904 1.781e-02 -5.180 -3.789 -2.438 -4.922
0.01471 0.00000 9.00000 2.3062098026 2.5795980936    1.556  3.988  3.4851 -0.466    8  0.651  1.011   395.18   221.40   135.15   107.62    88.29  0 -4.81e-06      0.00 6.696e-01 3.127e-01 4.511e-03 2.315e-03 5.950e-03  6.778 1.779e-02 -5.201 -3.814 -2.464 -4.946
0.01471 0.00000 9.00000 2.3062150478 2.5795982543    1.551  3.991  3.4869 -0.463    8  0.651  1.007   393.17   220.12   134.39   107.02    87.80  0 -4.96e-06      0.00 6.696e-01 3.126e-01 4.492e-03 2.316e-03 5.950e-03  6.570 1.777e-02 -5.209 -3.837 -2.499 -4.966
0.01471 0.00000 9.00000 2.3062150478 2.5795982543    1.551  4.066  3.4722 -0.596    8  0.651  1.085   476.78   280.02   169.12   135.16   110.94  0  -1.1e-05      0.04 6.685e-01 3.134e-01 4.840e-03 2.312e-03 5.949e-03  7.674 1.814e-02 -5.394 -3.898 -2.461 -5.063
0.01471 0.00000 9.00000 2.3062155247 2.5795982689    1.551  3.954  3.4940 -0.398    8  0.651  1.085   357.55   195.52   120.01    95.40    78.24  0 -3.35e-06      0.00 6.685e-01 3.134e-01 4.839e-03 2.312e-03 5.949e-03  7.672 1.814e-02 -5.116 -3.856 -2.582 -4.962
0.01471 0.00000 9.00000 2.3062162399 2.5795982908    1.550  3.795  3.5253 -0.113    8  0.651  1.084   226.20   116.90    73.43    57.94    47.46  0 -6.09e-07      0.00 6.685e-01 3.134e-01 4.836e-03 2.312e-03 5.949e-03  7.669 1.814e-02 -4.717 -3.725 -2.641 -4.752
0.01471 0.00000 9.00000 2.3062174320 2.5795983273    1.549  3.728  3.5381  0.005    8  0.651  1.083   178.15    94.45    59.90    47.11    38.57  1 -2.99e-07      0.00 6.685e-01 3.134e-01 4.831e-03 2.312e-03 5.949e-03  7.664 1.813e-02 -4.550 -3.671 -2.656 -4.666
0.01471 0.00000 9.00000 2.3062191010 2.5795983784    1.547  3.774  3.5281 -0.082    8  0.652  1.081   212.36   110.48    69.57    54.85    44.92  0 -4.94e-07      0.00 6.685e-01 3.134e-01 4.825e-03 2.312e-03 5.949e-03  7.656 1.813e-02 -4.666 -3.699 -2.631 -4.719
0.01471 0.00000 9.00000 2.3062214851 2.5795984515    1.545  3.852  3.5116 -0.227    8  0.652  1.080   278.70   143.38    89.23    70.62    57.88  0 -1.14e-06      0.00 6.685e-01 3.133e-01 4.817e-03 2.312e-03 5.949e-03  7.646 1.812e-02 -4.860 -3.747 -2.584 -4.808
0.01471 0.00000 9.00000 2.3062241077 2.5795985318    1.543  3.921  3.4962 -0.358    8  0.652  1.077   337.05   181.81   111.95    88.92    72.91  0 -2.44e-06      0.00 6.686e-01 3.133e-01 4.806e-03 2.312e-03 5.949e-03  7.633 1.811e-02 -5.034 -3.792 -2.535 -4.891
0.01471 0.00000 9.00000 2.3062274456 2.5795986340    1.540  3.966  3.4853 -0.448    8  0.653  1.075   383.51   213.66   130.60   103.98    85.29  0    -4e-06      0.00 6.686e-01 3.133e-01 4.794e-03 2.312e-03 5.949e-03  7.617 1.809e-02 -5.146 -3.817 -2.488 -4.942
0.01471 0.00000 9.00000 2.3062312603 2.5795987509    1.536  3.988  3.4783 -0.498    8  0.653  1.071   412.22   233.86   142.36   113.51    93.13  0 -5.14e-06      0.00 6.687e-01 3.133e-01 4.779e-03 2.312e-03 5.949e-03  7.598 1.808e-02 -5.200 -3.815 -2.440 -4.956
0.01471 0.00000 9.00000 2.3062357903 2.5795988896    1.532  3.996  3.4734 -0.527    8  0.653  1.067   429.43   246.20   149.51   119.32    97.90  0 -5.74e-06      0.00 6.687e-01 3.132e-01 4.763e-03 2.313e-03 5.949e-03  7.574 1.806e-02 -5.220 -3.795 -2.389 -4.947
0.01471 0.00000 9.00000 2.3062410355 2.5795990503    1.528  3.999  3.4687 -0.550    8  0.654  1.063   443.76   256.58   155.52   124.20   101.92  0 -6.09e-06      0.00 6.688e-01 3.132e-01 4.744e-03 2.313e-03 5.949e-03  7.546 1.804e-02 -5.227 -3.766 -2.329 -4.928
0.01471 0.00000 9.00000 2.3062410355 2.5795990503    1.528  4.076  3.4529 -0.691    8  0.654  1.141   479.97    -1.00    -1.00    -1.00    -1.00  0  -1.4e-05      0.57 6.676e-01 3.139e-01 5.090e-03 2.309e-03 5.947e-03  7.895 1.841e-02 -5.421 -2.925 -1.147 -4.244
0.01471 0.00000 9.00000 2.3062415123 2.5795990649    1.527  3.965  3.4750 -0.492    8  0.654  1.141   407.55   230.79   140.55   112.07    91.94  0 -4.27e-06      0.06 6.676e-01 3.139e-01 5.088e-03 2.309e-03 5.947e-03  7.894 1.841e-02 -5.144 -3.643 -2.228 -4.802
0.01471 0.00000 9.00000 2.3062422276 2.5795990868    1.527  3.807  3.5062 -0.209    8  0.654  1.140   270.21   138.36    86.23    68.24    55.91  0 -7.86e-07      0.00 6.677e-01 3.139e-01 5.085e-03 2.309e-03 5.947e-03  7.892 1.841e-02 -4.748 -3.590 -2.402 -4.663
0.01471 0.00000 9.00000 2.3062434196 2.5795991233    1.525  3.740  3.5186 -0.092    8  0.654  1.139   215.96   112.01    70.47    55.60    45.53  0 -3.84e-07      0.00 6.677e-01 3.139e-01 5.081e-03 2.309e-03 5.947e-03  7.889 1.840e-02 -4.579 -3.530 -2.415 -4.571
0.01471 0.00000 9.00000 2.3062450886 2.5795991744    1.524  3.786  3.5074 -0.183    8  0.654  1.138   259.85   132.09    82.49    65.24    53.45  0 -6.37e-07      0.00 6.677e-01 3.139e-01 5.074e-03 2.309e-03 5.947e-03  7.884 1.840e-02 -4.694 -3.548 -2.368 -4.616
0.01471 0.00000 9.00000 2.3062472343 2.5795992402    1.522  3.862  3.4894 -0.332    8  0.655  1.136   322.92   172.85   106.64    84.68    69.42  0 -1.47e-06      0.01 6.677e-01 3.139e-01 5.066e-03 2.309e-03 5.947e-03  7.878 1.839e-02 -4.886 -3.580 -2.285 -4.695
0.01471 0.00000 9.00000 2.3062498569 2.5795993205    1.519  3.931  3.4725 -0.469    8  0.655  1.133   393.74   221.28   135.00   107.60    88.26  0 -3.12e-06      0.03 6.678e-01 3.139e-01 5.055e-03 2.309e-03 5.948e-03  7.870 1.837e-02 -5.056 -3.573 -2.155 -4.731
0.01471 0.00000 9.00000 2.3062529564 2.5795994154    1.516  3.974  3.4595 -0.566    8  0.655  1.130   452.70   263.31   159.38   127.37   104.52  0 -5.12e-06      0.06 6.678e-01 3.138e-01 5.043e-03 2.310e-03 5.948e-03  7.861 1.836e-02 -5.166 -3.541 -2.021 -4.734
0.01471 0.00000 9.00000 2.3062567711 2.5795995323    1.513  3.996  3.4502 -0.625    8  0.656  1.127   477.60    -1.00    -1.00    -1.00    -1.00  0 -6.62e-06      0.09 6.678e-01 3.138e-01 5.028e-03 2.310e-03 5.948e-03  7.850 1.835e-02 -5.219 -3.484 -1.887 -4.702
0.01471 0.00000 9.00000 2.3062610626 2.5795996637    1.508  4.003  3.4423 -0.666    8  0.656  1.123   476.94    -1.00    -1.00    -1.00    -1.00  0 -7.47e-06      0.10 6.679e-01 3.138e-01 5.011e-03 2.310e-03 5.948e-03  7.836 1.833e-02 -5.239 -3.440 -1.787 -4.674
0.01471 0.00000 9.00000 2.3062660694 2.5795998171    1.504  4.006  3.4341 -0.703    8  0.657  1.119   476.18    -1.00    -1.00    -1.00    -1.00  0 -8.07e-06      0.11 6.680e-01 3.137e-01 4.991e-03 2.310e-03 5.948e-03  7.821 1.831e-02 -5.246 -3.391 -1.679 -4.641
0.01471 0.00000 9.00000 2.3062660694 2.5795998171    1.504  4.087  3.4180 -0.848    8  0.657  1.196   476.17    -1.00    -1.00    -1.00    -1.00  0 -1.91e-05      1.60 6.668e-01 3.145e-01 5.335e-03 2.306e-03 5.946e-03  8.039 1.868e-02 -5.447 -1.148 1.264 -2.709
0.01471 0.00000 9.00000 2.3062665462 2.5795998317    1.503  3.976  3.4398 -0.650    8  0.657  1.196   476.10    -1.00    -1.00    -1.00    -1.00  0 -5.86e-06      0.39 6.668e-01 3.145e-01 5.334e-03 2.306e-03 5.946e-03  8.038 1.867e-02 -5.170 -2.894 -1.116 -4.192
0.01471 0.00000 9.00000 2.3062672615 2.5795998536    1.502  3.819  3.4708 -0.369    8  0.657  1.195   339.04   184.11   113.23    90.04    73.82  0 -1.09e-06      0.03 6.668e-01 3.145e-01 5.331e-03 2.306e-03 5.946e-03  8.037 1.867e-02 -4.778 -3.298 -1.886 -4.454
0.01471 0.00000 9.00000 2.3062684536 2.5795998901    1.501  3.751  3.4839 -0.249    8  0.657  1.194   284.54   148.14    92.00    72.93    59.75  0 -5.29e-07      0.01 6.669e-01 3.145e-01 5.326e-03 2.306e-03 5.946e-03  8.034 1.867e-02 -4.607 -3.260 -1.944 -4.383
0.01471 0.00000 9.00000 2.3062698841 2.5795999339    1.499  3.797  3.4739 -0.335    8  0.657  1.193   322.59   173.16   106.78    84.84    69.55  0 -8.73e-07      0.02 6.669e-01 3.145e-01 5.320e-03 2.307e-03 5.946e-03  8.031 1.866e-02 -4.722 -3.280 -1.893 -4.427
0.01471 0.00000 9.00000 2.3062720299 2.5795999996    1.496  3.872  3.4576 -0.477    8  0.657  1.191   396.25   223.59   136.30   108.71    89.16  0 -1.98e-06      0.06 6.669e-01 3.144e-01 5.311e-03 2.307e-03 5.946e-03  8.027 1.865e-02 -4.911 -3.292 -1.775 -4.483
0.01471 0.00000 9.00000 2.3062744141 2.5796000727    1.493  3.939  3.4425 -0.605    8  0.658  1.189   474.53    -1.00    -1.00    -1.00    -1.00  0 -4.12e-06      0.23 6.669e-01 3.144e-01 5.300e-03 2.307e-03 5.946e-03  8.021 1.864e-02 -5.079 -3.080 -1.386 -4.338
0.01471 0.00000 9.00000 2.3062775135 2.5796001676    1.490  3.982  3.4317 -0.692    8  0.658  1.186   473.93    -1.00    -1.00    -1.00    -1.00  0 -6.65e-06      0.44 6.670e-01 3.144e-01 5.288e-03 2.307e-03 5.946e-03  8.015 1.863e-02 -5.186 -2.781 -0.923 -4.103
0.01471 0.00000 9.00000 2.3062810898 2.5796002771    1.485  4.003  3.4250 -0.742    8  0.659  1.182   473.22    -1.00    -1.00    -1.00    -1.00  0 -8.47e-06      0.56 6.670e-01 3.144e-01 5.273e-03 2.307e-03 5.946e-03  8.007 1.861e-02 -5.238 -2.618 -0.668 -3.974
0.01471 0.00000 9.00000 2.3062853813 2.5796004086    1.480  4.011  3.4203 -0.769    8  0.659  1.179   472.40    -1.00    -1.00    -1.00    -1.00  0 -9.43e-06      0.65 6.671e-01 3.143e-01 5.256e-03 2.307e-03 5.947e-03  7.998 1.859e-02 -5.257 -2.472 -0.455 -3.852
0.01471 0.00000 9.00000 2.3062901497 2.5796005546    1.474  4.014  3.4159 -0.791    8  0.660  1.174   471.46    -1.00    -1.00    -1.00    -1.00  0    -1e-05      0.71 6.672e-01 3.143e-01 5.237e-03 2.307e-03 5.947e-03  7.987 1.857e-02 -5.264 -2.372 -0.311 -3.768
0.01471 0.00000 9.00000 2.3062901497 2.5796005546    1.474  4.097  3.3983 -0.945    8  0.660  1.251   471.45    -1.00    -1.00    -1.00    -1.00  0 -2.46e-05      2.70 6.660e-01 3.150e-01 5.578e-03 2.304e-03 5.945e-03  8.146 1.894e-02 -5.473 0.535 3.389 -1.210
0.01471 0.00000 9.00000 2.3062906265 2.5796005692    1.473  3.987  3.4214 -0.743    8  0.660  1.250   471.34    -1.00    -1.00    -1.00    -1.00  0 -7.53e-06      0.74 6.660e-01 3.150e-01 5.575e-03 2.304e-03 5.945e-03  8.145 1.893e-02 -5.197 -2.276 -0.235 -3.671
0.01471 0.00000 9.00000 2.3062913418 2.5796005911    1.472  3.831  3.4542 -0.456    8  0.660  1.249   382.34   214.47   130.94   104.43    85.64  0 -1.41e-06      0.07 6.661e-01 3.150e-01 5.570e-03 2.304e-03 5.945e-03  8.143 1.893e-02 -4.807 -3.141 -1.600 -4.341
0.01471 0.00000 9.00000 2.3062922955 2.5796006204    1.470  3.762  3.4685 -0.331    8  0.660  1.247   318.17   170.88   105.40    83.79    68.67  0 -6.76e-07      0.03 6.661e-01 3.150e-01 5.562e-03 2.304e-03 5.945e-03  8.140 1.892e-02 -4.635 -3.138 -1.716 -4.298
0.01471 0.00000 9.00000 2.3062939644 2.5796006715    1.467  3.808  3.4586 -0.417    8  0.660  1.245   360.58   199.58   122.23    97.40    79.85  0 -1.11e-06      0.05 6.661e-01 3.150e-01 5.552e-03 2.304e-03 5.945e-03  8.136 1.891e-02 -4.749 -3.146 -1.645 -4.332
0.01471 0.00000 9.00000 2.3062958717 2.5796007299    1.463  3.882  3.4424 -0.557    8  0.660  1.242   442.33   257.08   155.66   124.51   102.14  0 -2.51e-06      0.19 6.662e-01 3.149e-01 5.539e-03 2.304e-03 5.945e-03  8.131 1.890e-02 -4.936 -3.001 -1.329 -4.249
0.01471 0.00000 9.00000 2.3062982559 2.5796008029    1.459  3.948  3.4278 -0.683    8  0.661  1.239   469.00    -1.00    -1.00    -1.00    -1.00  0 -5.16e-06      0.46 6.662e-01 3.149e-01 5.525e-03 2.304e-03 5.945e-03  8.125 1.888e-02 -5.100 -2.651 -0.765 -3.982
0.01471 0.00000 9.00000 2.3063013554 2.5796008978    1.453  3.990  3.4181 -0.766    8  0.661  1.236   468.10    -1.00    -1.00    -1.00    -1.00  0 -8.25e-06      0.79 6.663e-01 3.149e-01 5.511e-03 2.304e-03 5.945e-03  8.119 1.887e-02 -5.206 -2.185 -0.103 -3.595
0.01471 0.00000 9.00000 2.3063046932 2.5796010001    1.447  4.010  3.4129 -0.809    8  0.661  1.233   467.04    -1.00    -1.00    -1.00    -1.00  0 -1.04e-05      1.01 6.663e-01 3.148e-01 5.497e-03 2.305e-03 5.945e-03  8.113 1.885e-02 -5.256 -1.884 0.302 -3.339
0.01471 0.00000 9.00000 2.3063089848 2.5796011315    1.439  4.018  3.4103 -0.829    8  0.662  1.230   465.81    -1.00    -1.00    -1.00    -1.00  0 -1.15e-05      1.09 6.663e-01 3.148e-01 5.486e-03 2.305e-03 5.945e-03  8.109 1.884e-02 -5.275 -1.774 0.447 -3.245
0.01471 0.00000 9.00000 2.3063135147 2.5796012703    1.431  4.021  3.4086 -0.841    8  0.662  1.229   464.42    -1.00    -1.00    -1.00    -1.00  0 -1.22e-05      1.16 6.664e-01 3.148e-01 5.479e-03 2.305e-03 5.945e-03  8.105 1.883e-02 -5.282 -1.673 0.576 -3.157
0.01471 0.00000 9.00000 2.3063135147 2.5796012703    1.430  4.107  3.3893 -1.004    8  0.662  1.287   464.39    -1.00    -1.00    -1.00    -1.00  0  -3.1e-05      3.77 6.655e-01 3.154e-01 5.740e-03 2.302e-03 5.944e-03  8.205 1.911e-02 -5.498 2.166 5.430 0.254
0.01471 0.00000 9.00000 2.3063139915 2.5796012849    1.430  3.997  3.4137 -0.797    8  0.662  1.287   464.23    -1.00    -1.00    -1.00    -1.00  0 -1.72e-07      0.00 6.655e-01 3.154e-01 5.737e-03 2.302e-03 5.944e-03  8.205 1.911e-02 -5.223 -3.451 -1.661 -4.707
0.01471 0.00000 9.00000 2.3063147068 2.5796013068    1.428  3.842  3.4480 -0.506    8  0.662  1.286   406.86   232.68   141.44   113.07    92.71  0 -1.78e-06      0.16 6.655e-01 3.154e-01 5.733e-03 2.302e-03 5.944e-03  8.203 1.911e-02 -4.835 -2.985 -1.366 -4.217
0.01471 0.00000 9.00000 2.3063156605 2.5796013360    1.425  3.773  3.4630 -0.377    8  0.663  1.285   336.63   184.29   113.20    90.19    73.91  0 -8.49e-07      0.05 6.655e-01 3.154e-01 5.727e-03 2.302e-03 5.944e-03  8.201 1.910e-02 -4.662 -3.089 -1.620 -4.266
0.01471 0.00000 9.00000 2.3063170910 2.5796013798    1.421  3.818  3.4523 -0.466    8  0.663  1.283   383.46   216.46   131.99   105.43    86.43  0  -1.4e-06      0.09 6.656e-01 3.153e-01 5.719e-03 2.302e-03 5.944e-03  8.198 1.909e-02 -4.776 -3.061 -1.500 -4.270
0.01471 0.00000 9.00000 2.3063189983 2.5796014382    1.415  3.892  3.4352 -0.610    8  0.663  1.281   461.90    -1.00    -1.00    -1.00    -1.00  0 -3.16e-06      0.31 6.656e-01 3.153e-01 5.710e-03 2.302e-03 5.944e-03  8.195 1.908e-02 -4.959 -2.788 -1.017 -4.075
0.01471 0.00000 9.00000 2.3063213825 2.5796015112    1.409  3.956  3.4198 -0.739    8  0.663  1.279   460.81    -1.00    -1.00    -1.00    -1.00  0 -6.47e-06      0.72 6.656e-01 3.153e-01 5.701e-03 2.302e-03 5.944e-03  8.192 1.907e-02 -5.121 -2.217 -0.173 -3.611
0.01471 0.00000 9.00000 2.3063242435 2.5796015989    1.401  3.998  3.4093 -0.824    8  0.664  1.277   459.49    -1.00    -1.00    -1.00    -1.00  0 -1.03e-05      1.20 6.656e-01 3.153e-01 5.695e-03 2.302e-03 5.944e-03  8.190 1.906e-02 -5.224 -1.543 0.722 -3.034
0.01471 0.00000 9.00000 2.3063275814 2.5796017011    1.391  4.017  3.4034 -0.870    8  0.664  1.277   457.95    -1.00    -1.00    -1.00    -1.00  0 -1.32e-05      1.59 6.657e-01 3.153e-01 5.693e-03 2.302e-03 5.944e-03  8.189 1.906e-02 -5.273 -0.980 1.444 -2.542
0.01471 0.00000 9.00000 2.3063313961 2.5796018179    1.380  4.024  3.4000 -0.894    8  0.665  1.278   456.16    -1.00    -1.00    -1.00    -1.00  0 -1.47e-05      1.78 6.656e-01 3.153e-01 5.698e-03 2.302e-03 5.944e-03  8.191 1.907e-02 -5.291 -0.699 1.802 -2.296
0.01471 0.00000 9.00000 2.3063359261 2.5796019567    1.368  4.027  3.3973 -0.912    8  0.665  1.281   454.13    -1.00    -1.00    -1.00    -1.00  0 -1.57e-05      1.91 6.656e-01 3.153e-01 5.713e-03 2.302e-03 5.944e-03  8.196 1.908e-02 -5.298 -0.501 2.052 -2.121
0.01471 0.00000 9.00000 2.3063359261 2.5796019567    1.368  4.116  3.3770 -1.082    8  0.665  1.311   454.09    -1.00    -1.00    -1.00    -1.00  0 -1.07e-06      0.06 6.652e-01 3.156e-01 5.845e-03 2.301e-03 5.944e-03  8.240 1.923e-02 -5.521 -3.663 -1.835 -4.932
0.01471 0.00000 9.00000 2.3063364029 2.5796019713    1.367  4.007  3.4017 -0.874    8  0.665  1.311   453.87    -1.00    -1.00    -1.00    -1.00  0 -4.08e-07      0.02 6.652e-01 3.156e-01 5.845e-03 2.301e-03 5.944e-03  8.240 1.923e-02 -5.247 -3.453 -1.646 -4.714
0.01471 0.00000 9.00000 2.3063368797 2.5796019859    1.364  3.853  3.4363 -0.583    8  0.665  1.311   449.36   264.44   159.66   128.09   105.03  0 -6.99e-08      0.00 6.652e-01 3.156e-01 5.844e-03 2.301e-03 5.944e-03  8.240 1.923e-02 -4.862 -3.199 -1.561 -4.418
0.01471 0.00000 9.00000 2.3063378334 2.5796020151    1.360  3.783  3.4516 -0.453    8  0.665  1.311   370.45   208.86   127.44   101.90    83.50  0 -5.36e-08      0.00 6.652e-01 3.156e-01 5.844e-03 2.301e-03 5.944e-03  8.240 1.923e-02 -4.687 -3.118 -1.590 -4.307
0.01471 0.00000 9.00000 2.3063392639 2.5796020589    1.355  3.828  3.4407 -0.544    8  0.666  1.311   423.08   245.85   148.90   119.36    97.85  0 -7.03e-08      0.00 6.652e-01 3.156e-01 5.844e-03 2.301e-03 5.944e-03  8.240 1.923e-02 -4.800 -3.164 -1.560 -4.374
0.01471 0.00000 9.00000 2.3063409328 2.5796021100    1.348  3.901  3.4233 -0.688    8  0.666  1.312   450.67    -1.00    -1.00    -1.00    -1.00  0 -2.81e-07      0.01 6.651e-01 3.156e-01 5.846e-03 2.301e-03 5.943e-03  8.240 1.923e-02 -4.982 -3.233 -1.496 -4.477
0.01471 0.00000 9.00000 2.3063430786 2.5796021757    1.339  3.964  3.4076 -0.817    8  0.666  1.313   449.18    -1.00    -1.00    -1.00    -1.00  0  -7.5e-07      0.04 6.651e-01 3.156e-01 5.851e-03 2.301e-03 5.943e-03  8.242 1.923e-02 -5.140 -3.305 -1.497 -4.570
0.01471 0.00000 9.00000 2.3063457012 2.5796022561    1.328  4.004  3.3968 -0.904    8  0.666  1.315   447.38    -1.00    -1.00    -1.00    -1.00  0 -1.21e-06      0.09 6.651e-01 3.157e-01 5.860e-03 2.301e-03 5.943e-03  8.245 1.924e-02 -5.241 -3.333 -1.493 -4.609
0.01471 0.00000 9.00000 2.3063490391 2.5796023583    1.316  4.024  3.3905 -0.952    8  0.667  1.318   445.28    -1.00    -1.00    -1.00    -1.00  0 -4.58e-07      0.02 6.651e-01 3.157e-01 5.875e-03 2.300e-03 5.943e-03  8.249 1.926e-02 -5.289 -3.491 -1.680 -4.754
0.01471 0.00000 9.00000 2.3063526154 2.5796024678    1.301  4.031  3.3866 -0.980    8  0.667  1.323   442.85    -1.00    -1.00    -1.00    -1.00  0 -5.04e-07      0.02 6.650e-01 3.157e-01 5.899e-03 2.300e-03 5.943e-03  8.257 1.929e-02 -5.306 -3.505 -1.693 -4.768
0.01471 0.00000 9.00000 2.3063566685 2.5796025919    1.285  4.033  3.3833 -1.001    8  0.668  1.331   440.08    -1.00    -1.00    -1.00    -1.00  0 -5.04e-07      0.02 6.649e-01 3.158e-01 5.934e-03 2.300e-03 5.943e-03  8.267 1.932e-02 -5.313 -3.511 -1.698 -4.774
0.01471 0.00000 9.00000 2.3063566685 2.5796025919    1.285  4.125  3.3620 -1.178    8  0.668  1.336   440.00    -1.00    -1.00    -1.00    -1.00  0 -1.93e-06      0.11 6.648e-01 3.159e-01 5.956e-03 2.300e-03 5.943e-03  8.274 1.935e-02 -5.543 -3.602 -1.753 -4.881
0.01471 0.00000 9.00000 2.3063571453 2.5796026065    1.283  4.016  3.3871 -0.969    8  0.668  1.337   439.68    -1.00    -1.00    -1.00    -1.00  0 -8.88e-07      0.06 6.648e-01 3.159e-01 5.959e-03 2.300e-03 5.943e-03  8.275 1.935e-02 -5.269 -3.406 -1.576 -4.676
0.01471 0.00000 9.00000 2.3063576221 2.5796026211    1.279  3.863  3.4223 -0.677    8  0.668  1.338   439.05    -1.00    -1.00    -1.00    -1.00  0 -3.14e-07      0.02 6.648e-01 3.159e-01 5.965e-03 2.299e-03 5.943e-03  8.276 1.936e-02 -4.887 -3.124 -1.382 -4.371
0.01471 0.00000 9.00000 2.3063585758 2.5796026504    1.273  3.793  3.4385 -0.544    8  0.668  1.340   415.04   242.00   146.47   117.65    96.40  0 -2.04e-07      0.01 6.647e-01 3.159e-01 5.974e-03 2.299e-03 5.943e-03  8.279 1.937e-02 -4.711 -3.047 -1.426 -4.263
0.01471 0.00000 9.00000 2.3063600063 2.5796026942    1.266  3.838  3.4277 -0.635    8  0.668  1.343   436.70    -1.00    -1.00    -1.00    -1.00  0 -2.43e-07      0.01 6.647e-01 3.159e-01 5.987e-03 2.299e-03 5.943e-03  8.283 1.938e-02 -4.824 -3.094 -1.390 -4.331
0.01471 0.00000 9.00000 2.3063619137 2.5796027526    1.255  3.909  3.4104 -0.779    8  0.668  1.347   434.93    -1.00    -1.00    -1.00    -1.00  0 -8.69e-07      0.08 6.646e-01 3.160e-01 6.003e-03 2.299e-03 5.943e-03  8.287 1.940e-02 -5.003 -3.110 -1.292 -4.380
0.01471 0.00000 9.00000 2.3063640594 2.5796028183    1.243  3.971  3.3950 -0.907    8  0.669  1.352   432.73    -1.00    -1.00    -1.00    -1.00  0    -2e-06      0.18 6.646e-01 3.160e-01 6.024e-03 2.299e-03 5.943e-03  8.293 1.942e-02 -5.159 -3.096 -1.219 -4.392
0.01471 0.00000 9.00000 2.3063666821 2.5796028986    1.228  4.011  3.3848 -0.993    8  0.669  1.357   430.08    -1.00    -1.00    -1.00    -1.00  0 -7.34e-07      0.05 6.645e-01 3.161e-01 6.049e-03 2.299e-03 5.942e-03  8.300 1.945e-02 -5.257 -3.403 -1.576 -4.672
0.01471 0.00000 9.00000 2.3063700199 2.5796030008    1.210  4.030  3.3793 -1.040    8  0.670  1.364   426.97    -1.00    -1.00    -1.00    -1.00  0  -8.8e-07      0.06 6.644e-01 3.161e-01 6.079e-03 2.298e-03 5.942e-03  8.309 1.948e-02 -5.304 -3.440 -1.611 -4.710
0.01471 0.00000 9.00000 2.3063735962 2.5796031104    1.190  4.036  3.3767 -1.064    8  0.670  1.372   423.40    -1.00    -1.00    -1.00    -1.00  0 -9.11e-07      0.06 6.643e-01 3.162e-01 6.114e-03 2.298e-03 5.942e-03  8.318 1.952e-02 -5.321 -3.454 -1.623 -4.724
0.01471 0.00000 9.00000 2.3063778877 2.5796032418    1.167  4.039  3.3751 -1.081    8  0.671  1.381   419.36    -1.00    -1.00    -1.00    -1.00  0 -1.29e-06      0.09 6.641e-01 3.163e-01 6.154e-03 2.297e-03 5.942e-03  8.328 1.956e-02 -5.327 -3.406 -1.563 -4.684
0.01471 0.00000 9.00000 2.3063778877 2.5796032418    1.166  4.134  3.3513 -1.272    8  0.671  1.385   419.18    -1.00    -1.00    -1.00    -1.00  0 -2.23e-06      0.14 6.641e-01 3.163e-01 6.172e-03 2.297e-03 5.942e-03  8.333 1.958e-02 -5.565 -3.575 -1.715 -4.861
0.01471 0.00000 9.00000 2.3063783646 2.5796032564    1.163  4.025  3.3785 -1.055    8  0.671  1.386   418.63    -1.00    -1.00    -1.00    -1.00  0 -1.07e-06      0.08 6.641e-01 3.164e-01 6.175e-03 2.297e-03 5.942e-03  8.334 1.959e-02 -5.292 -3.394 -1.556 -4.668
0.01471 0.00000 9.00000 2.3063788414 2.5796032710    1.158  3.873  3.4163 -0.754    8  0.671  1.387   417.56    -1.00    -1.00    -1.00    -1.00  0  -8.2e-07      0.09 6.640e-01 3.164e-01 6.179e-03 2.297e-03 5.942e-03  8.335 1.959e-02 -4.913 -3.013 -1.201 -4.282
0.01471 0.00000 9.00000 2.3063797951 2.5796033002    1.148  3.802  3.4339 -0.617    8  0.671  1.388   415.89    -1.00    -1.00    -1.00    -1.00  0 -4.92e-07      0.05 6.640e-01 3.164e-01 6.187e-03 2.297e-03 5.942e-03  8.337 1.960e-02 -4.736 -2.985 -1.309 -4.218
0.01471 0.00000 9.00000 2.3063812256 2.5796033440    1.136  3.847  3.4224 -0.712    8  0.671  1.391   413.58    -1.00    -1.00    -1.00    -1.00  0 -5.92e-07      0.06 6.640e-01 3.164e-01 6.197e-03 2.297e-03 5.942e-03  8.339 1.961e-02 -4.848 -3.014 -1.248 -4.270
0.01471 0.00000 9.00000 2.3063828945 2.5796033951    1.119  3.918  3.4043 -0.862    8  0.671  1.394   410.58    -1.00    -1.00    -1.00    -1.00  0 -1.94e-06      0.22 6.639e-01 3.164e-01 6.211e-03 2.297e-03 5.941e-03  8.343 1.962e-02 -5.024 -2.911 -1.027 -4.212
0.01471 0.00000 9.00000 2.3063850403 2.5796034609    1.099  3.979  3.3886 -0.993    8  0.672  1.398   406.86    -1.00    -1.00    -1.00    -1.00  0  -3.9e-06      0.47 6.639e-01 3.165e-01 6.228e-03 2.297e-03 5.941e-03  8.347 1.964e-02 -5.177 -2.655 -0.664 -4.009
0.01471 0.00000 9.00000 2.3063876629 2.5796035412    1.075  4.018  3.3788 -1.081    8  0.672  1.402   402.42    -1.00    -1.00    -1.00    -1.00  0 -8.02e-07      0.06 6.638e-01 3.165e-01 6.249e-03 2.296e-03 5.941e-03  8.352 1.967e-02 -5.274 -3.411 -1.581 -4.681
0.01471 0.00000 9.00000 2.3063905239 2.5796036288    1.048  4.036  3.3744 -1.128    8  0.673  1.408   397.25    -1.00    -1.00    -1.00    -1.00  0 -8.75e-07      0.06 6.637e-01 3.166e-01 6.275e-03 2.296e-03 5.941e-03  8.359 1.969e-02 -5.320 -3.451 -1.620 -4.722
0.01471 0.00000 9.00000 2.3063941002 2.5796037383    1.017  4.043  3.3735 -1.151    8  0.673  1.415   391.34    -1.00    -1.00    -1.00    -1.00  0 -7.68e-07      0.05 6.636e-01 3.166e-01 6.304e-03 2.296e-03 5.941e-03  8.366 1.973e-02 -5.336 -3.479 -1.651 -4.749
0.01471 0.00000 9.00000 2.3063981533 2.5796038625    0.983  4.045  3.3744 -1.165    8  0.674  1.423   376.21    -1.00    -1.00    -1.00    -1.00  0 -6.82e-06      0.84 6.635e-01 3.167e-01 6.339e-03 2.295e-03 5.941e-03  8.374 1.976e-02 -5.343 -2.240 -0.106 -3.666
0.01471 0.00000 9.00000 2.3063981533 2.5796038625    0.982  4.143  3.3486 -1.366    8  0.674  1.425   375.78    -1.00    -1.00    -1.00    -1.00  0 -8.53e-06      0.84 6.635e-01 3.167e-01 6.347e-03 2.295e-03 5.941e-03  8.376 1.977e-02 -5.587 -2.476 -0.339 -3.902
0.01471 0.00000 9.00000 2.3063986301 2.5796038771    0.980  4.034  3.3763 -1.148    8  0.674  1.425   374.26    -1.00    -1.00    -1.00    -1.00  0  -6.6e-06      0.83 6.635e-01 3.167e-01 6.348e-03 2.295e-03 5.941e-03  8.376 1.977e-02 -5.316 -2.227 -0.097 -3.651
0.01471 0.00000 9.00000 2.3063991070 2.5796038917    0.976  3.884  3.4146 -0.846    8  0.674  1.425   371.27    -1.00    -1.00    -1.00    -1.00  0  -1.5e-06      0.19 6.635e-01 3.167e-01 6.350e-03 2.295e-03 5.941e-03  8.377 1.978e-02 -4.939 -2.876 -1.007 -4.171
0.01471 0.00000 9.00000 2.3064000607 2.5796039209    0.969  3.812  3.4320 -0.707    8  0.674  1.426   366.66    -1.00    -1.00    -1.00    -1.00  0 -9.74e-07      0.11 6.635e-01 3.167e-01 6.354e-03 2.295e-03 5.941e-03  8.377 1.978e-02 -4.760 -2.884 -1.155 -4.138
0.01471 0.00000 9.00000 2.3064012527 2.5796039574    0.960  3.856  3.4183 -0.810    8  0.674  1.427   360.34    -1.00    -1.00    -1.00    -1.00  0  -1.1e-06      0.13 6.635e-01 3.168e-01 6.358e-03 2.295e-03 5.941e-03  8.378 1.979e-02 -4.870 -2.908 -1.079 -4.186
0.01471 0.00000 9.00000 2.3064029217 2.5796040085    0.948  3.925  3.3975 -0.968    8  0.675  1.428   352.26    -1.00    -1.00    -1.00    -1.00  0 -2.92e-06      0.40 6.634e-01 3.168e-01 6.364e-03 2.295e-03 5.941e-03  8.380 1.979e-02 -5.043 -2.637 -0.675 -3.977
0.01471 0.00000 9.00000 2.3064048290 2.5796040669    0.933  3.984  3.3792 -1.108    8  0.675  1.430   342.43    -1.00    -1.00    -1.00    -1.00  0 -4.74e-06      0.58 6.634e-01 3.168e-01 6.372e-03 2.295e-03 5.941e-03  8.381 1.980e-02 -5.191 -2.500 -0.469 -3.876
0.01471 0.00000 9.00000 2.3064074516 2.5796041472    0.916  4.021  3.3676 -1.199    8  0.675  1.432   330.92    -1.00    -1.00    -1.00    -1.00  0 -5.11e-06      0.57 6.634e-01 3.168e-01 6.381e-03 2.295e-03 5.941e-03  8.384 1.981e-02 -5.283 -2.606 -0.578 -3.981
0.01471 0.00000 9.00000 2.3064103127 2.5796042348    0.896  4.038  3.3630 -1.244    8  0.676  1.435   317.84    -1.00    -1.00    -1.00    -1.00  0 -4.89e-06      0.52 6.634e-01 3.168e-01 6.393e-03 2.295e-03 5.941e-03  8.386 1.982e-02 -5.325 -2.716 -0.704 -4.082
0.01471 0.00000 9.00000 2.3064136505 2.5796043371    0.873  4.043  3.3642 -1.256    8  0.676  1.438   303.33    -1.00    -1.00    -1.00    -1.00  0 -4.47e-06      0.47 6.633e-01 3.169e-01 6.406e-03 2.295e-03 5.940e-03  8.389 1.984e-02 -5.338 -2.809 -0.817 -4.165
0.01471 0.00000 9.00000 2.3064174652 2.5796044539    0.847  4.044  3.3703 -1.245    8  0.677  1.441   287.58    -1.00    -1.00    -1.00    -1.00  0 -3.94e-06      0.42 6.633e-01 3.169e-01 6.422e-03 2.294e-03 5.940e-03  8.393 1.985e-02 -5.341 -2.905 -0.936 -4.249
0.01471 0.00000 9.00000 2.3064174652 2.5796044539    0.847  4.145  3.3384 -1.474    8  0.677  1.442   287.27    -1.00    -1.00    -1.00    -1.00  0 -4.96e-06      0.41 6.633e-01 3.169e-01 6.423e-03 2.294e-03 5.940e-03  8.393 1.986e-02 -5.594 -3.173 -1.207 -4.515
0.01471 0.00000 9.00000 2.3064177036 2.5796044612    0.845  4.037  3.3720 -1.232    8  0.677  1.442   286.43    -1.00    -1.00    -1.00    -1.00  0 -3.84e-06      0.41 6.633e-01 3.169e-01 6.424e-03 2.294e-03 5.940e-03  8.393 1.986e-02 -5.323 -2.895 -0.928 -4.238
0.01471 0.00000 9.00000 2.3064184189 2.5796044831    0.843  3.888  3.4183 -0.899    8  0.677  1.442   284.79    -1.00    -1.00    -1.00    -1.00  0 -8.71e-07      0.10 6.632e-01 3.169e-01 6.424e-03 2.294e-03 5.940e-03  8.393 1.986e-02 -4.950 -3.038 -1.207 -4.312
0.01471 0.00000 9.00000 2.3064191341 2.5796045050    0.839  3.815  3.4401 -0.741    8  0.677  1.442   282.25    -1.00    -1.00    -1.00    -1.00  0 -1.38e-06      0.17 6.632e-01 3.169e-01 6.425e-03 2.294e-03 5.940e-03  8.394 1.986e-02 -4.768 -2.842 -1.137 -4.097
0.01471 0.00000 9.00000 2.3064203262 2.5796045415    0.833  3.859  3.4252 -0.848    8  0.678  1.443   278.74    -1.00    -1.00    -1.00    -1.00  0 -5.24e-07      0.06 6.632e-01 3.169e-01 6.427e-03 2.294e-03 5.940e-03  8.394 1.986e-02 -4.878 -3.059 -1.290 -4.315
0.01471 0.00000 9.00000 2.3064219952 2.5796045926    0.825  3.927  3.4033 -1.007    8  0.678  1.443   274.24    -1.00    -1.00    -1.00    -1.00  0 -1.44e-06      0.16 6.632e-01 3.169e-01 6.429e-03 2.294e-03 5.940e-03  8.394 1.986e-02 -5.047 -3.028 -1.161 -4.319
0.01471 0.00000 9.00000 2.3064239025 2.5796046510    0.816  3.985  3.3856 -1.141    8  0.678  1.444   268.71    -1.00    -1.00    -1.00    -1.00  0 -2.46e-06      0.25 6.632e-01 3.169e-01 6.432e-03 2.294e-03 5.940e-03  8.395 1.987e-02 -5.192 -3.024 -1.121 -4.334
0.01471 0.00000 9.00000 2.3064262867 2.5796047240    0.805  4.020  3.3770 -1.217    8  0.679  1.444   262.18    -1.00    -1.00    -1.00    -1.00  0 -2.88e-06      0.29 6.632e-01 3.169e-01 6.435e-03 2.294e-03 5.940e-03  8.396 1.987e-02 -5.281 -3.054 -1.136 -4.371
0.01471 0.00000 9.00000 2.3064291477 2.5796048117    0.792  4.037  3.3777 -1.237    8  0.679  1.445   254.68    -1.00    -1.00    -1.00    -1.00  0 -9.05e-06      1.22 6.632e-01 3.169e-01 6.438e-03 2.294e-03 5.940e-03  8.397 1.987e-02 -5.321 -1.610 0.675 -3.107
0.01471 0.00000 9.00000 2.3064322472 2.5796049066    0.778  4.042  3.3864 -1.215    8  0.680  1.446   246.25    -1.00    -1.00    -1.00    -1.00  0 -8.28e-06      1.07 6.632e-01 3.169e-01 6.443e-03 2.294e-03 5.940e-03  8.397 1.988e-02 -5.334 -1.855 0.372 -3.326
0.01471 0.00000 9.00000 2.3064360619 2.5796050234    0.761  4.042  3.4024 -1.161    8  0.680  1.447   236.96    -1.00    -1.00    -1.00    -1.00  0 -6.54e-06      0.84 6.632e-01 3.169e-01 6.448e-03 2.294e-03 5.940e-03  8.399 1.988e-02 -5.336 -2.222 -0.086 -3.649
0.01471 0.00000 9.00000 2.3064360619 2.5796050234    0.761  4.146  3.3688 -1.399    8  0.680  1.447   236.87    -1.00    -1.00    -1.00    -1.00  0 -1.17e-05      1.30 6.632e-01 3.169e-01 6.448e-03 2.294e-03 5.940e-03  8.399 1.988e-02 -5.596 -1.768 0.546 -3.278
0.01471 0.00000 9.00000 2.3064363003 2.5796050307    0.761  4.039  3.4033 -1.154    8  0.680  1.447   236.53    -1.00    -1.00    -1.00    -1.00  0 -6.05e-06      0.77 6.632e-01 3.169e-01 6.448e-03 2.294e-03 5.940e-03  8.399 1.988e-02 -5.327 -2.332 -0.225 -3.744
0.01471 0.00000 9.00000 2.3064370155 2.5796050526    0.759  3.891  3.4499 -0.821    8  0.680  1.447   235.85    -1.00    -1.00    -1.00    -1.00  0 -1.71e-06      0.18 6.632e-01 3.169e-01 6.448e-03 2.294e-03 5.940e-03  8.399 1.988e-02 -4.957 -3.072 -1.410 -4.316
0.01471 0.00000 9.00000 2.3064377308 2.5796050745    0.757  3.818  3.4715 -0.662    8  0.681  1.448   234.80    -1.00    -1.00    -1.00    -1.00  0 -7.43e-07      0.07 6.632e-01 3.169e-01 6.449e-03 2.294e-03 5.940e-03  8.399 1.988e-02 -4.774 -3.212 -1.748 -4.388
0.01471 0.00000 9.00000 2.3064389229 2.5796051110    0.755  3.861  3.4566 -0.767    8  0.681  1.448   233.34    -1.00    -1.00    -1.00    -1.00  0  -1.4e-06      0.14 6.632e-01 3.170e-01 6.450e-03 2.294e-03 5.940e-03  8.399 1.989e-02 -4.883 -3.100 -1.501 -4.325
0.01471 0.00000 9.00000 2.3064403534 2.5796051548    0.751  3.928  3.4360 -0.918    8  0.681  1.448   231.46    -1.00    -1.00    -1.00    -1.00  0 -2.66e-06      0.32 6.632e-01 3.170e-01 6.451e-03 2.294e-03 5.940e-03  8.399 1.989e-02 -5.051 -2.865 -1.053 -4.162
0.01471 0.00000 9.00000 2.3064422607 2.5796052132    0.747  3.985  3.4207 -1.039    8  0.681  1.448   229.12    -1.00    -1.00    -1.00    -1.00  0 -3.81e-06      0.47 6.632e-01 3.170e-01 6.452e-03 2.294e-03 5.940e-03  8.400 1.989e-02 -5.193 -2.681 -0.713 -4.031
0.01471 0.00000 9.00000 2.3064444065 2.5796052789    0.742  4.020  3.4147 -1.101    8  0.682  1.449   226.33    -1.00    -1.00    -1.00    -1.00  0 -4.55e-06      0.54 6.632e-01 3.170e-01 6.454e-03 2.294e-03 5.940e-03  8.400 1.989e-02 -5.281 -2.639 -0.619 -4.009
0.01471 0.00000 9.00000 2.3064470291 2.5796053593    0.736  4.036  3.4174 -1.110    8  0.682  1.449   223.08    -1.00    -1.00    -1.00    -1.00  0 -4.51e-06      0.52 6.631e-01 3.170e-01 6.456e-03 2.294e-03 5.940e-03  8.400 1.989e-02 -5.321 -2.727 -0.727 -4.090
0.01471 0.00000 9.00000 2.3064498901 2.5796054469    0.730  4.042  3.4271 -1.080    8  0.683  1.450   219.38    -1.00    -1.00    -1.00    -1.00  0  -3.9e-06      0.42 6.631e-01 3.170e-01 6.458e-03 2.294e-03 5.940e-03  8.401 1.989e-02 -5.335 -2.937 -1.026 -4.268
0.01471 0.00000 9.00000 2.3064534664 2.5796055564    0.722  4.043  3.4432 -1.022    8  0.683  1.450   215.22    -1.00    -1.00    -1.00    -1.00  0 -2.79e-06      0.23 6.631e-01 3.170e-01 6.461e-03 2.294e-03 5.940e-03  8.401 1.990e-02 -5.338 -3.333 -1.604 -4.600
0.01471 0.00000 9.00000 2.3064670563 2.5796059726    0.685 -9.999  4.0000  1.239    9  0.685  0.000     0.00     0.00     0.00     0.00     0.00 -1    -1e-30      0.00 6.631e-01 3.170e-01 6.466e-03 2.294e-03 5.940e-03  8.403 1.990e-02 29.767 29.981 29.971 29.987
# Zini     MH   logAge Mini        int_IMF         Mass   logL    logTe  logg  label   McoreTP C_O  period0  period1  period2  period3  period4  pmode  Mloss  tau1m   X   Y   Xc  Xn  Xo  Cexcess  Z 	 mbolmag  Gmag    G_BPmag  G_RPmag
0.01471 0.00000 9.20000 0.0900000036 1.0816895926    0.090 -3.418  3.3636  5.216    0  0.000  0.545     0.00     0.00     0.00     0.00     0.00 -1 -3.98e-17      0.00 7.105e-01 2.747e-01 2.655e-03 7.163e-04 6.496e-03 -1.000 1.476e-02 13.314 15.364 18.297 13.872
0.01471 0.00000 9.20000 0.0908530131 1.0898110494    0.091 -3.402  3.3659  5.214    0  0.000  0.545     0.00     0.00     0.00     0.00     0.00 -1 -4.12e-17      0.00 7.105e-01 2.747e-01 2.655e-03 7.163e-04 6.496e-03 -1.000 1.476e-02 13.275 15.324 18.257 13.833
0.01471 0.00000 9.20000 0.1000000015 1.1711064122    0.100 -3.238  3.3893  5.185    0  0.000  0.545     0.00     0.00     0.00     0.00     0.00 -1  -5.9e-17      0.00 7.105e-01 2.747e-01 2.655e-03 7.163e-04 6.496e-03 -1.000 1.476e-02 12.864 14.913 17.834 13.423
0.01471 0.00000 9.20000 0.1103847176 1.2524274303    0.110 -3.095  3.4083  5.161    0  0.000  0.545     0.00     0.00     0.00     0.00     0.00 -1    -8e-17      0.00 7.104e-01 2.748e-01 2.655e-03 7.163e-04 6.496e-03 -1.000 1.476e-02 12.507 14.554 17.466 13.065
0.01471 0.00000 9.20000 0.1157503650 1.2906451180    0.116 -3.026  3.4175  5.149    0  0.000  0.545     0.00     0.00     0.00     0.00     0.00 -1 -9.28e-17      0.00 7.104e-01 2.748e-01 2.655e-03 7.163e-04 6.496e-03 -1.000 1.476e-02 12.334 14.363 17.245 12.879
0.01471 0.00000 9.20000 0.1200000048 1.3193154741    0.120 -2.973  3.4244  5.140    0  0.000  0.545     0.00     0.00     0.00     0.00     0.00 -1 -1.04e-16      0.00 7.104e-01 2.749e-01 2.655e-03 7.163e-04 6.496e-03 -1.000 1.476e-02 12.203 14.149 16.912 12.684
0.01471 0.00000 9.20000 0.1400000006 1.4384526719    0.140 -2.791  3.4443  5.104    0  0.000  0.545     0.00     0.00     0.00     0.00     0.00 -1 -1.53e-16      0.00 7.103e-01 2.750e-01 2.655e-03 7.163e-04 6.496e-03 -1.000 1.476e-02 11.746 13.424 15.824 12.023
0.01471 0.00000 9.20000 0.1599999964 1.5372931554    0.160 -2.649  3.4578  5.075    0  0.000  0.545     0.00     0.00     0.00     0.00     0.00 -1 -2.05e-16      0.00 7.101e-01 2.751e-01 2.655e-03 7.163e-04 6.496e-03 -1.000 1.476e-02 11.394 12.899 15.062 11.544
0.01471 0.00000 9.20000 0.2000000030 1.6938790862    0.200 -2.434  3.4765  5.031    1  0.000  0.545     0.00     0.00     0.00     0.00     0.00 -1 -3.16e-16      0.00 7.099e-01 2.753e-01 2.655e-03 7.163e-04 6.496e-03 -1.000 1.476e-02 10.855 12.145 14.017 10.854
0.01471 0.00000 9.20000 0.2340226918 1.7979992534    0.234 -2.291  3.4881  5.003    1  0.000  0.545     0.00     0.00     0.00     0.00     0.00 -1 -4.19e-16      0.00 7.098e-01 2.754e-01 2.655e-03 7.163e-04 6.496e-03 -1.000 1.476e-02 10.499 11.661 13.365 10.412
0.01471 0.00000 9.20000 0.2500000000 1.8403257998    0.250 -2.232  3.4929  4.991    1  0.000  0.545     0.00     0.00     0.00     0.00     0.00 -1 -4.71e-16      0.00 7.097e-01 2.755e-01 2.655e-03 7.163e-04 6.496e-03 -1.000 1.476e-02 10.349 11.463 13.107 10.231
0.01471 0.00000 9.20000 0.3285920918 2.0068666632    0.329 -1.980  3.5088  4.922    0  0.000  0.545     0.00     0.00     0.00     0.00     0.00 -1 -7.94e-16      0.00 7.105e-01 2.748e-01 2.655e-03 7.163e-04 6.496e-03 -1.000 1.476e-02 9.721 10.698 12.171 9.516
0.01471 0.00000 9.20000 0.3374965787 2.0224354454    0.338 -1.955  3.5105  4.915    0  0.000  0.545     0.00     0.00     0.00     0.00     0.00 -1 -8.38e-16      0.00 7.105e-01 2.747e-01 2.655e-03 7.163e-04 6.496e-03 -1.000 1.476e-02 9.657 10.619 12.075 9.443
0.01471 0.00000 9.20000 0.3500000238 2.0434175133    0.350 -1.920  3.5129  4.905    0  0.000  0.545     0.00     0.00     0.00     0.00     0.00 -1 -9.01e-16      0.00 7.106e-01 2.746e-01 2.655e-03 7.163e-04 6.496e-03 -1.000 1.476e-02 9.569 10.514 11.948 9.344
0.01471 0.00000 9.20000 0.4000000358 2.1185024810    0.400 -1.774  3.5238  4.861    0  0.000  0.545     0.00     0.00     0.00     0.00     0.00 -1 -1.24e-15      0.00 7.107e-01 2.745e-01 2.655e-03 7.163e-04 6.496e-03 -1.000 1.476e-02 9.206 10.068 11.406 8.932
0.01471 0.00000 9.20000 0.4500000179 2.1822809362    0.450 -1.625  3.5359  4.811    0  0.000  0.545     0.00     0.00     0.00     0.00     0.00 -1 -1.75e-15      0.00 7.107e-01 2.745e-01 2.655e-03 7.163e-04 6.496e-03 -1.000 1.476e-02 8.832 9.612 10.859 8.511
0.01471 0.00000 9.20000 0.5000000000 2.2374541529    0.500 -1.469  3.5506  4.761    0  0.000  0.545     0.00     0.00     0.00     0.00     0.00 -1 -2.52e-15      0.00 7.107e-01 2.745e-01 2.655e-03 7.163e-04 6.496e-03 -1.000 1.476e-02 8.443 9.131 10.279 8.071
0.01471 0.00000 9.20000 0.5133020282 2.2507590571    0.513 -1.425  3.5557  4.748    0  0.000  0.545     0.00     0.00     0.00     0.00     0.00 -1 -2.79e-15      0.00 7.114e-01 2.738e-01 2.648e-03 7.145e-04 6.480e-03 -1.000 1.474e-02 8.332 8.989 10.105 7.943
0.01471 0.00000 9.20000 0.5500000119 2.2836582633    0.550 -1.307  3.5693  4.715    0  0.000  0.545     0.00     0.00     0.00     0.00     0.00 -1 -3.67e-15      0.00 7.144e-01 2.710e-01 2.622e-03 7.074e-04 6.416e-03 -1.000 1.460e-02 8.038 8.612 9.644 7.606
0.01471 0.00000 9.20000 0.6000000238 2.3211213258    0.600 -1.145  3.5922  4.681    0  0.000  0.545     0.00     0.00     0.00     0.00     0.00 -1  -5.3e-15      0.00 7.151e-01 2.704e-01 2.617e-03 7.061e-04 6.405e-03 -1.000 1.456e-02 7.632 8.078 8.989 7.137
0.01471 0.00000 9.20000 0.6499999762 2.3520353107    0.650 -0.982  3.6194  4.663    1  0.000  0.545     0.00     0.00     0.00     0.00     0.00 -1 -7.56e-15      0.00 7.156e-01 2.699e-01 2.613e-03 7.050e-04 6.394e-03 -1.000 1.457e-02 7.226 7.542 8.333 6.672
0.01471 0.00000 9.20000 0.7000000477 2.3779267258    0.700 -0.827  3.6476  4.652    1  0.000  0.545     0.00     0.00     0.00     0.00     0.00 -1 -1.06e-14      0.00 7.161e-01 2.694e-01 2.609e-03 7.039e-04 6.385e-03 -1.000 1.452e-02 6.837 7.017 7.682 6.229
0.01471 0.00000 9.20000 0.7220801115 2.3880566481    0.722 -0.760  3.6603  4.650    1  0.000  0.542     0.00     0.00     0.00     0.00     0.00 -1 -1.22e-14      0.00 7.164e-01 2.691e-01 2.591e-03 7.028e-04 6.379e-03 -1.000 1.448e-02 6.670 6.790 7.403 6.040
0.01471 0.00000 9.20000 0.7500000000 2.3998889087    0.750 -0.679  3.6760  4.648    1  0.000  0.537     0.00     0.00     0.00     0.00     0.00 -1 -1.44e-14      0.00 7.166e-01 2.689e-01 2.570e-03 7.019e-04 6.376e-03 -1.000 1.451e-02 6.467 6.524 7.081 5.817
0.01471 0.00000 9.20000 0.8000000119 2.4187244405    0.800 -0.545  3.6966  4.624    1  0.000  0.537     0.00     0.00     0.00     0.00     0.00 -1 -1.95e-14      0.00 7.174e-01 2.681e-01 2.563e-03 7.001e-04 6.360e-03 -1.000 1.448e-02 6.132 6.123 6.616 5.469
0.01471 0.00000 9.20000 0.8500000238 2.4350346840    0.850 -0.417  3.7160  4.600    1  0.000  0.537     0.00     0.00     0.00     0.00     0.00 -1 -2.61e-14      0.00 7.184e-01 2.672e-01 2.556e-03 6.981e-04 6.342e-03 -1.000 1.435e-02 5.813 5.756 6.197 5.148
0.01471 0.00000 9.20000 0.8663898110 2.4399122761    0.866 -0.377  3.7219  4.592    1  0.000  0.537     0.00     0.00     0.00     0.00     0.00 -1 -2.86e-14      0.00 7.188e-01 2.669e-01 2.553e-03 6.973e-04 6.335e-03 -1.000 1.436e-02 5.712 5.642 6.069 5.048
0.01471 0.00000 9.20000 0.8999999762 2.4492786016    0.899 -0.295  3.7336  4.574    1  0.000  0.537     0.00     0.00     0.00     0.00     0.00 -1 -3.46e-14      0.00 7.195e-01 2.661e-01 2.547e-03 6.956e-04 6.320e-03 -1.000 1.437e-02 5.509 5.418 5.819 4.849
0.01471 0.00000 9.20000 0.9462642670 2.4609282771    0.946 -0.187  3.7482  4.546    1  0.000  0.537     0.00     0.00     0.00     0.00     0.00 -1 -4.48e-14      0.00 7.209e-01 2.648e-01 2.536e-03 6.926e-04 6.293e-03 -1.000 1.430e-02 5.238 5.128 5.493 4.594
0.01471 0.00000 9.20000 0.9499999881 2.4618121868    0.949 -0.178  3.7494  4.543    1  0.000  0.537     0.00     0.00     0.00     0.00     0.00 -1 -4.57e-14      0.00 7.210e-01 2.647e-01 2.535e-03 6.923e-04 6.290e-03 -1.000 1.429e-02 5.216 5.106 5.468 4.574
0.01471 0.00000 9.20000 0.9990782142 2.4727222863    0.999 -0.067  3.7632  4.510    1  0.000  0.537     0.00     0.00     0.00     0.00     0.00 -1 -5.98e-14      0.00 7.231e-01 2.627e-01 2.518e-03 6.879e-04 6.251e-03 -1.000 1.418e-02 4.938 4.817 5.149 4.318
0.01471 0.00000 9.20000 1.0000000000 2.4729154477    1.000 -0.065  3.7635  4.509    1  0.000  0.537     0.00     0.00     0.00     0.00     0.00 -1 -6.01e-14      0.00 7.232e-01 2.626e-01 2.518e-03 6.878e-04 6.250e-03 -1.000 1.418e-02 4.933 4.812 5.143 4.313
0.01471 0.00000 9.20000 1.0228859186 2.4775831504    1.023 -0.014  3.7693  4.491    1  0.000  0.537     0.00     0.00     0.00     0.00     0.00 -1 -6.59e-14      0.00 7.246e-01 2.613e-01 2.507e-03 6.849e-04 6.223e-03 -1.000 1.411e-02 4.806 4.682 5.000 4.197
0.01471 0.00000 9.20000 1.0499999523 2.4828114860    1.049  0.045  3.7760  4.470    1  0.000  0.537     0.00     0.00     0.00     0.00     0.00 -1 -7.34e-14      0.00 7.264e-01 2.596e-01 2.493e-03 6.811e-04 6.189e-03 -1.000 1.403e-02 4.658 4.532 4.834 4.063
0.01471 0.00000 9.20000 1.0940369368 2.4906713299    1.093  0.139  3.7859  4.433    1  0.000  0.537     0.00     0.00     0.00     0.00     0.00 -1 -8.68e-14      0.00 7.308e-01 2.554e-01 2.457e-03 6.716e-04 6.104e-03 -1.000 1.383e-02 4.422 4.294 4.575 3.850
0.01471 0.00000 9.20000 1.1000000238 2.4916801480    1.099  0.152  3.7872  4.428    1  0.000  0.537     0.00     0.00     0.00     0.00     0.00 -1 -8.88e-14      0.00 7.314e-01 2.548e-01 2.452e-03 6.701e-04 6.091e-03 -1.000 1.380e-02 4.391 4.263 4.541 3.822
0.01471 0.00000 9.20000 1.1106175184 2.4934455846    1.110  0.174  3.7894  4.419    1  0.000  0.537     0.00     0.00     0.00     0.00     0.00 -1 -9.23e-14      0.00 7.325e-01 2.537e-01 2.444e-03 6.681e-04 6.073e-03 -1.000 1.377e-02 4.335 4.207 4.481 3.771
0.01471 0.00000 9.20000 1.1445847750 2.4988414011    1.144  0.244  3.7963  4.389    1  0.000  0.536     0.00     0.00     0.00     0.00     0.00 -1 -1.04e-13      0.00 7.360e-01 2.504e-01 2.420e-03 6.618e-04 6.018e-03 -1.000 1.367e-02 4.160 4.032 4.292 3.613
0.01471 0.00000 9.20000 1.1499999762 2.4996678137    1.149  0.255  3.7973  4.385    1  0.000  0.536     0.00     0.00     0.00     0.00     0.00 -1 -1.06e-13      0.00 7.365e-01 2.498e-01 2.417e-03 6.609e-04 6.009e-03 -1.000 1.364e-02 4.132 4.005 4.262 3.588
0.01471 0.00000 9.20000 1.1802917719 2.5041302590    1.180  0.316  3.8031  4.358    1  0.000  0.536     0.00     0.00     0.00     0.00     0.00 -1 -1.17e-13      0.00 7.364e-01 2.499e-01 2.424e-03 6.630e-04 6.029e-03 -1.000 1.369e-02 3.979 3.853 4.098 3.450
0.01471 0.00000 9.20000 1.2000000477 2.5068948796    1.199  0.356  3.8068  4.340    1  0.000  0.536     0.00     0.00     0.00     0.00     0.00 -1 -1.25e-13      0.00 7.361e-01 2.501e-01 2.430e-03 6.648e-04 6.046e-03 -1.000 1.375e-02 3.881 3.755 3.994 3.362
0.01471 0.00000 9.20000 1.2003911734 2.5069486900    1.200  0.356  3.8068  4.340    1  0.000  0.536     0.00     0.00     0.00     0.00     0.00 -1 -1.25e-13      0.00 7.361e-01 2.501e-01 2.430e-03 6.648e-04 6.046e-03 -1.000 1.375e-02 3.879 3.753 3.992 3.360
0.01471 0.00000 9.20000 1.2500000000 2.5134610955    1.250  0.451  3.8152  4.297    1  0.000  0.536     0.00     0.00     0.00     0.00     0.00 -1 -1.45e-13      0.00 7.365e-01 2.497e-01 2.429e-03 6.645e-04 6.044e-03 -1.000 1.378e-02 3.643 3.519 3.742 3.147
0.01471 0.00000 9.20000 1.2999999523 2.5194498592    1.300  0.540  3.8229  4.255    1  0.000  0.536     0.00     0.00     0.00     0.00     0.00 -1 -1.63e-13      0.00 7.369e-01 2.494e-01 2.427e-03 6.639e-04 6.039e-03 -1.000 1.373e-02 3.419 3.295 3.504 2.941
0.01471 0.00000 9.20000 1.3118469715 2.5207921276    1.312  0.561  3.8247  4.246    1  0.000  0.536     0.00     0.00     0.00     0.00     0.00 -1 -1.66e-13      0.00 7.366e-01 2.497e-01 2.429e-03 6.645e-04 6.044e-03 -1.000 1.374e-02 3.368 3.244 3.450 2.894
0.01471 0.00000 9.20000 1.3499999046 2.5249313472    1.350  0.626  3.8299  4.214    1  0.000  0.536     0.00     0.00     0.00     0.00     0.00 -1 -1.78e-13      0.00 7.356e-01 2.506e-01 2.436e-03 6.663e-04 6.060e-03 -1.000 1.380e-02 3.206 3.082 3.279 2.745
0.01471 0.00000 9.20000 1.3999999762 2.5299650300    1.400  0.707  3.8361  4.173    1  0.000  0.536     0.00     0.00     0.00     0.00     0.00 -1  -1.9e-13      0.00 7.358e-01 2.504e-01 2.433e-03 6.656e-04 6.054e-03 -1.000 1.381e-02 3.002 2.879 3.065 2.557
0.01471 0.00000 9.20000 1.4480277300 2.5344256535    1.448  0.783  3.8413  4.133    1  0.000  0.536     0.00     0.00     0.00     0.00     0.00 -1 -1.96e-13      0.00 7.362e-01 2.500e-01 2.431e-03 6.639e-04 6.053e-03 -1.000 1.379e-02 2.812 2.689 2.866 2.380
0.01471 0.00000 9.20000 1.4500000477 2.5346015836    1.450  0.786  3.8415  4.131    1  0.000  0.536     0.00     0.00     0.00     0.00     0.00 -1 -1.96e-13      0.00 7.362e-01 2.500e-01 2.431e-03 6.638e-04 6.053e-03 -1.000 1.379e-02 2.804 2.682 2.858 2.373
0.01471 0.00000 9.20000 1.4573819637 2.5352551903    1.457  0.798  3.8422  4.125    1  0.000  0.536     0.00     0.00     0.00     0.00     0.00 -1 -1.95e-13      0.00 7.362e-01 2.500e-01 2.431e-03 6.639e-04 6.052e-03 -1.000 1.378e-02 2.776 2.653 2.829 2.346
0.01471 0.00000 9.20000 1.4838505983 2.5375374088    1.484  0.838  3.8443  4.100    1  0.000  0.536     0.00     0.00     0.00     0.00     0.00 -1 -1.94e-13      0.00 7.362e-01 2.501e-01 2.431e-03 6.643e-04 6.048e-03 -1.000 1.377e-02 2.675 2.552 2.724 2.251
0.01471 0.00000 9.20000 1.5000000000 2.5388844597    1.500  0.863  3.8452  4.084    1  0.000  0.536     0.00     0.00     0.00     0.00     0.00 -1 -1.94e-13      0.00 7.361e-01 2.502e-01 2.431e-03 6.644e-04 6.046e-03 -1.000 1.377e-02 2.613 2.491 2.661 2.192
0.01471 0.00000 9.20000 1.5178608894 2.5403359457    1.518  0.889  3.8461  4.066    1  0.000  0.536     0.00     0.00     0.00     0.00     0.00 -1 -1.89e-13      0.00 7.362e-01 2.501e-01 2.430e-03 6.641e-04 6.047e-03 -1.000 1.376e-02 2.546 2.424 2.592 2.127
0.01471 0.00000 9.20000 1.5442219973 2.5424078234    1.544  0.929  3.8464  4.035    1  0.000  0.536     0.00     0.00     0.00     0.00     0.00 -1 -1.82e-13      0.00 7.362e-01 2.500e-01 2.430e-03 6.638e-04 6.049e-03 -1.000 1.375e-02 2.448 2.324 2.492 2.029
0.01471 0.00000 9.20000 1.5499999523 2.5428511323    1.550  0.937  3.8463  4.028    1  0.000  0.536     0.00     0.00     0.00     0.00     0.00 -1 -1.81e-13      0.00 7.363e-01 2.500e-01 2.431e-03 6.638e-04 6.050e-03 -1.000 1.375e-02 2.426 2.303 2.470 2.007
0.01471 0.00000 9.20000 1.5562224388 2.5433243163    1.556  0.947  3.8464  4.021    1  0.000  0.536     0.00     0.00     0.00     0.00     0.00 -1 -1.77e-13      0.00 7.362e-01 2.500e-01 2.431e-03 6.639e-04 6.049e-03 -1.000 1.374e-02 2.403 2.279 2.447 1.984
0.01471 0.00000 9.20000 1.5780740976 2.5449520661    1.578  0.979  3.8462  3.994    1  0.000  0.536     0.00     0.00     0.00     0.00     0.00 -1 -1.64e-13      0.00 7.361e-01 2.501e-01 2.431e-03 6.644e-04 6.048e-03 -1.000 1.378e-02 2.322 2.197 2.365 1.903
0.01471 0.00000 9.20000 1.5984542370 2.5464241657    1.598  1.009  3.8453  3.966    1  0.000  0.536     0.00     0.00     0.00     0.00     0.00 -1 -1.53e-13      0.00 7.360e-01 2.502e-01 2.432e-03 6.649e-04 6.048e-03 -1.000 1.379e-02 2.247 2.121 2.290 1.825
0.01471 0.00000 9.20000 1.6000000238 2.5465340628    1.600  1.011  3.8452  3.963    1  0.000  0.536     0.00     0.00     0.00     0.00     0.00 -1 -1.52e-13      0.00 7.360e-01 2.502e-01 2.432e-03 6.649e-04 6.048e-03 -1.000 1.378e-02 2.242 2.115 2.284 1.819
0.01471 0.00000 9.20000 1.6192257404 2.5478807681    1.619  1.039  3.8440  3.936    1  0.000  0.536     0.00     0.00     0.00     0.00     0.00 -1 -1.27e-13      0.00 7.359e-01 2.504e-01 2.433e-03 6.653e-04 6.050e-03 -1.000 1.378e-02 2.172 2.044 2.215 1.746
0.01471 0.00000 9.20000 1.6417846680 2.5494147966    1.641  1.072  3.8412  3.898    1  0.000  0.536     0.00     0.00     0.00     0.00     0.00 -1 -1.04e-13      0.00 7.356e-01 2.506e-01 2.435e-03 6.658e-04 6.054e-03 -1.000 1.378e-02 2.091 1.962 2.136 1.657
0.01471 0.00000 9.20000 1.6500000954 2.5499614852    1.649  1.083  3.8398  3.883    1  0.000  0.536     0.00     0.00     0.00     0.00     0.00 -1 -9.67e-14      0.00 7.356e-01 2.507e-01 2.435e-03 6.660e-04 6.056e-03 -1.000 1.378e-02 2.062 1.932 2.108 1.624
0.01471 0.00000 9.20000 1.6566226482 2.5503976410    1.656  1.093  3.8388  3.871    1  0.000  0.536     0.00     0.00     0.00     0.00     0.00 -1 -5.16e-16      0.00 7.355e-01 2.507e-01 2.436e-03 6.662e-04 6.057e-03 -1.000 1.378e-02 2.038 1.908 2.086 1.597
0.01471 0.00000 9.20000 1.6776121855 2.5517538673    1.677  1.122  3.8347  3.831    1  0.000  0.536     0.00     0.00     0.00     0.00     0.00 -1  -3.6e-23      0.00 7.353e-01 2.509e-01 2.437e-03 6.668e-04 6.060e-03 -1.000 1.380e-02 1.965 1.833 2.017 1.514
0.01471 0.00000 9.20000 1.6982810497 2.5530517693    1.697  1.150  3.8294  3.788    1  0.000  0.536     0.00     0.00     0.00     0.00     0.00 -1 -3.78e-30      0.00 7.351e-01 2.511e-01 2.440e-03 6.675e-04 6.063e-03 -1.000 1.381e-02 1.896 1.761 1.954 1.430
0.01471 0.00000 9.20000 1.7000000477 2.5531580802    1.699  1.152  3.8289  3.784    1  0.000  0.536     0.00     0.00     0.00     0.00     0.00 -1    -1e-30      0.00 7.351e-01 2.511e-01 2.440e-03 6.676e-04 6.064e-03 -1.000 1.381e-02 1.890 1.756 1.949 1.423
0.01471 0.00000 9.20000 1.7059597969 2.5535247520    1.705  1.160  3.8272  3.771    1  0.000  0.536     0.00     0.00     0.00     0.00     0.00 -1    -1e-30      0.00 7.350e-01 2.512e-01 2.440e-03 6.676e-04 6.065e-03 -1.000 1.382e-02 1.870 1.735 1.932 1.399
0.01471 0.00000 9.20000 1.7252439260 2.5546912639    1.724  1.185  3.8208  3.725    1  0.000  0.536     0.00     0.00     0.00     0.00     0.00 -1    -1e-30      0.00 7.348e-01 2.514e-01 2.442e-03 6.680e-04 6.069e-03 -1.000 1.381e-02 1.808 1.672 1.879 1.321
0.01471 0.00000 9.20000 1.7428433895 2.5557300000    1.742  1.207  3.8145  3.682    1  0.000  0.536     0.00     0.00     0.00     0.00     0.00 -1    -1e-30      0.00 7.345e-01 2.516e-01 2.444e-03 6.684e-04 6.074e-03 -1.000 1.388e-02 1.753 1.617 1.835 1.251
0.01471 0.00000 9.20000 1.7500000000 2.5561455243    1.749  1.215  3.8119  3.665    1  0.000  0.536     0.00     0.00     0.00     0.00     0.00 -1    -1e-30      0.00 7.344e-01 2.517e-01 2.445e-03 6.685e-04 6.076e-03 -1.000 1.387e-02 1.731 1.595 1.817 1.223
0.01471 0.00000 9.20000 1.7617235184 2.5568178290    1.761  1.230  3.8075  3.636    1  0.000  0.536     0.00     0.00     0.00     0.00     0.00 -1    -1e-30      0.00 7.342e-01 2.519e-01 2.446e-03 6.689e-04 6.080e-03 -1.000 1.384e-02 1.696 1.558 1.789 1.175
0.01471 0.00000 9.20000 1.7793323994 2.5578085210    1.778  1.256  3.8017  3.591    1  0.000  0.536     0.00     0.00     0.00     0.00     0.00 -1    -1e-30      0.00 7.339e-01 2.522e-01 2.448e-03 6.696e-04 6.085e-03 -1.000 1.385e-02 1.631 1.493 1.735 1.096
0.01471 0.00000 9.20000 1.7847090960 2.5581065422    1.784  1.267  3.8008  3.578    1  0.000  0.536     0.00     0.00     0.00     0.00     0.00 -1    -1e-30      0.00 7.338e-01 2.523e-01 2.448e-03 6.698e-04 6.087e-03 -1.000 1.383e-02 1.603 1.465 1.710 1.066
0.01471 0.00000 9.20000 1.7911520004 2.5584609528    1.790  1.301  3.8062  3.567    1  0.000  0.536     0.00     0.00     0.00     0.00     0.00 -1    -1e-30      0.00 7.337e-01 2.524e-01 2.449e-03 6.700e-04 6.089e-03 -1.000 1.384e-02 1.519 1.380 1.613 0.995
0.01471 0.00000 9.20000 1.7933535576 2.5585813847    1.792  1.331  3.8148  3.571    1  0.000  0.536     0.00     0.00     0.00     0.00     0.00 -1    -1e-30      0.00 7.337e-01 2.525e-01 2.450e-03 6.701e-04 6.090e-03 -1.000 1.380e-02 1.441 1.302 1.519 0.939
0.01471 0.00000 9.20000 1.7940531969 2.5586195860    1.793  1.359  3.8243  3.582    1  0.000  0.536     0.00     0.00     0.00     0.00     0.00 -1    -1e-30      0.00 7.337e-01 2.525e-01 2.450e-03 6.702e-04 6.091e-03 -1.000 1.380e-02 1.373 1.234 1.433 0.894
0.01471 0.00000 9.20000 1.7943590879 2.5586362773    1.793  1.383  3.8334  3.594    1  0.000  0.536     0.00     0.00     0.00     0.00     0.00 -1    -1e-30      0.00 7.336e-01 2.525e-01 2.450e-03 6.702e-04 6.091e-03 -1.000 1.380e-02 1.312 1.172 1.356 0.854
0.01471 0.00000 9.20000 1.7945228815 2.5586452122    1.793  1.407  3.8415  3.603    1  0.000  0.536     0.00     0.00     0.00     0.00     0.00 -1    -1e-30      0.00 7.336e-01 2.526e-01 2.450e-03 6.702e-04 6.091e-03 -1.000 1.381e-02 1.253 1.114 1.284 0.817
0.01471 0.00000 9.20000 1.7946583033 2.5586525980    1.793  1.428  3.8491  3.612    1  0.000  0.536     0.00     0.00     0.00     0.00     0.00 -1    -1e-30      0.00 7.336e-01 2.526e-01 2.450e-03 6.702e-04 6.091e-03 -1.000 1.381e-02 1.200 1.063 1.220 0.784
0.01471 0.00000 9.20000 1.7946777344 2.5586536576    1.793  1.430  3.8499  3.614    1  0.000  0.536     0.00     0.00     0.00     0.00     0.00 -1    -1e-30      0.00 7.336e-01 2.526e-01 2.450e-03 6.702e-04 6.091e-03 -1.000 1.381e-02 1.196 1.059 1.215 0.783
0.01471 0.00000 9.20000 1.7947312593 2.5586565764    1.793  1.408  3.8459  3.619    2  0.000  0.536     0.00     0.00     0.00     0.00     0.00 -1    -1e-30      0.00 7.336e-01 2.526e-01 2.450e-03 6.702e-04 6.091e-03 -1.000 1.381e-02 1.250 1.113 1.276 0.826
0.01471 0.00000 9.20000 1.7947834730 2.5586594235    1.794  1.380  3.8384  3.618    2  0.000  0.536     0.00     0.00     0.00     0.00     0.00 -1    -1e-30      0.00 7.336e-01 2.526e-01 2.450e-03 6.702e-04 6.091e-03 -1.000 1.381e-02 1.321 1.182 1.358 0.877
0.01471 0.00000 9.20000 1.7948354483 2.5586622574    1.794  1.362  3.8299  3.601    2  0.000  0.536     0.00     0.00     0.00     0.00     0.00 -1    -1e-30      0.00 7.336e-01 2.526e-01 2.450e-03 6.703e-04 6.091e-03 -1.000 1.381e-02 1.364 1.225 1.415 0.898
0.01471 0.00000 9.20000 1.7949150801 2.5586665989    1.794  1.360  3.8194  3.561    2  0.000  0.536     0.00     0.00     0.00     0.00     0.00 -1    -1e-30      0.00 7.336e-01 2.526e-01 2.450e-03 6.703e-04 6.091e-03 -1.000 1.381e-02 1.371 1.231 1.439 0.879
0.01471 0.00000 9.20000 1.7950263023 2.5586726619    1.794  1.370  3.8091  3.510    2  0.000  0.536     0.00     0.00     0.00     0.00     0.00 -1    -1e-30      0.00 7.336e-01 2.526e-01 2.450e-03 6.703e-04 6.091e-03 -1.000 1.381e-02 1.346 1.206 1.433 0.828
0.01471 0.00000 9.20000 1.7951978445 2.5586820115    1.794  1.376  3.7989  3.464    2  0.000  0.536     0.00     0.00     0.00     0.00     0.00 -1    -1e-30      0.00 7.336e-01 2.526e-01 2.450e-03 6.703e-04 6.092e-03 -1.000 1.381e-02 1.330 1.191 1.438 0.788
0.01471 0.00000 9.20000 1.7954605818 2.5586963274    1.794  1.374  3.7884  3.424    2  0.000  0.536     0.00     0.00     0.00     0.00     0.00 -1    -1e-30      0.00 7.336e-01 2.526e-01 2.450e-03 6.703e-04 6.092e-03 -1.000 1.381e-02 1.335 1.198 1.467 0.769
0.01471 0.00000 9.20000 1.7958458662 2.5587173119    1.795  1.361  3.7775  3.393    2  0.000  0.536     0.00     0.00     0.00     0.00     0.00 -1    -1e-30      0.00 7.336e-01 2.526e-01 2.450e-03 6.704e-04 6.092e-03 -1.000 1.381e-02 1.367 1.235 1.526 0.779
0.01471 0.00000 9.20000 1.7963397503 2.5587441962    1.795  1.336  3.7663  3.373    2  0.000  0.536     0.00     0.00     0.00     0.00     0.00 -1    -1e-30      0.00 7.322e-01 2.539e-01 2.461e-03 6.733e-04 6.118e-03 -1.000 1.388e-02 1.430 1.306 1.622 0.822
0.01471 0.00000 9.20000 1.7967454195 2.5587662659    1.795  1.309  3.7580  3.367    2  0.000  0.537     0.00     0.00     0.00     0.00     0.00 -1    -1e-30      0.00 7.260e-01 2.598e-01 2.506e-03 6.851e-04 6.223e-03 -1.000 1.417e-02 1.498 1.382 1.716 0.878
0.01471 0.00000 9.20000 1.7971276045 2.5587870474    1.796  1.278  3.7503  3.368    2  0.000  0.537     0.00     0.00     0.00     0.00     0.00 -1    -1e-30      0.00 7.215e-01 2.642e-01 2.540e-03 6.943e-04 6.306e-03 -1.000 1.428e-02 1.576 1.468 1.819 0.947
0.01471 0.00000 9.20000 1.7974605560 2.5588051436    1.796  1.248  3.7436  3.371    2  0.000  0.537     0.00     0.00     0.00     0.00     0.00 -1    -1e-30      0.00 7.188e-01 2.667e-01 2.560e-03 6.996e-04 6.353e-03 -1.000 1.445e-02 1.651 1.552 1.917 1.016
0.01471 0.00000 9.20000 1.7978861332 2.5588282628    1.797  1.211  3.7352  3.374    2  0.000  0.538     0.00     0.00     0.00     0.00     0.00 -1    -1e-30      0.00 7.166e-01 2.688e-01 2.576e-03 7.039e-04 6.391e-03 -1.000 1.455e-02 1.742 1.656 2.039 1.102
0.01471 0.00000 9.20000 1.7983107567 2.5588513177    1.797  1.187  3.7272  3.367    2  0.000  0.538     0.00     0.00     0.00     0.00     0.00 -1    -1e-30      0.00 7.151e-01 2.703e-01 2.587e-03 7.066e-04 6.415e-03 -1.000 1.457e-02 1.803 1.730 2.131 1.159
0.01471 0.00000 9.20000 1.7986285686 2.5588685651    1.797  1.180  3.7216  3.351    2  0.000  0.538     0.00     0.00     0.00     0.00     0.00 -1    -1e-30      0.00 7.142e-01 2.712e-01 2.592e-03 7.081e-04 6.428e-03 -1.000 1.456e-02 1.820 1.757 2.170 1.175
0.01471 0.00000 9.20000 1.7989439964 2.5588856761    1.798  1.189  3.7169  3.324    3  0.000  0.537     0.00     0.00     0.00     0.00     0.00 -1    -1e-30      0.00 7.133e-01 2.720e-01 2.593e-03 7.098e-04 6.438e-03 -1.000 1.465e-02 1.798 1.745 2.168 1.152
0.01471 0.00000 9.20000 1.7994692326 2.5589141534    1.798  1.222  3.7103  3.264    3  0.000  0.527     0.00     0.00     0.00     0.00     0.00 -1    -1e-30      0.00 7.116e-01 2.737e-01 2.547e-03 7.377e-04 6.451e-03 -1.000 1.466e-02 1.714 1.675 2.114 1.068
0.01471 0.00000 9.20000 1.7998855114 2.5589367096    1.799  1.262  3.7060  3.207    3  0.000  0.481     0.00     0.00     0.00     0.00     0.00 -1    -1e-30      0.00 7.099e-01 2.755e-01 2.330e-03 9.643e-04 6.458e-03 -1.000 1.467e-02 1.615 1.586 2.036 0.970
0.01471 0.00000 9.20000 1.7999998331 2.5589429021    1.799  1.274  3.7050  3.191    3  0.000  0.467     0.00     0.00     0.00     0.00     0.00 -1    -1e-30      0.00 7.093e-01 2.760e-01 2.263e-03 1.046e-03 6.459e-03 -1.000 1.470e-02 1.584 1.558 2.010 0.939
0.01471 0.00000 9.20000 1.8002688885 2.5589574724    1.799  1.303  3.7026  3.153    3  0.000  0.435     0.00     0.00     0.00     0.00     0.00 -1    -1e-30      0.00 7.080e-01 2.772e-01 2.109e-03 1.237e-03 6.463e-03 -1.000 1.476e-02 1.513 1.492 1.950 0.868
0.01471 0.00000 9.20000 1.8006258011 2.5589767928    1.800  1.343  3.6998  3.101    3  0.000  0.408     0.00     0.00     0.00     0.00     0.00 -1    -1e-30      0.00 7.062e-01 2.790e-01 1.980e-03 1.398e-03 6.466e-03 -1.000 1.476e-02 1.412 1.398 1.863 0.768
0.01471 0.00000 9.20000 1.8009703159 2.5589954338    1.800  1.384  3.6971  3.050    3  0.000  0.392     0.00     0.00     0.00     0.00     0.00 -1    -1e-30      0.00 7.048e-01 2.804e-01 1.902e-03 1.497e-03 6.469e-03 -1.000 1.476e-02 1.310 1.304 1.775 0.667
0.01471 0.00000 9.20000 1.8013051748 2.5590135444    1.800  1.424  3.6946  2.999    3  0.000  0.380     0.00     0.00     0.00     0.00     0.00 -1    -1e-30      0.00 7.033e-01 2.818e-01 1.848e-03 1.567e-03 6.474e-03 -1.000 1.485e-02 1.209 1.210 1.688 0.568
0.01471 0.00000 9.20000 1.8016337156 2.5590313058    1.801  1.465  3.6921  2.949    3  0.000  0.373     0.00     0.00     0.00     0.00     0.00 -1    -1e-30      0.00 7.019e-01 2.832e-01 1.813e-03 1.619e-03 6.484e-03 -1.000 1.488e-02 1.108 1.115 1.599 0.468
0.01471 0.00000 9.20000 1.8019553423 2.5590486862    1.801  1.504  3.6897  2.900    3  0.000  0.369     0.00     0.00     0.00     0.00     0.00 -1    -1e-30      0.00 7.003e-01 2.848e-01 1.788e-03 1.671e-03 6.468e-03 -1.000 1.486e-02 1.009 1.023 1.513 0.370
0.01471 0.00000 9.20000 1.8023567200 2.5590703663    1.801  1.553  3.6869  2.840    3  0.000  0.366     0.00     0.00     0.00     0.00     0.00 -1    -1e-30      0.00 6.973e-01 2.878e-01 1.761e-03 1.757e-03 6.406e-03 -1.000 1.487e-02 0.888 0.911 1.408 0.252
0.01471 0.00000 9.20000 1.8027576208 2.5590920095    1.802  1.601  3.6840  2.781    3  0.000  0.365     0.00     0.00     0.00     0.00     0.00 -1    -1e-30      0.00 6.943e-01 2.907e-01 1.741e-03 1.829e-03 6.350e-03 -1.000 1.496e-02 0.768 0.799 1.304 0.134
0.01471 0.00000 9.20000 1.8031580448 2.5591136159    1.802  1.650  3.6812  2.721    3  0.000  0.365     0.00     0.00     0.00     0.00     0.00 -1    -1e-30      0.00 6.917e-01 2.934e-01 1.726e-03 1.887e-03 6.305e-03 -1.000 1.495e-02 0.646 0.686 1.198 0.015
0.01471 0.00000 9.20000 1.8034780025 2.5591308726    1.802  1.689  3.6788  2.672    3  0.000  0.365     0.00     0.00     0.00     0.00     0.00 -1    -1e-30      0.00 6.899e-01 2.952e-01 1.716e-03 1.925e-03 6.275e-03 -1.000 1.487e-02 0.548 0.596 1.114 -0.081
0.01471 0.00000 9.20000 1.8037991524 2.5591481864    1.803  1.729  3.6763  2.622    3  0.000  0.364     0.00     0.00     0.00     0.00     0.00 -1    -1e-30      0.00 6.884e-01 2.967e-01 1.709e-03 1.955e-03 6.252e-03 -1.000 1.489e-02 0.447 0.504 1.029 -0.178
0.01471 0.00000 9.20000 1.8041638136 2.5591678375    1.803  1.775  3.6733  2.564    3  0.000  0.364     0.00     0.00     0.00     0.00     0.00 -1    -1e-30      0.00 6.870e-01 2.982e-01 1.702e-03 1.980e-03 6.232e-03 -1.000 1.488e-02 0.332 0.399 0.932 -0.290
0.01471 0.00000 9.20000 1.8044764996 2.5591846804    1.803  1.816  3.6708  2.514    3  0.000  0.364     0.00     0.00     0.00     0.00     0.00 -1    -1e-30      0.00 6.861e-01 2.991e-01 1.698e-03 1.997e-03 6.218e-03 -1.000 1.487e-02 0.231 0.307 0.846 -0.388
0.01471 0.00000 9.20000 1.8048520088 2.5592048984    1.804  1.865  3.6675  2.451    3  0.000  0.364     0.00     0.00     0.00     0.00     0.00 -1    -1e-30      0.00 6.853e-01 2.998e-01 1.695e-03 2.011e-03 6.207e-03 -1.000 1.488e-02 0.108 0.196 0.745 -0.508
0.01471 0.00000 9.20000 1.8051711321 2.5592220729    1.804  1.908  3.6646  2.397    3  0.000  0.364     0.00     0.00     0.00     0.00     0.00 -1    -1e-30      0.00 6.849e-01 3.002e-01 1.693e-03 2.017e-03 6.201e-03 -1.000 1.489e-02 -0.000 0.098 0.658 -0.612
0.01471 0.00000 9.20000 1.8055226803 2.5592409843    1.804  1.957  3.6613  2.335    3  0.000  0.364     0.00     0.00     0.00     0.00     0.00 -1    -1e-30      0.00 6.848e-01 3.003e-01 1.692e-03 2.020e-03 6.199e-03 -1.000 1.487e-02 -0.122 -0.011 0.560 -0.730
0.01471 0.00000 9.20000 1.8058525324 2.5592587210    1.805  2.003  3.6581  2.276    3  0.000  0.364     0.00     0.00     0.00     0.00     0.00 -1    -1e-30      0.00 6.848e-01 3.003e-01 1.692e-03 2.021e-03 6.199e-03 -1.000 1.489e-02 -0.238 -0.114 0.468 -0.841
0.01471 0.00000 9.20000 1.8061401844 2.5592741824    1.805  2.043  3.6553  2.224    3  0.000  0.364     0.00     0.00     0.00     0.00     0.00 -1    -1e-30      0.00 6.848e-01 3.003e-01 1.692e-03 2.021e-03 6.198e-03 -1.000 1.489e-02 -0.338 -0.203 0.388 -0.937
0.01471 0.00000 9.20000 1.8064903021 2.5592929936    1.805  2.090  3.6520  2.165    3  0.000  0.364     0.00     0.00     0.00     0.00     0.00 -1    -1e-30      0.00 6.848e-01 3.003e-01 1.692e-03 2.022e-03 6.198e-03 -1.000 1.489e-02 -0.454 -0.305 0.297 -1.048
0.01471 0.00000 9.20000 1.8068362474 2.5593115725    1.806  2.133  3.6488  2.109    3  0.000  0.364     0.00     0.00     0.00     0.00     0.00 -1    -1e-30      0.00 6.848e-01 3.003e-01 1.692e-03 2.022e-03 6.198e-03 -1.000 1.489e-02 -0.563 -0.399 0.214 -1.151
0.01471 0.00000 9.20000 1.8072254658 2.5593324656    1.806  2.170  3.6462  2.061    3  0.000  0.364     0.00     0.00     0.00     0.00     0.00 -1    -1e-30      0.00 6.848e-01 3.003e-01 1.692e-03 2.022e-03 6.197e-03 -1.000 1.489e-02 -0.655 -0.480 0.143 -1.239
0.01471 0.00000 9.20000 1.8074361086 2.5593437685    1.806  2.181  3.6454  2.048    3  0.000  0.364     0.00     0.00     0.00     0.00     0.00 -1    -1e-30      0.00 6.848e-01 3.003e-01 1.692e-03 2.023e-03 6.197e-03 -1.000 1.489e-02 -0.681 -0.503 0.124 -1.263
0.01471 0.00000 9.20000 1.8076906204 2.5593574213    1.807  2.160  3.6470  2.075    3  0.000  0.364     0.00     0.00     0.00     0.00     0.00 -1    -1e-30      0.00 6.848e-01 3.003e-01 1.692e-03 2.023e-03 6.197e-03 -1.000 1.489e-02 -0.630 -0.459 0.162 -1.215
0.01471 0.00000 9.20000 1.8078970909 2.5593684938    1.807  2.124  3.6497  2.122    3  0.000  0.364     0.00     0.00     0.00     0.00     0.00 -1    -1e-30      0.00 6.848e-01 3.003e-01 1.692e-03 2.023e-03 6.197e-03 -1.000 1.489e-02 -0.540 -0.381 0.230 -1.130
0.01471 0.00000 9.20000 1.8080297709 2.5593756076    1.807  2.081  3.6529  2.178    3  0.000  0.364     0.00     0.00     0.00     0.00     0.00 -1    -1e-30      0.00 6.848e-01 3.004e-01 1.692e-03 2.023e-03 6.197e-03 -1.000 1.489e-02 -0.432 -0.287 0.313 -1.027
0.01471 0.00000 9.20000 1.8081353903 2.5593812696    1.807  2.038  3.6560  2.233    3  0.000  0.364     0.00     0.00     0.00     0.00     0.00 -1    -1e-30      0.00 6.848e-01 3.004e-01 1.692e-03 2.023e-03 6.197e-03 -1.000 1.489e-02 -0.325 -0.193 0.396 -0.926
0.01471 0.00000 9.20000 1.8082301617 2.5593863494    1.807  1.997  3.6590  2.286    3  0.000  0.364     0.00     0.00     0.00     0.00     0.00 -1    -1e-30      0.00 6.848e-01 3.004e-01 1.692e-03 2.023e-03 6.197e-03 -1.000 1.489e-02 -0.223 -0.103 0.475 -0.828
0.01471 0.00000 9.20000 1.8083306551 2.5593917353    1.807  1.954  3.6621  2.341    3  0.000  0.364     0.00     0.00     0.00     0.00     0.00 -1    -1e-30      0.00 6.848e-01 3.004e-01 1.692e-03 2.023e-03 6.196e-03 -1.000 1.489e-02 -0.115 -0.007 0.561 -0.724
0.01471 0.00000 9.20000 1.8084388971 2.5593975357    1.807  1.911  3.6651  2.397    3  0.000  0.364     0.00     0.00     0.00     0.00     0.00 -1    -1e-30      0.00 6.848e-01 3.004e-01 1.692e-03 2.023e-03 6.196e-03 -1.000 1.489e-02 -0.007 0.090 0.648 -0.619
0.01471 0.00000 9.20000 1.8085577488 2.5594039037    1.807  1.869  3.6681  2.451    3  0.000  0.364     0.00     0.00     0.00     0.00     0.00 -1    -1e-30      0.00 6.848e-01 3.004e-01 1.692e-03 2.024e-03 6.196e-03 -1.000 1.489e-02 0.098 0.183 0.731 -0.518
0.01471 0.00000 9.20000 1.8087394238 2.5594136359    1.808  1.822  3.6714  2.510    3  0.000  0.364     0.00     0.00     0.00     0.00     0.00 -1    -1e-30      0.00 6.847e-01 3.004e-01 1.692e-03 2.024e-03 6.196e-03 -1.000 1.489e-02 0.214 0.288 0.826 -0.405
0.01471 0.00000 9.20000 1.8087611198 2.5594147980    1.808  1.819  3.6716  2.515    3  0.000  0.364     0.00     0.00     0.00     0.00     0.00 -1    -1e-30      0.00 6.847e-01 3.004e-01 1.692e-03 2.024e-03 6.196e-03 -1.000 1.489e-02 0.224 0.297 0.834 -0.396
0.01471 0.00000 9.20000 1.8090083599 2.5594280384    1.808  1.852  3.6694  2.472    3  0.000  0.364     0.00     0.00     0.00     0.00     0.00 -1    -1e-30      0.00 6.847e-01 3.004e-01 1.692e-03 2.024e-03 6.196e-03 -1.000 1.489e-02 0.139 0.220 0.764 -0.478
0.01471 0.00000 9.20000 1.8093564510 2.5594466727    1.808  1.895  3.6664  2.417    3  0.000  0.364     0.00     0.00     0.00     0.00     0.00 -1    -1e-30      0.00 6.847e-01 3.004e-01 1.691e-03 2.024e-03 6.196e-03 -1.000 1.489e-02 0.032 0.124 0.677 -0.583
0.01471 0.00000 9.20000 1.8098295927 2.5594719881    1.809  1.944  3.6630  2.355    3  0.000  0.364     0.00     0.00     0.00     0.00     0.00 -1    -1e-30      0.00 6.847e-01 3.004e-01 1.691e-03 2.025e-03 6.195e-03 -1.000 1.489e-02 -0.091 0.013 0.578 -0.701
0.01471 0.00000 9.20000 1.8102267981 2.5594932288    1.809  1.983  3.6604  2.306    3  0.000  0.364     0.00     0.00     0.00     0.00     0.00 -1    -1e-30      0.00 6.847e-01 3.004e-01 1.691e-03 2.025e-03 6.195e-03 -1.000 1.489e-02 -0.188 -0.073 0.500 -0.795
0.01471 0.00000 9.20000 1.8107268810 2.5595199557    1.810  2.031  3.6570  2.245    3  0.000  0.364     0.00     0.00     0.00     0.00     0.00 -1    -1e-30      0.00 6.847e-01 3.004e-01 1.691e-03 2.026e-03 6.194e-03 -1.000 1.489e-02 -0.306 -0.178 0.407 -0.908
0.01471 0.00000 9.20000 1.8111314774 2.5595415669    1.810  2.069  3.6544  2.196    3  0.000  0.364     0.00     0.00     0.00     0.00     0.00 -1    -1e-30      0.00 6.847e-01 3.004e-01 1.691e-03 2.026e-03 6.194e-03 -1.000 1.489e-02 -0.401 -0.262 0.332 -0.999
0.01471 0.00000 9.20000 1.8116254807 2.5595679386    1.810  2.115  3.6510  2.137    3  0.000  0.364     0.00     0.00     0.00     0.00     0.00 -1    -1e-30      0.00 6.847e-01 3.004e-01 1.691e-03 2.026e-03 6.194e-03 -1.000 1.489e-02 -0.518 -0.365 0.241 -1.110
0.01471 0.00000 9.20000 1.8121014833 2.5595933337    1.811  2.160  3.6477  2.078    3  0.000  0.364     0.00     0.00     0.00     0.00     0.00 -1    -1e-30      0.00 6.847e-01 3.004e-01 1.691e-03 2.027e-03 6.193e-03 -1.000 1.489e-02 -0.631 -0.463 0.155 -1.218
0.01471 0.00000 9.20000 1.8125630617 2.5596179447    1.811  2.205  3.6445  2.021    3  0.000  0.364     0.00     0.00     0.00     0.00     0.00 -1    -1e-30      0.00 6.847e-01 3.004e-01 1.691e-03 2.027e-03 6.193e-03 -1.000 1.489e-02 -0.743 -0.561 0.070 -1.324
0.01471 0.00000 9.20000 1.8129243851 2.5596372000    1.812  2.241  3.6419  1.974    3  0.000  0.364     0.00     0.00     0.00     0.00     0.00 -1    -1e-30      0.00 6.847e-01 3.004e-01 1.691e-03 2.028e-03 6.193e-03 -1.000 1.489e-02 -0.833 -0.639 0.001 -1.408
0.01471 0.00000 9.20000 1.8133524656 2.5596600016    1.812  2.285  3.6386  1.917    3  0.000  0.364     0.00     0.00     0.00     0.00     0.00 -1    -1e-30      0.00 6.847e-01 3.004e-01 1.691e-03 2.028e-03 6.192e-03 -1.000 1.489e-02 -0.943 -0.732 -0.082 -1.510
0.01471 0.00000 9.20000 1.8137592077 2.5596816551    1.813  2.329  3.6354  1.861    3  0.000  0.364     0.00     0.00     0.00     0.00     0.00 -1    -1e-30      0.00 6.847e-01 3.005e-01 1.691e-03 2.028e-03 6.192e-03 -1.000 1.489e-02 -1.052 -0.824 -0.163 -1.609
0.01471 0.00000 9.20000 1.8141394854 2.5597018896    1.813  2.371  3.6323  1.806    3  0.000  0.364     0.00     0.00     0.00     0.00     0.00 -1    -1e-30      0.00 6.846e-01 3.005e-01 1.690e-03 2.029e-03 6.192e-03 -1.000 1.489e-02 -1.158 -0.914 -0.243 -1.706
0.01471 0.00000 9.20000 1.8144335747 2.5597175313    1.813  2.405  3.6296  1.762    3  0.000  0.364     0.00     0.00     0.00     0.00     0.00 -1    -1e-30      0.00 6.846e-01 3.005e-01 1.690e-03 2.029e-03 6.191e-03 -1.000 1.489e-02 -1.244 -0.986 -0.306 -1.784
0.01471 0.00000 9.20000 1.8147714138 2.5597354928    1.814  2.447  3.6265  1.708    3  0.000  0.364     0.00     0.00     0.00     0.00     0.00 -1    -1e-30      0.00 6.846e-01 3.005e-01 1.690e-03 2.029e-03 6.191e-03 -1.000 1.489e-02 -1.346 -1.071 -0.381 -1.877
0.01471 0.00000 9.20000 1.8150912523 2.5597524902    1.814  2.487  3.6234  1.655    3  0.000  0.364     0.00     0.00     0.00     0.00     0.00 -1    -1e-30      0.00 6.846e-01 3.005e-01 1.690e-03 2.030e-03 6.191e-03 -1.000 1.489e-02 -1.448 -1.156 -0.456 -1.968
0.01471 0.00000 9.20000 1.8153907061 2.5597683980    1.814  2.527  3.6203  1.603    3  0.000  0.364     7.51     5.47     3.96     2.97     2.42  4    -1e-30      0.00 6.846e-01 3.005e-01 1.690e-03 2.030e-03 6.190e-03 -1.000 1.489e-02 -1.548 -1.239 -0.529 -2.058
0.01471 0.00000 9.20000 1.8156647682 2.5597829517    1.815  2.566  3.6173  1.552    3  0.000  0.364     8.31     6.00     4.32     3.24     2.64  4    -1e-30      0.00 6.846e-01 3.005e-01 1.690e-03 2.030e-03 6.190e-03 -1.000 1.489e-02 -1.645 -1.317 -0.597 -2.143
0.01471 0.00000 9.20000 1.8159221411 2.5597966145    1.815  2.604  3.6143  1.502    3  0.000  0.364     9.19     6.57     4.71     3.54     2.88  4    -1e-30      0.00 6.846e-01 3.005e-01 1.690e-03 2.031e-03 6.190e-03 -1.000 1.489e-02 -1.740 -1.394 -0.665 -2.227
0.01471 0.00000 9.20000 1.8161622286 2.5598093556    1.815  2.642  3.6114  1.453    3  0.000  0.364    10.14     7.18     5.13     3.86     3.15  4    -1e-30      0.00 6.846e-01 3.005e-01 1.690e-03 2.031e-03 6.190e-03 -1.000 1.489e-02 -1.834 -1.469 -0.727 -2.311
0.01471 0.00000 9.20000 1.8163869381 2.5598212772    1.815  2.679  3.6084  1.404    3  0.000  0.364    11.18     7.84     5.58     4.21     3.43  4    -1e-30      0.00 6.846e-01 3.005e-01 1.690e-03 2.031e-03 6.190e-03 -1.000 1.489e-02 -1.927 -1.542 -0.786 -2.393
0.01471 0.00000 9.20000 1.8165912628 2.5598321144    1.815  2.714  3.6055  1.357    3  0.000  0.364    12.28     8.53     6.05     4.57     3.72  4    -1e-30      0.00 6.846e-01 3.005e-01 1.690e-03 2.031e-03 6.189e-03 -1.000 1.489e-02 -2.015 -1.610 -0.839 -2.470
0.01471 0.00000 9.20000 1.8167823553 2.5598422472    1.816  2.749  3.6026  1.311    3  0.000  0.364    13.47     9.27     6.55     4.95     4.04  4    -1e-30      0.00 6.846e-01 3.005e-01 1.690e-03 2.031e-03 6.189e-03 -1.000 1.489e-02 -2.102 -1.677 -0.892 -2.546
0.01471 0.00000 9.20000 1.8169618845 2.5598517646    1.816  2.783  3.5999  1.266    3  0.000  0.364    14.75    10.06     7.08     5.36     4.37  4    -1e-30      0.00 6.846e-01 3.005e-01 1.690e-03 2.031e-03 6.189e-03 -1.000 1.489e-02 -2.187 -1.743 -0.944 -2.621
0.01471 0.00000 9.20000 1.8171291351 2.5598606291    1.816  2.816  3.5971  1.221    3  0.000  0.364    16.12    10.91     7.65     5.79     4.72  4    -1e-30      0.00 6.846e-01 3.005e-01 1.690e-03 2.032e-03 6.189e-03 -1.000 1.489e-02 -2.271 -1.805 -0.990 -2.693
0.01471 0.00000 9.20000 1.8172833920 2.5598688033    1.816  2.849  3.5944  1.178    3  0.000  0.364    17.59    11.80     8.25     6.25     5.10  4    -1e-30      0.00 6.846e-01 3.005e-01 1.690e-03 2.032e-03 6.189e-03 -1.000 1.489e-02 -2.352 -1.864 -1.032 -2.761
0.01471 0.00000 9.20000 1.8174258471 2.5598763507    1.816  2.880  3.5916  1.136    3  0.000  0.364    19.14    12.73     8.87     6.73     5.49  4    -1e-30      0.00 6.846e-01 3.005e-01 1.690e-03 2.032e-03 6.189e-03 -1.000 1.489e-02 -2.430 -1.920 -1.072 -2.827
0.01471 0.00000 9.20000 1.8175592422 2.5598834168    1.816  2.911  3.5890  1.094    3  0.000  0.364    20.79    13.72     9.52     7.24     5.91  4    -1e-30      0.00 6.846e-01 3.005e-01 1.690e-03 2.032e-03 6.189e-03 -1.000 1.489e-02 -2.507 -1.974 -1.109 -2.891
0.01471 0.00000 9.20000 1.8176833391 2.5598899894    1.817  2.940  3.5864  1.055    3  0.000  0.364    22.52    14.75    10.20     7.76     6.33  4    -1e-30      0.00 6.846e-01 3.005e-01 1.690e-03 2.032e-03 6.189e-03 -1.000 1.489e-02 -2.581 -2.024 -1.141 -2.952
0.01471 0.00000 9.20000 1.8177998066 2.5598961569    1.817  2.969  3.5838  1.016    3  0.000  0.364    24.34    15.82    10.91     8.31     6.78  4    -1e-30      0.00 6.846e-01 3.005e-01 1.690e-03 2.032e-03 6.188e-03 -1.000 1.489e-02 -2.653 -2.073 -1.171 -3.011
0.01471 0.00000 9.20000 1.8179106712 2.5599020269    1.817  2.998  3.5813  0.977    3  0.000  0.364    26.31    16.97    11.67     8.90     7.26  4    -1e-30      0.00 6.846e-01 3.005e-01 1.690e-03 2.032e-03 6.188e-03 -1.000 1.489e-02 -2.724 -2.120 -1.200 -3.068
0.01471 0.00000 9.20000 1.8180326223 2.5599084829    1.817  3.029  3.5783  0.934    3  0.000  0.364    28.68    18.35    12.57     9.59     7.83  3    -1e-30      0.00 6.846e-01 3.005e-01 1.690e-03 2.032e-03 6.188e-03 -1.000 1.489e-02 -2.803 -2.168 -1.222 -3.130
0.01471 0.00000 9.20000 1.8180326223 2.5599084829    1.817  1.647  3.6913  2.767    4  0.000  0.365     0.00     0.00     0.00     0.00     0.00 -1    -1e-30      0.00 6.838e-01 3.014e-01 1.692e-03 2.030e-03 6.182e-03 -1.000 1.488e-02 0.652 0.662 1.147 0.013
0.01471 0.00000 9.20000 1.8199086189 2.5600076717    1.819  1.668  3.6896  2.741    4  0.000  0.365     0.00     0.00     0.00     0.00     0.00 -1    -1e-30      0.00 6.837e-01 3.014e-01 1.692e-03 2.032e-03 6.181e-03 -1.000 1.488e-02 0.601 0.615 1.105 -0.037
0.01471 0.00000 9.20000 1.8217937946 2.5601071093    1.821  1.674  3.6893  2.734    4  0.000  0.365     0.00     0.00     0.00     0.00     0.00 -1    -1e-30      0.00 6.837e-01 3.014e-01 1.692e-03 2.034e-03 6.180e-03 -1.000 1.488e-02 0.586 0.601 1.091 -0.052
0.01471 0.00000 9.20000 1.8237156868 2.5602082402    1.823  1.674  3.6895  2.734    4  0.000  0.365     0.00     0.00     0.00     0.00     0.00 -1    -1e-30      0.00 6.837e-01 3.014e-01 1.691e-03 2.035e-03 6.178e-03 -1.000 1.488e-02 0.584 0.599 1.089 -0.054
0.01471 0.00000 9.20000 1.8256605864 2.5603103326    1.824  1.674  3.6898  2.737    4  0.000  0.365     0.00     0.00     0.00     0.00     0.00 -1    -1e-30      0.00 6.837e-01 3.015e-01 1.691e-03 2.037e-03 6.177e-03 -1.000 1.488e-02 0.586 0.600 1.088 -0.052
0.01471 0.00000 9.20000 1.8276002407 2.5604119007    1.826  1.673  3.6901  2.739    4  0.000  0.365     0.00     0.00     0.00     0.00     0.00 -1    -1e-30      0.00 6.836e-01 3.015e-01 1.691e-03 2.038e-03 6.176e-03 -1.000 1.488e-02 0.587 0.600 1.088 -0.051
0.01471 0.00000 9.20000 1.8295466900 2.5605135758    1.828  1.673  3.6904  2.741    4  0.000  0.365     0.00     0.00     0.00     0.00     0.00 -1    -1e-30      0.00 6.836e-01 3.015e-01 1.690e-03 2.040e-03 6.174e-03 -1.000 1.487e-02 0.588 0.600 1.087 -0.050
0.01471 0.00000 9.20000 1.8315782547 2.5606194320    1.830  1.672  3.6907  2.743    4  0.000  0.365     0.00     0.00     0.00     0.00     0.00 -1    -1e-30      0.00 6.836e-01 3.015e-01 1.690e-03 2.042e-03 6.173e-03 -1.000 1.487e-02 0.589 0.600 1.086 -0.050
0.01471 0.00000 9.20000 1.8337490559 2.5607322451    1.833  1.672  3.6910  2.745    4  0.000  0.365     0.00     0.00     0.00     0.00     0.00 -1    -1e-30      0.00 6.836e-01 3.016e-01 1.689e-03 2.044e-03 6.172e-03 -1.000 1.487e-02 0.589 0.600 1.085 -0.050
0.01471 0.00000 9.20000 1.8359794617 2.5608478363    1.835  1.673  3.6913  2.746    4  0.000  0.365     0.00     0.00     0.00     0.00     0.00 -1    -1e-30      0.00 6.835e-01 3.016e-01 1.689e-03 2.045e-03 6.170e-03 -1.000 1.487e-02 0.589 0.598 1.083 -0.050
0.01471 0.00000 9.20000 1.8382811546 2.5609667838    1.837  1.673  3.6916  2.748    4  0.000  0.365     0.00     0.00     0.00     0.00     0.00 -1    -1e-30      0.00 6.835e-01 3.016e-01 1.688e-03 2.047e-03 6.169e-03 -1.000 1.487e-02 0.588 0.596 1.081 -0.052
0.01471 0.00000 9.20000 1.8405263424 2.5610824817    1.839  1.674  3.6919  2.749    4  0.000  0.365     0.00     0.00     0.00     0.00     0.00 -1    -1e-30      0.00 6.835e-01 3.016e-01 1.688e-03 2.049e-03 6.167e-03 -1.000 1.487e-02 0.586 0.594 1.078 -0.053
0.01471 0.00000 9.20000 1.8430318832 2.5612112133    1.842  1.674  3.6921  2.749    4  0.000  0.365     0.00     0.00     0.00     0.00     0.00 -1    -1e-30      0.00 6.835e-01 3.017e-01 1.688e-03 2.051e-03 6.166e-03 -1.000 1.487e-02 0.584 0.591 1.074 -0.056
0.01471 0.00000 9.20000 1.8452668190 2.5613257023    1.844  1.675  3.6924  2.750    4  0.000  0.365     0.00     0.00     0.00     0.00     0.00 -1    -1e-30      0.00 6.834e-01 3.017e-01 1.687e-03 2.053e-03 6.164e-03 -1.000 1.487e-02 0.582 0.588 1.070 -0.058
0.01471 0.00000 9.20000 1.8476744890 2.5614486837    1.846  1.677  3.6926  2.750    4  0.000  0.365     0.00     0.00     0.00     0.00     0.00 -1    -1e-30      0.00 6.834e-01 3.017e-01 1.687e-03 2.055e-03 6.162e-03 -1.000 1.487e-02 0.578 0.585 1.066 -0.061
0.01471 0.00000 9.20000 1.8499250412 2.5615633068    1.849  1.678  3.6928  2.750    4  0.000  0.365     0.00     0.00     0.00     0.00     0.00 -1    -1e-30      0.00 6.834e-01 3.017e-01 1.686e-03 2.057e-03 6.161e-03 -1.000 1.486e-02 0.576 0.581 1.062 -0.064
0.01471 0.00000 9.20000 1.8503615856 2.5615855034    1.849  1.677  3.6928  2.751    4  0.000  0.365     0.00     0.00     0.00     0.00     0.00 -1    -1e-30      0.00 6.834e-01 3.017e-01 1.686e-03 2.057e-03 6.161e-03 -1.000 1.486e-02 0.577 0.582 1.063 -0.063
0.01471 0.00000 9.20000 1.8503971100 2.5615873092    1.849  1.678  3.6928  2.751    4  0.000  0.365     0.00     0.00     0.00     0.00     0.00 -1    -1e-30      0.00 6.834e-01 3.017e-01 1.686e-03 2.057e-03 6.161e-03 -1.000 1.486e-02 0.576 0.581 1.063 -0.064
0.01471 0.00000 9.20000 1.8504186869 2.5615884059    1.849  1.678  3.6928  2.750    4  0.000  0.365     0.00     0.00     0.00     0.00     0.00 -1    -1e-30      0.00 6.834e-01 3.017e-01 1.686e-03 2.057e-03 6.161e-03 -1.000 1.486e-02 0.576 0.581 1.062 -0.064
0.01471 0.00000 9.20000 1.8504630327 2.5615906599    1.849  1.678  3.6928  2.750    4  0.000  0.365     0.00     0.00     0.00     0.00     0.00 -1    -1e-30      0.00 6.834e-01 3.018e-01 1.686e-03 2.057e-03 6.161e-03 -1.000 1.486e-02 0.576 0.581 1.062 -0.064
0.01471 0.00000 9.20000 1.8528487682 2.5617117374    1.852  1.675  3.6931  2.755    4  0.000  0.365     0.00     0.00     0.00     0.00     0.00 -1    -1e-30      0.00 6.834e-01 3.018e-01 1.686e-03 2.060e-03 6.159e-03 -1.000 1.486e-02 0.582 0.586 1.067 -0.058
0.01471 0.00000 9.20000 1.8578751087 2.5619656573    1.857  1.669  3.6936  2.765    4  0.000  0.365     0.00     0.00     0.00     0.00     0.00 -1    -1e-30      0.00 6.834e-01 3.018e-01 1.684e-03 2.064e-03 6.156e-03 -1.000 1.486e-02 0.598 0.602 1.081 -0.042
0.01471 0.00000 9.20000 1.8732069731 2.5627305191    1.872  1.651  3.6951  2.792    4  0.000  0.365     0.00     0.00     0.00     0.00     0.00 -1    -1e-30      0.00 6.833e-01 3.018e-01 1.681e-03 2.078e-03 6.146e-03 -1.000 1.486e-02 0.643 0.642 1.118 0.002
0.01471 0.00000 9.20000 1.8999999762 2.5640331260    1.899  1.623  3.6973  2.835    5  0.000  0.364     0.00     0.00     0.00     0.00     0.00 -1    -1e-30      0.00 6.833e-01 3.019e-01 1.675e-03 2.102e-03 6.130e-03 -1.000 1.486e-02 0.713 0.706 1.176 0.070
0.01471 0.00000 9.20000 1.9066183567 2.5643484171    1.906  1.637  3.6972  2.822    5  0.000  0.364     0.00     0.00     0.00     0.00     0.00 -1    -1e-30      0.00 6.832e-01 3.020e-01 1.674e-03 2.107e-03 6.125e-03 -1.000 1.486e-02 0.677 0.671 1.141 0.035
0.01471 0.00000 9.20000 1.9221694469 2.5650794344    1.921  1.679  3.6955  2.777    5  0.000  0.364     0.00     0.00     0.00     0.00     0.00 -1    -1e-30      0.00 6.829e-01 3.022e-01 1.671e-03 2.120e-03 6.115e-03 -1.000 1.486e-02 0.573 0.571 1.045 -0.069
0.01471 0.00000 9.20000 1.9278964996 2.5653452340    1.927  1.692  3.6951  2.763    5  0.000  0.364     0.00     0.00     0.00     0.00     0.00 -1    -1e-30      0.00 6.828e-01 3.023e-01 1.670e-03 2.124e-03 6.111e-03 -1.000 1.486e-02 0.539 0.538 1.013 -0.102
0.01471 0.00000 9.20000 1.9301080704 2.5654473903    1.929  1.700  3.6946  2.753    5  0.000  0.364     0.00     0.00     0.00     0.00     0.00 -1    -1e-30      0.00 6.828e-01 3.023e-01 1.670e-03 2.126e-03 6.109e-03 -1.000 1.486e-02 0.519 0.519 0.996 -0.122
0.01471 0.00000 9.20000 1.9354608059 2.5656935318    1.935  1.725  3.6928  2.723    6  0.000  0.364     0.00     0.00     0.00     0.00     0.00 -1    -1e-30      0.00 6.827e-01 3.024e-01 1.669e-03 2.130e-03 6.106e-03 -1.000 1.486e-02 0.457 0.463 0.944 -0.183
0.01471 0.00000 9.20000 1.9373114109 2.5657782666    1.937  1.736  3.6919  2.709    6  0.000  0.364     0.00     0.00     0.00     0.00     0.00 -1    -1e-30      0.00 6.827e-01 3.025e-01 1.669e-03 2.132e-03 6.104e-03 -1.000 1.486e-02 0.430 0.438 0.921 -0.210
0.01471 0.00000 9.20000 1.9413077831 2.5659606175    1.941  1.783  3.6878  2.646    6  0.000  0.364     0.00     0.00     0.00     0.00     0.00 -1    -1e-30      0.00 6.826e-01 3.025e-01 1.668e-03 2.135e-03 6.102e-03 -1.000 1.486e-02 0.313 0.333 0.826 -0.324
0.01471 0.00000 9.20000 1.9422531128 2.5660036258    1.942  1.822  3.6843  2.594    6  0.000  0.364     0.00     0.00     0.00     0.00     0.00 -1    -1e-30      0.00 6.826e-01 3.025e-01 1.668e-03 2.136e-03 6.101e-03 -1.000 1.486e-02 0.216 0.246 0.749 -0.418
0.01471 0.00000 9.20000 1.9426966906 2.5660237901    1.942  1.863  3.6808  2.538    6  0.000  0.364     0.00     0.00     0.00     0.00     0.00 -1    -1e-30      0.00 6.826e-01 3.025e-01 1.668e-03 2.136e-03 6.101e-03 -1.000 1.486e-02 0.113 0.154 0.666 -0.517
0.01471 0.00000 9.20000 1.9429273605 2.5660342717    1.942  1.905  3.6773  2.482    6  0.000  0.364     0.00     0.00     0.00     0.00     0.00 -1    -1e-30      0.00 6.826e-01 3.025e-01 1.668e-03 2.136e-03 6.101e-03 -1.000 1.486e-02 0.008 0.061 0.583 -0.618
0.01471 0.00000 9.20000 1.9430512190 2.5660398987    1.942  1.948  3.6737  2.425    6  0.000  0.364     0.00     0.00     0.00     0.00     0.00 -1    -1e-30      0.00 6.826e-01 3.025e-01 1.668e-03 2.136e-03 6.101e-03 -1.000 1.486e-02 -0.101 -0.036 0.497 -0.724
0.01471 0.00000 9.20000 1.9431097507 2.5660425575    1.943  1.982  3.6710  2.380    6  0.000  0.364     0.00     0.00     0.00     0.00     0.00 -1    -1e-30      0.00 6.826e-01 3.025e-01 1.668e-03 2.136e-03 6.100e-03 -1.000 1.486e-02 -0.186 -0.111 0.429 -0.807
0.01471 0.00000 9.20000 1.9431411028 2.5660439816    1.943  2.008  3.6690  2.346    6  0.000  0.364     0.00     0.00     0.00     0.00     0.00 -1    -1e-30      0.00 6.826e-01 3.025e-01 1.668e-03 2.136e-03 6.100e-03 -1.000 1.486e-02 -0.251 -0.169 0.378 -0.869
0.01471 0.00000 9.20000 1.9431664944 2.5660451350    1.943  2.035  3.6669  2.311    6  0.000  0.364     0.00     0.00     0.00     0.00     0.00 -1    -1e-30      0.00 6.826e-01 3.025e-01 1.668e-03 2.136e-03 6.100e-03 -1.000 1.486e-02 -0.318 -0.228 0.326 -0.934
0.01471 0.00000 9.20000 1.9431902170 2.5660462125    1.943  2.065  3.6645  2.271    7  0.000  0.364     0.00     0.00     0.00     0.00     0.00 -1    -1e-30      0.00 6.826e-01 3.025e-01 1.668e-03 2.136e-03 6.100e-03 -1.000 1.486e-02 -0.393 -0.295 0.267 -1.006
0.01471 0.00000 9.20000 1.9432293177 2.5660479884    1.943  2.113  3.6608  2.208    7  0.000  0.364     0.00     0.00     0.00     0.00     0.00 -1    -1e-30      0.00 6.826e-01 3.025e-01 1.668e-03 2.136e-03 6.100e-03 -1.000 1.486e-02 -0.513 -0.400 0.173 -1.122
0.01471 0.00000 9.20000 1.9433456659 2.5660532723    1.943  2.132  3.6593  2.184    7  0.000  0.364     0.00     0.00     0.00     0.00     0.00 -1    -1e-30      0.00 6.826e-01 3.025e-01 1.668e-03 2.137e-03 6.100e-03 -1.000 1.486e-02 -0.559 -0.441 0.137 -1.166
0.01471 0.00000 9.20000 1.9435378313 2.5660619978    1.943  2.086  3.6629  2.244    7  0.000  0.364     0.00     0.00     0.00     0.00     0.00 -1    -1e-30      0.00 6.826e-01 3.026e-01 1.668e-03 2.137e-03 6.100e-03 -1.000 1.486e-02 -0.445 -0.341 0.226 -1.056
0.01471 0.00000 9.20000 1.9447325468 2.5661162008    1.944  2.084  3.6633  2.248    7  0.000  0.364     0.00     0.00     0.00     0.00     0.00 -1    -1e-30      0.00 6.826e-01 3.026e-01 1.668e-03 2.138e-03 6.099e-03 -1.000 1.486e-02 -0.439 -0.336 0.229 -1.051
0.01471 0.00000 9.20000 1.9468563795 2.5662123680    1.946  2.107  3.6616  2.219    7  0.000  0.364     0.00     0.00     0.00     0.00     0.00 -1 -2.86e-26      0.00 6.825e-01 3.025e-01 1.667e-03 2.139e-03 6.098e-03 -1.000 1.496e-02 -0.497 -0.388 0.183 -1.107
0.01471 0.00000 9.20000 1.9479131699 2.5662601297    1.947  2.149  3.6583  2.163    7  0.000  0.364     0.00     0.00     0.00     0.00     0.00 -1 -9.48e-11      0.00 6.825e-01 3.023e-01 1.667e-03 2.140e-03 6.097e-03 -1.000 1.519e-02 -0.603 -0.481 0.101 -1.208
0.01471 0.00000 9.20000 1.9486796856 2.5662947351    1.948  2.191  3.6550  2.108    7  0.000  0.364     0.00     0.00     0.00     0.00     0.00 -1 -1.12e-10      0.00 6.825e-01 3.023e-01 1.667e-03 2.141e-03 6.097e-03 -1.000 1.519e-02 -0.708 -0.572 0.021 -1.308
0.01471 0.00000 9.20000 1.9492635727 2.5663210745    1.948  2.233  3.6517  2.054    7  0.000  0.364     0.00     0.00     0.00     0.00     0.00 -1 -1.38e-10      0.00 6.825e-01 3.023e-01 1.667e-03 2.141e-03 6.096e-03 -1.000 1.519e-02 -0.812 -0.663 -0.058 -1.407
0.01471 0.00000 9.20000 1.9497317076 2.5663421792    1.948  2.274  3.6484  1.999    7  0.000  0.364     0.00     0.00     0.00     0.00     0.00 -1 -1.69e-10      0.00 6.825e-01 3.023e-01 1.667e-03 2.142e-03 6.096e-03 -1.000 1.519e-02 -0.916 -0.752 -0.135 -1.505
0.01471 0.00000 9.20000 1.9500000477 2.5663542714    1.949  2.303  3.6462  1.962    7  0.000  0.364     0.00     0.00     0.00     0.00     0.00 -1 -1.94e-10      0.00 6.825e-01 3.023e-01 1.667e-03 2.142e-03 6.096e-03 -1.000 1.519e-02 -0.987 -0.812 -0.188 -1.571
0.01471 0.00000 9.20000 1.9501507282 2.5663610598    1.949  2.316  3.6452  1.945    7  0.000  0.364     0.00     0.00     0.00     0.00     0.00 -1 -2.07e-10      0.00 6.825e-01 3.023e-01 1.667e-03 2.142e-03 6.096e-03 -1.000 1.519e-02 -1.019 -0.840 -0.213 -1.601
0.01471 0.00000 9.20000 1.9505679607 2.5663798505    1.949  2.357  3.6418  1.890    7  0.000  0.364     0.00     0.00     0.00     0.00     0.00 -1 -2.55e-10      0.00 6.825e-01 3.023e-01 1.667e-03 2.142e-03 6.096e-03 -1.000 1.519e-02 -1.124 -0.929 -0.290 -1.698
0.01471 0.00000 9.20000 1.9509326220 2.5663962661    1.949  2.400  3.6384  1.834    7  0.000  0.364     0.00     0.00     0.00     0.00     0.00 -1 -3.09e-10      0.00 6.825e-01 3.023e-01 1.667e-03 2.142e-03 6.096e-03 -1.000 1.519e-02 -1.229 -1.017 -0.368 -1.794
0.01471 0.00000 9.20000 1.9512493610 2.5664105187    1.949  2.443  3.6350  1.778    7  0.000  0.364     0.00     0.00     0.00     0.00     0.00 -1 -3.83e-10      0.00 6.825e-01 3.023e-01 1.666e-03 2.142e-03 6.095e-03 -1.000 1.519e-02 -1.336 -1.107 -0.447 -1.892
0.01471 0.00000 9.20000 1.9515156746 2.5664224981    1.949  2.486  3.6315  1.720    7  0.000  0.364     0.00     0.00     0.00     0.00     0.00 -1 -4.73e-10      0.00 6.825e-01 3.023e-01 1.666e-03 2.143e-03 6.095e-03 -1.000 1.519e-02 -1.445 -1.198 -0.526 -1.991
0.01471 0.00000 9.20000 1.9517294168 2.5664321100    1.949  2.530  3.6278  1.661    7  0.000  0.364     6.90     5.02     3.65     2.73     2.22  4 -5.86e-10      0.00 6.825e-01 3.023e-01 1.666e-03 2.143e-03 6.095e-03 -1.000 1.519e-02 -1.555 -1.288 -0.605 -2.089
0.01471 0.00000 9.20000 1.9518988132 2.5664397260    1.949  2.573  3.6243  1.604    7  0.000  0.364     7.74     5.56     4.03     3.01     2.45  4 -7.23e-10      0.00 6.825e-01 3.023e-01 1.666e-03 2.143e-03 6.095e-03 -1.000 1.519e-02 -1.664 -1.377 -0.682 -2.186
0.01471 0.00000 9.20000 1.9520214796 2.5664452400    1.949  2.611  3.6179  1.540    7  0.000  0.364     8.78     6.24     4.49     3.37     2.74  4  -8.7e-10      0.00 6.825e-01 3.023e-01 1.666e-03 2.143e-03 6.095e-03 -1.000 1.519e-02 -1.758 -1.435 -0.718 -2.258
0.01471 0.00000 9.20000 1.9521286488 2.5664500568    1.949  2.649  3.6149  1.490    7  0.000  0.364     9.70     6.83     4.90     3.68     3.00  4 -1.04e-09      0.00 6.825e-01 3.023e-01 1.666e-03 2.143e-03 6.095e-03 -1.000 1.519e-02 -1.853 -1.510 -0.783 -2.341
0.01471 0.00000 9.20000 1.9522377253 2.5664549587    1.949  2.691  3.6114  1.434    7  0.000  0.364    10.85     7.56     5.40     4.06     3.31  4 -1.28e-09      0.00 6.825e-01 3.023e-01 1.666e-03 2.143e-03 6.095e-03 -1.000 1.519e-02 -1.958 -1.594 -0.852 -2.435
0.01471 0.00000 9.20000 1.9523304701 2.5664591262    1.949  2.729  3.6083  1.384    7  0.000  0.364    12.00     8.28     5.89     4.43     3.61  4 -1.53e-09      0.00 6.825e-01 3.023e-01 1.666e-03 2.143e-03 6.095e-03 -1.000 1.519e-02 -2.054 -1.668 -0.911 -2.519
0.01471 0.00000 9.20000 1.9524195194 2.5664631271    1.949  2.767  3.6052  1.333    7  0.000  0.364    13.26     9.07     6.42     4.84     3.95  4 -1.83e-09      0.00 6.825e-01 3.023e-01 1.666e-03 2.143e-03 6.095e-03 -1.000 1.519e-02 -2.148 -1.740 -0.967 -2.602
0.01471 0.00000 9.20000 1.9525113106 2.5664672508    1.948  2.806  3.6018  1.281    7  0.000  0.364    14.72     9.97     7.03     5.31     4.33  4 -2.19e-09      0.00 6.825e-01 3.023e-01 1.666e-03 2.143e-03 6.095e-03 -1.000 1.519e-02 -2.245 -1.815 -1.025 -2.687
0.01471 0.00000 9.20000 1.9526008368 2.5664712724    1.948  2.844  3.5986  1.230    7  0.000  0.364    16.29    10.93     7.68     5.80     4.73  4 -2.62e-09      0.00 6.825e-01 3.023e-01 1.666e-03 2.143e-03 6.095e-03 -1.000 1.519e-02 -2.339 -1.885 -1.078 -2.768
0.01471 0.00000 9.20000 1.9526913166 2.5664753363    1.948  2.881  3.5953  1.180    7  0.000  0.364    18.00    11.97     8.37     6.33     5.17  4 -3.12e-09      0.00 6.825e-01 3.023e-01 1.666e-03 2.143e-03 6.095e-03 -1.000 1.519e-02 -2.432 -1.951 -1.125 -2.846
0.01471 0.00000 9.20000 1.9527842999 2.5664795122    1.947  2.918  3.5921  1.130    7  0.000  0.364    19.89    13.10     9.13     6.91     5.64  4 -3.67e-09      0.00 6.825e-01 3.023e-01 1.666e-03 2.143e-03 6.095e-03 -1.000 1.519e-02 -2.525 -2.018 -1.173 -2.924
0.01471 0.00000 9.20000 1.9528827667 2.5664839340    1.946  2.955  3.5888  1.079    7  0.000  0.364    22.01    14.36     9.96     7.56     6.17  4 -4.39e-09      0.00 6.825e-01 3.023e-01 1.666e-03 2.143e-03 6.095e-03 -1.000 1.519e-02 -2.619 -2.084 -1.218 -3.003
0.01471 0.00000 9.20000 1.9529821873 2.5664883980    1.946  2.992  3.5853  1.028    7  0.000  0.364    24.35    15.74    10.87     8.26     6.74  4 -5.17e-09      0.00 6.825e-01 3.023e-01 1.666e-03 2.144e-03 6.095e-03 -1.000 1.519e-02 -2.710 -2.144 -1.253 -3.076
0.01471 0.00000 9.20000 1.9530851841 2.5664930220    1.945  3.029  3.5819  0.977    7  0.000  0.364    26.94    17.25    11.87     9.03     7.37  4 -6.16e-09      0.00 6.825e-01 3.023e-01 1.666e-03 2.144e-03 6.095e-03 -1.000 1.519e-02 -2.802 -2.204 -1.288 -3.150
0.01471 0.00000 9.20000 1.9531852007 2.5664975117    1.943  3.065  3.5784  0.928    7  0.000  0.364    29.74    18.87    12.93     9.85     8.05  4 -7.22e-09      0.00 6.825e-01 3.024e-01 1.666e-03 2.144e-03 6.095e-03 -1.000 1.519e-02 -2.892 -2.258 -1.313 -3.220
0.01471 0.00000 9.20000 1.9532418251 2.5665000533    1.942  3.092  3.5758  0.890    7  0.000  0.364    32.08    20.21    13.81    10.53     8.60  3 -8.18e-09      0.00 6.825e-01 3.024e-01 1.666e-03 2.144e-03 6.095e-03 -1.000 1.519e-02 -2.960 -2.297 -1.325 -3.272
0.01471 0.00000 9.20000 1.9532483816 2.5665003476    1.942  3.065  3.5785  0.927    7  0.000  0.364    29.76    18.88    12.94     9.86     8.05  4 -7.22e-09      0.00 6.825e-01 3.024e-01 1.666e-03 2.144e-03 6.095e-03 -1.000 1.519e-02 -2.892 -2.259 -1.314 -3.221
0.01471 0.00000 9.20000 1.9532508850 2.5665004600    1.942  3.036  3.5811  0.967    7  0.000  0.364    27.52    17.59    12.09     9.20     7.51  4 -6.36e-09      0.00 6.825e-01 3.024e-01 1.666e-03 2.144e-03 6.095e-03 -1.000 1.519e-02 -2.821 -2.216 -1.295 -3.165
0.01471 0.00000 9.20000 1.9532556534 2.5665006740    1.942  3.064  3.5786  0.929    7  0.000  0.364    29.66    18.83    12.90     9.83     8.03  4 -7.24e-09      0.00 6.825e-01 3.024e-01 1.666e-03 2.144e-03 6.095e-03 -1.000 1.519e-02 -2.889 -2.258 -1.314 -3.219
0.01471 0.00000 9.20000 1.9532589912 2.5665008238    1.942  3.091  3.5759  0.891    7  0.000  0.364    31.99    20.16    13.77    10.50     8.58  3 -8.11e-09      0.00 6.825e-01 3.024e-01 1.666e-03 2.144e-03 6.095e-03 -1.000 1.519e-02 -2.957 -2.295 -1.325 -3.269
0.01471 0.00000 9.20000 1.9532632828 2.5665010164    1.942  3.117  3.5733  0.854    7  0.000  0.364    34.43    21.55    14.68    11.20     9.15  3  -9.1e-09      0.00 6.825e-01 3.024e-01 1.666e-03 2.144e-03 6.095e-03 -1.000 1.519e-02 -3.023 -2.331 -1.335 -3.318
0.01471 0.00000 9.20000 1.9532697201 2.5665013053    1.942  3.147  3.5704  0.813    7  0.000  0.364    37.37    23.21    15.76    12.04     9.84  3 -1.04e-08      0.00 6.825e-01 3.024e-01 1.666e-03 2.144e-03 6.095e-03 -1.000 1.519e-02 -3.097 -2.372 -1.347 -3.373
0.01471 0.00000 9.20000 1.9532773495 2.5665016478    1.942  3.173  3.5674  0.774    7  0.000  0.364    40.35    24.88    16.84    12.88    10.53  3 -1.18e-08      0.00 6.825e-01 3.024e-01 1.666e-03 2.144e-03 6.095e-03 -1.000 1.519e-02 -3.164 -2.400 -1.338 -3.418
0.01471 0.00000 9.20000 1.9532873631 2.5665020972    1.942  3.201  3.5645  0.735    7  0.000  0.364    43.64    26.72    18.03    13.80    11.28  3 -1.33e-08      0.00 6.825e-01 3.024e-01 1.666e-03 2.144e-03 6.095e-03 -1.000 1.519e-02 -3.232 -2.428 -1.328 -3.464
0.01471 0.00000 9.20000 1.9533029795 2.5665027981    1.941  3.228  3.5616  0.697    7  0.000  0.364    47.09    28.63    19.25    14.76    12.07  3 -1.49e-08      0.00 6.825e-01 3.024e-01 1.666e-03 2.144e-03 6.095e-03 -1.000 1.519e-02 -3.299 -2.456 -1.317 -3.508
0.01471 0.00000 9.20000 1.9533149004 2.5665033331    1.941  3.110  3.5740  0.864    7  0.000  0.364    33.73    21.15    14.42    11.01     8.99  3 -8.95e-09      0.00 6.825e-01 3.024e-01 1.666e-03 2.144e-03 6.095e-03 -1.000 1.519e-02 -3.005 -2.321 -1.333 -3.305
0.01471 0.00000 9.20000 1.9533150196 2.5665033384    1.941  3.082  3.5768  0.903    7  0.000  0.364    31.22    19.72    13.49    10.28     8.40  3 -7.87e-09      0.00 6.825e-01 3.024e-01 1.666e-03 2.144e-03 6.095e-03 -1.000 1.519e-02 -2.935 -2.282 -1.320 -3.252
0.01471 0.00000 9.20000 1.9533151388 2.5665033438    1.941  3.097  3.5753  0.882    7  0.000  0.364    32.56    20.49    13.99    10.67     8.72  3  -8.4e-09      0.00 6.825e-01 3.024e-01 1.666e-03 2.144e-03 6.095e-03 -1.000 1.519e-02 -2.973 -2.303 -1.327 -3.281
0.01471 0.00000 9.20000 1.9533152580 2.5665033491    1.941  3.236  3.5607  0.685    7  0.000  0.364    48.22    29.25    19.65    15.07    12.32  3 -1.54e-08      0.00 6.825e-01 3.024e-01 1.666e-03 2.144e-03 6.095e-03 -1.000 1.519e-02 -3.320 -2.465 -1.315 -3.522
0.01471 0.00000 9.20000 1.9533153772 2.5665033545    1.941  3.320  3.5511  0.562    7  0.000  0.364    61.59    36.52    24.29    18.69    15.29  3 -2.23e-08      0.00 6.825e-01 3.024e-01 1.666e-03 2.144e-03 6.095e-03 -1.000 1.519e-02 -3.530 -2.523 -1.210 -3.642
0.01471 0.00000 9.20000 1.9533156157 2.5665033652    1.941  3.320  3.5511  0.562    7  0.000  0.364    61.60    36.52    24.30    18.69    15.29  3 -2.23e-08      0.00 6.825e-01 3.024e-01 1.666e-03 2.144e-03 6.095e-03 -1.000 1.519e-02 -3.530 -2.523 -1.210 -3.642
0.01471 0.00000 9.20000 1.9533157349 2.5665033705    1.941  3.295  3.5540  0.599    7  0.000  0.364    57.18    34.14    22.78    17.51    14.32  3    -2e-08      0.00 6.825e-01 3.024e-01 1.666e-03 2.144e-03 6.095e-03 -1.000 1.519e-02 -3.467 -2.507 -1.245 -3.607
0.01471 0.00000 9.20000 1.9533158541 2.5665033759    1.941  3.267  3.5574  0.640    7  0.000  0.364    52.70    31.70    21.22    16.29    13.33  3 -1.76e-08      0.00 6.825e-01 3.024e-01 1.666e-03 2.144e-03 6.095e-03 -1.000 1.519e-02 -3.397 -2.491 -1.286 -3.569
0.01471 0.00000 9.20000 1.9533162117 2.5665033919    1.941  3.240  3.5603  0.680    7  0.000  0.364    48.74    29.53    19.84    15.21    12.44  3 -1.57e-08      0.00 6.825e-01 3.024e-01 1.666e-03 2.144e-03 6.095e-03 -1.000 1.519e-02 -3.329 -2.469 -1.314 -3.529
0.01471 0.00000 9.20000 1.9533163309 2.5665033973    1.941  3.212  3.5633  0.719    7  0.000  0.364    45.06    27.50    18.53    14.20    11.61  3 -1.41e-08      0.00 6.825e-01 3.024e-01 1.666e-03 2.144e-03 6.095e-03 -1.000 1.519e-02 -3.261 -2.441 -1.325 -3.483
0.01471 0.00000 9.20000 1.9533164501 2.5665034026    1.941  3.186  3.5662  0.756    7  0.000  0.364    41.83    25.71    17.38    13.30    10.87  3 -1.24e-08      0.00 6.825e-01 3.024e-01 1.666e-03 2.144e-03 6.095e-03 -1.000 1.519e-02 -3.196 -2.414 -1.336 -3.440
0.01471 0.00000 9.20000 1.9533165693 2.5665034080    1.941  3.161  3.5689  0.793    7  0.000  0.364    38.90    24.08    16.32    12.48    10.20  3 -1.11e-08      0.00 6.825e-01 3.024e-01 1.666e-03 2.144e-03 6.095e-03 -1.000 1.519e-02 -3.132 -2.387 -1.344 -3.398
0.01471 0.00000 9.20000 1.9533168077 2.5665034187    1.941  3.085  3.5765  0.899    7  0.000  0.364    31.45    19.85    13.57    10.35     8.45  3 -7.92e-09      0.00 6.825e-01 3.024e-01 1.666e-03 2.144e-03 6.095e-03 -1.000 1.519e-02 -2.941 -2.286 -1.321 -3.257
0.01471 0.00000 9.20000 1.9533170462 2.5665034294    1.941  3.056  3.5792  0.939    7  0.000  0.364    29.07    18.48    12.68     9.66     7.89  4 -6.97e-09      0.00 6.825e-01 3.024e-01 1.666e-03 2.144e-03 6.095e-03 -1.000 1.519e-02 -2.870 -2.245 -1.307 -3.203
0.01471 0.00000 9.20000 1.9533171654 2.5665034347    1.941  3.068  3.5781  0.923    7  0.000  0.364    30.01    19.03    13.04     9.93     8.11  4 -7.32e-09      0.00 6.825e-01 3.024e-01 1.666e-03 2.144e-03 6.095e-03 -1.000 1.519e-02 -2.899 -2.262 -1.314 -3.225
0.01471 0.00000 9.20000 1.9533172846 2.5665034401    1.941  3.125  3.5725  0.843    7  0.000  0.364    35.18    21.98    14.96    11.42     9.33  3 -9.46e-09      0.00 6.825e-01 3.024e-01 1.666e-03 2.144e-03 6.095e-03 -1.000 1.519e-02 -3.042 -2.341 -1.338 -3.333
0.01471 0.00000 9.20000 1.9533174038 2.5665034454    1.941  3.210  3.5636  0.722    7  0.000  0.364    44.78    27.35    18.43    14.12    11.54  3 -1.39e-08      0.00 6.825e-01 3.024e-01 1.666e-03 2.144e-03 6.095e-03 -1.000 1.519e-02 -3.255 -2.439 -1.327 -3.480
0.01471 0.00000 9.20000 1.9533177614 2.5665034615    1.941  3.224  3.5620  0.702    7  0.000  0.364    46.60    28.36    19.08    14.62    11.96  3 -1.46e-08      0.00 6.825e-01 3.024e-01 1.666e-03 2.144e-03 6.095e-03 -1.000 1.519e-02 -3.290 -2.453 -1.320 -3.503
0.01471 0.00000 9.20000 1.9533182383 2.5665034829    1.941  3.198  3.5649  0.740    7  0.000  0.364    43.21    26.48    17.87    13.68    11.18  3  -1.3e-08      0.00 6.825e-01 3.024e-01 1.666e-03 2.144e-03 6.095e-03 -1.000 1.519e-02 -3.224 -2.426 -1.330 -3.459
0.01471 0.00000 9.20000 1.9533183575 2.5665034882    1.941  3.169  3.5681  0.781    7  0.000  0.364    39.79    24.57    16.64    12.72    10.40  3 -1.15e-08      0.00 6.825e-01 3.024e-01 1.666e-03 2.144e-03 6.095e-03 -1.000 1.519e-02 -3.152 -2.396 -1.342 -3.411
0.01471 0.00000 9.20000 1.9533185959 2.5665034989    1.941  3.143  3.5708  0.818    7  0.000  0.364    36.95    22.98    15.61    11.92     9.74  3 -1.02e-08      0.00 6.825e-01 3.024e-01 1.666e-03 2.144e-03 6.095e-03 -1.000 1.519e-02 -3.086 -2.366 -1.345 -3.366
0.01471 0.00000 9.20000 1.9533188343 2.5665035096    1.941  3.115  3.5736  0.857    7  0.000  0.364    34.20    21.42    14.60    11.14     9.10  3 -9.15e-09      0.00 6.825e-01 3.024e-01 1.666e-03 2.144e-03 6.095e-03 -1.000 1.519e-02 -3.017 -2.329 -1.335 -3.315
0.01471 0.00000 9.20000 1.9533190727 2.5665035203    1.941  3.089  3.5761  0.894    7  0.000  0.364    31.81    20.06    13.71    10.45     8.54  3 -8.05e-09      0.00 6.825e-01 3.024e-01 1.666e-03 2.144e-03 6.095e-03 -1.000 1.519e-02 -2.952 -2.292 -1.323 -3.265
0.01471 0.00000 9.20000 1.9533193111 2.5665035310    1.941  3.063  3.5785  0.929    7  0.000  0.364    29.64    18.81    12.89     9.82     8.02  4 -7.19e-09      0.00 6.825e-01 3.024e-01 1.666e-03 2.144e-03 6.095e-03 -1.000 1.519e-02 -2.887 -2.255 -1.311 -3.216
0.01471 0.00000 9.20000 1.9533194304 2.5665035364    1.941  3.036  3.5812  0.967    7  0.000  0.364    27.49    17.57    12.08     9.19     7.51  4 -6.33e-09      0.00 6.825e-01 3.024e-01 1.666e-03 2.144e-03 6.095e-03 -1.000 1.519e-02 -2.820 -2.215 -1.294 -3.164
0.01471 0.00000 9.20000 1.9533195496 2.5665035417    1.941  3.007  3.5838  1.006    7  0.000  0.364    25.42    16.37    11.29     8.58     7.01  4 -5.56e-09      0.00 6.825e-01 3.024e-01 1.666e-03 2.144e-03 6.095e-03 -1.000 1.519e-02 -2.748 -2.168 -1.266 -3.106
0.01471 0.00000 9.20000 1.9533199072 2.5665035578    1.941  3.060  3.5788  0.933    7  0.000  0.364    29.39    18.67    12.80     9.75     7.96  4 -7.07e-09      0.00 6.825e-01 3.024e-01 1.666e-03 2.144e-03 6.095e-03 -1.000 1.519e-02 -2.880 -2.251 -1.310 -3.211
0.01471 0.00000 9.20000 1.9533200264 2.5665035631    1.941  3.088  3.5762  0.895    7  0.000  0.364    31.74    20.02    13.68    10.43     8.52  3 -8.03e-09      0.00 6.825e-01 3.024e-01 1.666e-03 2.144e-03 6.095e-03 -1.000 1.519e-02 -2.950 -2.291 -1.324 -3.264
0.01471 0.00000 9.20000 1.9533201456 2.5665035685    1.941  3.145  3.5705  0.815    7  0.000  0.364    37.24    23.14    15.71    12.01     9.81  3 -1.04e-08      0.00 6.825e-01 3.024e-01 1.666e-03 2.144e-03 6.095e-03 -1.000 1.519e-02 -3.093 -2.370 -1.347 -3.371
0.01471 0.00000 9.20000 1.9533207417 2.5665035952    1.941  3.151  3.5699  0.807    7  0.000  0.364    37.82    23.47    15.93    12.17     9.95  3 -1.07e-08      0.00 6.825e-01 3.024e-01 1.666e-03 2.144e-03 6.095e-03 -1.000 1.519e-02 -3.107 -2.378 -1.349 -3.381
0.01471 0.00000 9.20000 1.9533210993 2.5665036113    1.941  3.124  3.5727  0.845    7  0.000  0.364    35.05    21.90    14.91    11.38     9.30  3 -9.51e-09      0.00 6.825e-01 3.024e-01 1.666e-03 2.144e-03 6.095e-03 -1.000 1.519e-02 -3.039 -2.340 -1.338 -3.331
0.01471 0.00000 9.20000 1.9533213377 2.5665036220    1.941  3.095  3.5755  0.885    7  0.000  0.364    32.39    20.39    13.93    10.62     8.68  3 -8.33e-09      0.00 6.825e-01 3.024e-01 1.666e-03 2.144e-03 6.095e-03 -1.000 1.519e-02 -2.968 -2.301 -1.327 -3.278
0.01471 0.00000 9.20000 1.9533218145 2.5665036434    1.941  3.066  3.5783  0.925    7  0.000  0.364    29.89    18.96    12.99     9.89     8.08  4  -7.3e-09      0.00 6.825e-01 3.024e-01 1.666e-03 2.144e-03 6.095e-03 -1.000 1.519e-02 -2.895 -2.260 -1.313 -3.223
0.01471 0.00000 9.20000 1.9533220530 2.5665036541    1.941  3.037  3.5811  0.965    7  0.000  0.364    27.57    17.62    12.11     9.22     7.53  4 -6.38e-09      0.00 6.825e-01 3.024e-01 1.666e-03 2.144e-03 6.095e-03 -1.000 1.519e-02 -2.822 -2.216 -1.294 -3.166
0.01471 0.00000 9.20000 1.9533225298 2.5665036755    1.941  3.008  3.5838  1.005    7  0.000  0.364    25.45    16.39    11.30     8.59     7.02  4 -5.65e-09      0.00 6.825e-01 3.024e-01 1.666e-03 2.144e-03 6.095e-03 -1.000 1.519e-02 -2.749 -2.169 -1.268 -3.107
0.01471 0.00000 9.20000 1.9533230066 2.5665036969    1.941  2.981  3.5862  1.042    7  0.000  0.364    23.66    15.34    10.61     8.06     6.58  4 -4.96e-09      0.00 6.825e-01 3.024e-01 1.666e-03 2.144e-03 6.095e-03 -1.000 1.519e-02 -2.682 -2.124 -1.240 -3.053
0.01471 0.00000 9.20000 1.9533236027 2.5665037236    1.941  2.980  3.5863  1.043    7  0.000  0.364    23.60    15.30    10.59     8.04     6.56  4 -4.95e-09      0.00 6.825e-01 3.024e-01 1.666e-03 2.144e-03 6.095e-03 -1.000 1.519e-02 -2.680 -2.123 -1.239 -3.051
0.01471 0.00000 9.20000 1.9533238411 2.5665037343    1.941  3.007  3.5839  1.007    7  0.000  0.364    25.39    16.35    11.28     8.57     7.00  4 -5.63e-09      0.00 6.825e-01 3.024e-01 1.666e-03 2.144e-03 6.095e-03 -1.000 1.519e-02 -2.748 -2.168 -1.268 -3.106
0.01471 0.00000 9.20000 1.9533247948 2.5665037771    1.941  3.028  3.5819  0.978    7  0.000  0.364    26.89    17.22    11.85     9.02     7.36  4 -6.18e-09      0.00 6.825e-01 3.024e-01 1.666e-03 2.144e-03 6.095e-03 -1.000 1.519e-02 -2.799 -2.202 -1.286 -3.147
0.01471 0.00000 9.20000 1.9533257484 2.5665038199    1.941  2.998  3.5847  1.018    7  0.000  0.364    24.81    16.01    11.05     8.40     6.86  4 -5.34e-09      0.00 6.825e-01 3.024e-01 1.666e-03 2.144e-03 6.095e-03 -1.000 1.519e-02 -2.726 -2.154 -1.259 -3.089
0.01471 0.00000 9.20000 1.9533267021 2.5665038627    1.941  2.971  3.5872  1.056    7  0.000  0.364    23.01    14.95    10.36     7.86     6.42  4 -4.77e-09      0.00 6.825e-01 3.024e-01 1.666e-03 2.144e-03 6.095e-03 -1.000 1.519e-02 -2.656 -2.107 -1.230 -3.032
0.01471 0.00000 9.20000 1.9533364773 2.5665043014    1.941  2.945  3.5897  1.091    7  0.000  0.364    21.45    14.03     9.75     7.39     6.03  4 -4.19e-09      0.00 6.825e-01 3.024e-01 1.666e-03 2.144e-03 6.095e-03 -1.000 1.519e-02 -2.594 -2.068 -1.208 -2.982
0.01471 0.00000 9.20000 1.9533419609 2.5665045475    1.940  2.993  3.5854  1.027    7  0.000  0.364    24.40    15.77    10.89     8.28     6.76  4 -5.27e-09      0.00 6.825e-01 3.024e-01 1.666e-03 2.144e-03 6.095e-03 -1.000 1.519e-02 -2.712 -2.146 -1.255 -3.078
0.01471 0.00000 9.20000 1.9533462524 2.5665047401    1.940  3.030  3.5818  0.975    7  0.000  0.364    27.02    17.30    11.90     9.05     7.39  4 -6.16e-09      0.00 6.825e-01 3.024e-01 1.666e-03 2.144e-03 6.095e-03 -1.000 1.519e-02 -2.804 -2.206 -1.290 -3.152
0.01471 0.00000 9.20000 1.9533510208 2.5665049541    1.940  3.070  3.5779  0.920    7  0.000  0.364    30.21    19.14    13.11     9.99     8.16  4 -7.45e-09      0.00 6.825e-01 3.024e-01 1.666e-03 2.144e-03 6.095e-03 -1.000 1.519e-02 -2.905 -2.265 -1.315 -3.230
0.01471 0.00000 9.20000 1.9533572197 2.5665052323    1.940  3.111  3.5739  0.863    7  0.499  0.364    33.81    21.20    14.45    11.03     9.01  3 -8.87e-09      0.00 6.825e-01 3.024e-01 1.666e-03 2.144e-03 6.095e-03 -1.000 1.519e-02 -3.007 -2.322 -1.332 -3.306
0.01471 0.00000 9.20000 1.9533679485 2.5665057138    1.940  3.148  3.5701  0.810    7  0.495  0.364    37.58    23.33    15.84    12.10     9.89  3 -1.06e-08      0.00 6.825e-01 3.024e-01 1.666e-03 2.144e-03 6.095e-03 -1.000 1.519e-02 -3.101 -2.373 -1.346 -3.376
0.01471 0.00000 9.20000 1.9533715248 2.5665058743    1.940  3.153  3.5697  0.804    7  0.495  0.364    38.03    23.58    16.00    12.23    10.00  3 -1.08e-08      0.00 6.825e-01 3.024e-01 1.666e-03 2.144e-03 6.095e-03 -1.000 1.519e-02 -3.112 -2.379 -1.347 -3.384
0.01471 0.00000 9.20000 1.9533721209 2.5665059011    1.940  3.153  3.5697  0.804    8  0.495  0.384    38.03    23.59    16.00    12.23    10.00  3 -1.08e-08      0.00 6.825e-01 3.027e-01 1.763e-03 2.145e-03 6.124e-03 -1.000 1.484e-02 -3.112 -2.379 -1.347 -3.384
0.01471 0.00000 9.20000 1.9533730745 2.5665059439    1.940  2.768  3.6048  1.329    8  0.495  0.384    13.35     9.13     6.46     4.87     3.97  4 -1.86e-09      0.00 6.825e-01 3.027e-01 1.763e-03 2.145e-03 6.124e-03 -1.000 1.484e-02 -2.150 -1.740 -0.965 -2.602
0.01471 0.00000 9.20000 1.9533735514 2.5665059652    1.939  2.712  3.6099  1.405    8  0.495  0.384    11.48     7.96     5.67     4.27     3.48  4 -1.43e-09      0.00 6.825e-01 3.027e-01 1.763e-03 2.145e-03 6.124e-03 -1.000 1.484e-02 -2.011 -1.636 -0.887 -2.483
0.01471 0.00000 9.20000 1.9533756971 2.5665060615    1.939  2.474  3.6317  1.731    8  0.495  0.384     0.00     0.00     0.00     0.00     0.00 -1 -4.55e-10      0.00 6.825e-01 3.027e-01 1.763e-03 2.145e-03 6.124e-03 -1.000 1.484e-02 -1.415 -1.169 -0.498 -1.961
0.01471 0.00000 9.20000 1.9533789158 2.5665062060    1.939  2.480  3.6311  1.723    8  0.495  0.384     0.00     0.00     0.00     0.00     0.00 -1 -4.68e-10      0.00 6.825e-01 3.027e-01 1.763e-03 2.145e-03 6.124e-03 -1.000 1.484e-02 -1.429 -1.180 -0.507 -1.973
0.01471 0.00000 9.20000 1.9533834457 2.5665064093    1.939  2.590  3.6208  1.570    8  0.495  0.384     8.25     5.90     4.26     3.19     2.60  4    -8e-10      0.00 6.825e-01 3.027e-01 1.763e-03 2.145e-03 6.124e-03 -1.000 1.484e-02 -1.706 -1.399 -0.693 -2.216
0.01471 0.00000 9.20000 1.9533890486 2.5665066607    1.939  2.790  3.6021  1.296    8  0.495  0.384    14.26     9.69     6.84     5.16     4.21  4 -2.07e-09      0.00 6.825e-01 3.027e-01 1.763e-03 2.145e-03 6.124e-03 -1.000 1.484e-02 -2.206 -1.778 -0.990 -2.648
0.01471 0.00000 9.20000 1.9533960819 2.5665069763    1.939  2.977  3.5848  1.040    8  0.495  0.384    23.75    15.39    10.65     8.09     6.60  4 -4.89e-09      0.00 6.825e-01 3.027e-01 1.763e-03 2.145e-03 6.124e-03 -1.000 1.484e-02 -2.672 -2.100 -1.205 -3.034
0.01471 0.00000 9.20000 1.9534044266 2.5665073508    1.939  3.105  3.5727  0.863    8  0.495  0.384    33.78    21.18    14.44    11.02     9.00  3 -8.71e-09      0.00 6.825e-01 3.027e-01 1.763e-03 2.145e-03 6.124e-03 -1.000 1.484e-02 -2.992 -2.293 -1.291 -3.283
0.01471 0.00000 9.20000 1.9534140825 2.5665077841    1.939  3.175  3.5659  0.766    8  0.496  0.384    41.00    25.25    17.08    13.07    10.68  3 -1.19e-08      0.00 6.825e-01 3.027e-01 1.763e-03 2.145e-03 6.124e-03 -1.000 1.484e-02 -3.167 -2.382 -1.300 -3.409
0.01471 0.00000 9.20000 1.9534252882 2.5665082870    1.938  3.207  3.5625  0.720    8  0.496  0.384    44.95    27.45    18.50    14.17    11.58  3 -1.37e-08      0.00 6.825e-01 3.027e-01 1.763e-03 2.145e-03 6.124e-03 -1.000 1.484e-02 -3.249 -2.417 -1.291 -3.464
0.01471 0.00000 9.20000 1.9534379244 2.5665088540    1.938  3.226  3.5604  0.693    8  0.496  0.384    47.41    28.81    19.37    14.85    12.14  3 -1.48e-08      0.00 6.825e-01 3.027e-01 1.763e-03 2.145e-03 6.124e-03 -1.000 1.484e-02 -3.294 -2.434 -1.280 -3.493
0.01471 0.00000 9.20000 1.9534382820 2.5665088701    1.938  2.930  3.5874  1.097    8  0.496  0.384    21.18    13.87     9.64     7.31     5.97  4 -3.95e-09      0.00 6.825e-01 3.027e-01 1.763e-03 2.145e-03 6.124e-03 -1.000 1.484e-02 -2.554 -2.007 -1.131 -2.930
0.01471 0.00000 9.20000 1.9534394741 2.5665089235    1.938  2.791  3.6002  1.287    8  0.496  0.384    14.52     9.85     6.95     5.25     4.28  4 -2.08e-09      0.00 6.825e-01 3.027e-01 1.763e-03 2.145e-03 6.124e-03 -1.000 1.484e-02 -2.208 -1.766 -0.969 -2.643
0.01471 0.00000 9.20000 1.9534417391 2.5665090252    1.938  2.552  3.6222  1.615    8  0.496  0.384     7.55     5.45     3.95     2.95     2.40  4 -6.66e-10      0.00 6.825e-01 3.027e-01 1.763e-03 2.145e-03 6.124e-03 -1.000 1.484e-02 -1.609 -1.310 -0.607 -2.125
0.01471 0.00000 9.20000 1.9534451962 2.5665091803    1.938  2.555  3.6218  1.609    8  0.496  0.384     7.63     5.50     3.98     2.98     2.43  4 -6.78e-10      0.00 6.825e-01 3.027e-01 1.763e-03 2.145e-03 6.124e-03 -1.000 1.484e-02 -1.619 -1.318 -0.613 -2.133
0.01471 0.00000 9.20000 1.9534499645 2.5665093943    1.938  2.663  3.6119  1.462    8  0.496  0.384    10.23     7.18     5.14     3.86     3.14  4 -1.14e-09      0.00 6.825e-01 3.027e-01 1.763e-03 2.145e-03 6.124e-03 -1.000 1.484e-02 -1.887 -1.525 -0.786 -2.365
0.01471 0.00000 9.20000 1.9534559250 2.5665096617    1.938  2.858  3.5939  1.195    8  0.497  0.384    17.44    11.63     8.15     6.16     5.03  4 -2.84e-09      0.00 6.825e-01 3.027e-01 1.763e-03 2.145e-03 6.124e-03 -1.000 1.484e-02 -2.375 -1.882 -1.048 -2.781
0.01471 0.00000 9.20000 1.9534634352 2.5665099987    1.937  3.039  3.5771  0.947    8  0.497  0.384    28.60    18.22    12.50     9.52     7.78  4 -6.49e-09      0.00 6.825e-01 3.027e-01 1.763e-03 2.145e-03 6.124e-03 -1.000 1.484e-02 -2.827 -2.178 -1.221 -3.146
0.01471 0.00000 9.20000 1.9534722567 2.5665103946    1.937  3.162  3.5656  0.778    8  0.497  0.384    40.02    24.70    16.73    12.79    10.46  3 -1.12e-08      0.00 6.825e-01 3.027e-01 1.763e-03 2.145e-03 6.124e-03 -1.000 1.484e-02 -3.134 -2.345 -1.260 -3.374
0.01471 0.00000 9.20000 1.9534826279 2.5665108600    1.937  3.226  3.5596  0.690    8  0.497  0.384    47.76    29.00    19.49    14.94    12.22  3 -1.49e-08      0.00 6.825e-01 3.027e-01 1.763e-03 2.145e-03 6.124e-03 -1.000 1.484e-02 -3.295 -2.423 -1.256 -3.487
0.01471 0.00000 9.20000 1.9534945488 2.5665113949    1.937  3.252  3.5570  0.653    8  0.497  0.384    51.40    30.99    20.77    15.94    13.04  3 -1.67e-08      0.00 6.825e-01 3.027e-01 1.763e-03 2.145e-03 6.124e-03 -1.000 1.484e-02 -3.361 -2.448 -1.237 -3.528
0.01471 0.00000 9.20000 1.9535080194 2.5665119993    1.937  3.264  3.5558  0.636    8  0.498  0.384    53.10    31.92    21.37    16.40    13.42  3 -1.76e-08      0.00 6.825e-01 3.027e-01 1.763e-03 2.145e-03 6.124e-03 -1.000 1.484e-02 -3.390 -2.457 -1.226 -3.546
0.01471 0.00000 9.20000 1.9535083771 2.5665120153    1.936  2.975  3.5823  1.031    8  0.498  0.384    24.17    15.64    10.81     8.21     6.71  4 -4.88e-09      0.00 6.825e-01 3.027e-01 1.763e-03 2.145e-03 6.124e-03 -1.000 1.484e-02 -2.668 -2.074 -1.163 -3.018
0.01471 0.00000 9.20000 1.9535096884 2.5665120742    1.936  2.837  3.5951  1.220    8  0.498  0.384    16.58    11.11     7.80     5.89     4.81  4 -2.59e-09      0.00 6.825e-01 3.027e-01 1.763e-03 2.145e-03 6.124e-03 -1.000 1.484e-02 -2.323 -1.841 -1.014 -2.736
0.01471 0.00000 9.20000 1.9535120726 2.5665121812    1.936  2.597  3.6174  1.550    8  0.498  0.384     8.59     6.12     4.41     3.31     2.69  4 -8.31e-10      0.00 6.825e-01 3.027e-01 1.763e-03 2.145e-03 6.124e-03 -1.000 1.484e-02 -1.723 -1.395 -0.677 -2.221
0.01471 0.00000 9.20000 1.9535157681 2.5665123470    1.936  2.600  3.6171  1.545    8  0.498  0.384     8.67     6.17     4.45     3.33     2.72  4 -8.44e-10      0.00 6.825e-01 3.027e-01 1.763e-03 2.145e-03 6.124e-03 -1.000 1.484e-02 -1.731 -1.402 -0.682 -2.228
0.01471 0.00000 9.20000 1.9535207748 2.5665125716    1.936  2.706  3.6073  1.401    8  0.498  0.384    11.56     8.02     5.71     4.29     3.50  4  -1.4e-09      0.00 6.825e-01 3.027e-01 1.763e-03 2.145e-03 6.124e-03 -1.000 1.484e-02 -1.994 -1.602 -0.841 -2.456
0.01471 0.00000 9.20000 1.9535272121 2.5665128605    1.936  2.897  3.5895  1.138    8  0.498  0.384    19.53    12.89     8.99     6.81     5.56  4 -3.41e-09      0.00 6.825e-01 3.027e-01 1.763e-03 2.145e-03 6.124e-03 -1.000 1.484e-02 -2.473 -1.945 -1.085 -2.860
0.01471 0.00000 9.20000 1.9535351992 2.5665132188    1.936  3.075  3.5730  0.894    8  0.498  0.384    31.77    20.04    13.69    10.44     8.53  4 -7.64e-09      0.00 6.825e-01 3.027e-01 1.763e-03 2.145e-03 6.124e-03 -1.000 1.484e-02 -2.917 -2.221 -1.223 -3.209
0.01471 0.00000 9.20000 1.9535446167 2.5665136414    1.936  3.195  3.5618  0.729    8  0.499  0.384    44.11    26.98    18.20    13.94    11.39  3  -1.3e-08      0.00 6.825e-01 3.027e-01 1.763e-03 2.145e-03 6.124e-03 -1.000 1.484e-02 -3.216 -2.375 -1.239 -3.426
0.01471 0.00000 9.20000 1.9535555840 2.5665141334    1.935  3.256  3.5559  0.644    8  0.499  0.384    52.26    31.47    21.07    16.18    13.23  3  -1.7e-08      0.00 6.825e-01 3.027e-01 1.763e-03 2.145e-03 6.124e-03 -1.000 1.484e-02 -3.371 -2.442 -1.213 -3.529
0.01471 0.00000 9.20000 1.9535683393 2.5665147057    1.935  3.280  3.5537  0.611    8  0.499  0.384    55.84    33.42    22.32    17.15    14.03  3 -1.89e-08      0.00 6.825e-01 3.027e-01 1.763e-03 2.145e-03 6.124e-03 -1.000 1.484e-02 -3.431 -2.466 -1.197 -3.567
0.01471 0.00000 9.20000 1.9535826445 2.5665153476    1.935  3.289  3.5528  0.598    8  0.500  0.384    57.25    34.18    22.80    17.53    14.34  3 -1.97e-08      0.00 6.825e-01 3.027e-01 1.763e-03 2.145e-03 6.124e-03 -1.000 1.484e-02 -3.454 -2.475 -1.192 -3.582
0.01471 0.00000 9.20000 1.9535830021 2.5665153636    1.934  3.010  3.5788  0.982    8  0.500  0.384    26.67    17.10    11.77     8.95     7.31  4 -5.73e-09      0.00 6.825e-01 3.027e-01 1.763e-03 2.145e-03 6.124e-03 -1.000 1.484e-02 -2.756 -2.126 -1.187 -3.085
0.01471 0.00000 9.20000 1.9535843134 2.5665154224    1.934  2.873  3.5917  1.170    8  0.500  0.384    18.31    12.16     8.50     6.43     5.25  4 -3.06e-09      0.00 6.825e-01 3.027e-01 1.763e-03 2.145e-03 6.124e-03 -1.000 1.484e-02 -2.413 -1.902 -1.056 -2.809
0.01471 0.00000 9.20000 1.9535869360 2.5665155401    1.934  2.633  3.6142  1.501    8  0.500  0.384     9.47     6.69     4.80     3.60     2.94  4 -9.88e-10      0.00 6.825e-01 3.027e-01 1.763e-03 2.145e-03 6.124e-03 -1.000 1.484e-02 -1.811 -1.464 -0.735 -2.297
0.01471 0.00000 9.20000 1.9535907507 2.5665157113    1.934  2.636  3.6139  1.496    8  0.500  0.384     9.55     6.74     4.84     3.63     2.96  4    -1e-09      0.00 6.825e-01 3.027e-01 1.763e-03 2.145e-03 6.124e-03 -1.000 1.484e-02 -1.820 -1.471 -0.740 -2.305
0.01471 0.00000 9.20000 1.9535959959 2.5665159466    1.934  2.740  3.6042  1.353    8  0.500  0.384    12.71     8.73     6.19     4.67     3.80  4 -1.65e-09      0.00 6.825e-01 3.027e-01 1.763e-03 2.145e-03 6.124e-03 -1.000 1.484e-02 -2.080 -1.665 -0.888 -2.529
0.01471 0.00000 9.20000 1.9536027908 2.5665162514    1.934  2.929  3.5864  1.094    8  0.500  0.384    21.32    13.96     9.70     7.36     6.00  4 -3.95e-09      0.00 6.825e-01 3.027e-01 1.763e-03 2.145e-03 6.124e-03 -1.000 1.484e-02 -2.551 -1.995 -1.113 -2.922
0.01471 0.00000 9.20000 1.9536111355 2.5665166258    1.934  3.104  3.5699  0.852    8  0.501  0.384    34.51    21.60    14.71    11.23     9.18  3 -8.72e-09      0.00 6.825e-01 3.027e-01 1.763e-03 2.145e-03 6.124e-03 -1.000 1.484e-02 -2.990 -2.259 -1.232 -3.263
0.01471 0.00000 9.20000 1.9536210299 2.5665170697    1.933  3.222  3.5587  0.689    8  0.501  0.384    47.79    29.02    19.50    14.95    12.23  3 -1.47e-08      0.00 6.825e-01 3.027e-01 1.763e-03 2.145e-03 6.124e-03 -1.000 1.484e-02 -3.286 -2.401 -1.220 -3.470
0.01471 0.00000 9.20000 1.9536325932 2.5665175885    1.933  3.284  3.5529  0.604    8  0.501  0.384    56.55    33.80    22.56    17.34    14.18  3 -1.92e-08      0.00 6.825e-01 3.027e-01 1.763e-03 2.145e-03 6.124e-03 -1.000 1.484e-02 -3.439 -2.462 -1.181 -3.568
0.01471 0.00000 9.20000 1.9536459446 2.5665181875    1.933  3.308  3.5506  0.571    8  0.502  0.384    60.44    35.90    23.90    18.38    15.04  3 -2.13e-08      0.00 6.825e-01 3.027e-01 1.763e-03 2.145e-03 6.124e-03 -1.000 1.484e-02 -3.499 -2.486 -1.166 -3.607
0.01471 0.00000 9.20000 1.9536609650 2.5665188613    1.932  3.317  3.5498  0.558    8  0.502  0.384    62.01    36.75    24.44    18.80    15.38  3 -2.22e-08      0.00 6.825e-01 3.027e-01 1.763e-03 2.145e-03 6.124e-03 -1.000 1.484e-02 -3.523 -2.495 -1.158 -3.621
0.01471 0.00000 9.20000 1.9536613226 2.5665188774    1.932  3.049  3.5751  0.928    8  0.502  0.384    29.67    18.84    12.91     9.84     8.03  4 -6.83e-09      0.00 6.825e-01 3.027e-01 1.763e-03 2.145e-03 6.124e-03 -1.000 1.484e-02 -2.852 -2.180 -1.203 -3.157
0.01471 0.00000 9.20000 1.9536626339 2.5665189362    1.932  2.912  3.5880  1.116    8  0.502  0.384    20.40    13.41     9.33     7.08     5.77  4 -3.68e-09      0.00 6.825e-01 3.027e-01 1.763e-03 2.145e-03 6.124e-03 -1.000 1.484e-02 -2.511 -1.969 -1.098 -2.890
0.01471 0.00000 9.20000 1.9536652565 2.5665190538    1.932  2.672  3.6108  1.447    8  0.502  0.384    10.53     7.36     5.26     3.96     3.22  4  -1.2e-09      0.00 6.825e-01 3.027e-01 1.763e-03 2.145e-03 6.124e-03 -1.000 1.484e-02 -1.910 -1.542 -0.797 -2.385
0.01471 0.00000 9.20000 1.9536690712 2.5665192250    1.932  2.676  3.6105  1.442    8  0.503  0.384    10.64     7.43     5.31     3.99     3.25  4 -1.22e-09      0.00 6.825e-01 3.027e-01 1.763e-03 2.145e-03 6.124e-03 -1.000 1.484e-02 -1.919 -1.549 -0.803 -2.393
0.01471 0.00000 9.20000 1.9536743164 2.5665194603    1.932  2.778  3.6007  1.301    8  0.503  0.384    14.11     9.60     6.78     5.12     4.17  4 -1.98e-09      0.00 6.825e-01 3.027e-01 1.763e-03 2.145e-03 6.124e-03 -1.000 1.484e-02 -2.176 -1.738 -0.943 -2.612
0.01471 0.00000 9.20000 1.9536811113 2.5665197651    1.932  2.964  3.5830  1.044    8  0.503  0.384    23.53    15.27    10.56     8.02     6.55  4 -4.67e-09      0.00 6.825e-01 3.027e-01 1.763e-03 2.145e-03 6.124e-03 -1.000 1.484e-02 -2.640 -2.053 -1.147 -2.994
0.01471 0.00000 9.20000 1.9536894560 2.5665201395    1.931  3.137  3.5665  0.805    8  0.503  0.384    37.93    23.53    15.97    12.21     9.97  3 -1.02e-08      0.00 6.825e-01 3.027e-01 1.763e-03 2.145e-03 6.124e-03 -1.000 1.484e-02 -3.074 -2.297 -1.224 -3.320
0.01471 0.00000 9.20000 1.9536993504 2.5665205833    1.931  3.255  3.5553  0.642    8  0.504  0.384    52.46    31.58    21.14    16.23    13.27  3  -1.7e-08      0.00 6.825e-01 3.027e-01 1.763e-03 2.145e-03 6.124e-03 -1.000 1.484e-02 -3.367 -2.427 -1.187 -3.519
0.01471 0.00000 9.20000 1.9537109137 2.5665211020    1.931  3.316  3.5494  0.557    8  0.504  0.384    62.14    36.82    24.48    18.84    15.41  3 -2.22e-08      0.00 6.825e-01 3.027e-01 1.763e-03 2.145e-03 6.124e-03 -1.000 1.484e-02 -3.521 -2.485 -1.141 -3.614
0.01471 0.00000 9.20000 1.9537241459 2.5665216956    1.930  3.341  3.5469  0.522    8  0.504  0.384    66.63    39.22    26.00    20.03    16.39  3 -2.47e-08      0.00 6.825e-01 3.027e-01 1.763e-03 2.145e-03 6.124e-03 -1.000 1.484e-02 -3.583 -2.501 -1.105 -3.647
0.01471 0.00000 9.20000 1.9537391663 2.5665223694    1.930  3.352  3.5458  0.507    8  0.505  0.384    68.66    40.30    26.69    20.56    16.83  3 -2.59e-08      0.00 6.825e-01 3.027e-01 1.763e-03 2.145e-03 6.124e-03 -1.000 1.484e-02 -3.610 -2.508 -1.088 -3.661
0.01471 0.00000 9.20000 1.9537395239 2.5665223855    1.930  3.095  3.5703  0.862    8  0.505  0.384    33.83    21.22    14.46    11.04     9.02  3 -8.43e-09      0.00 6.825e-01 3.027e-01 1.763e-03 2.145e-03 6.124e-03 -1.000 1.484e-02 -2.967 -2.242 -1.218 -3.243
0.01471 0.00000 9.20000 1.9537410736 2.5665224550    1.930  2.960  3.5833  1.049    8  0.505  0.384    23.28    15.12    10.47     7.95     6.49  4 -4.59e-09      0.00 6.825e-01 3.027e-01 1.763e-03 2.145e-03 6.124e-03 -1.000 1.484e-02 -2.629 -2.044 -1.140 -2.984
0.01471 0.00000 9.20000 1.9537438154 2.5665225780    1.930  2.719  3.6065  1.382    8  0.505  0.384    11.97     8.28     5.89     4.43     3.61  4  -1.5e-09      0.00 6.825e-01 3.027e-01 1.763e-03 2.145e-03 6.124e-03 -1.000 1.484e-02 -2.027 -1.629 -0.864 -2.486
0.01471 0.00000 9.20000 1.9537481070 2.5665227705    1.929  2.723  3.6062  1.378    8  0.505  0.384    12.09     8.35     5.94     4.47     3.64  4 -1.53e-09      0.00 6.825e-01 3.027e-01 1.763e-03 2.145e-03 6.124e-03 -1.000 1.484e-02 -2.036 -1.636 -0.869 -2.494
0.01471 0.00000 9.20000 1.9537539482 2.5665230325    1.929  2.823  3.5965  1.239    8  0.506  0.384    15.95    10.73     7.54     5.70     4.65  4 -2.45e-09      0.00 6.825e-01 3.027e-01 1.763e-03 2.145e-03 6.124e-03 -1.000 1.484e-02 -2.287 -1.816 -0.998 -2.705
0.01471 0.00000 9.20000 1.9537613392 2.5665233640    1.929  3.004  3.5790  0.987    8  0.506  0.384    26.34    16.91    11.64     8.86     7.23  4 -5.62e-09      0.00 6.825e-01 3.027e-01 1.763e-03 2.145e-03 6.124e-03 -1.000 1.484e-02 -2.741 -2.114 -1.177 -3.072
0.01471 0.00000 9.20000 1.9537705183 2.5665237758    1.929  3.174  3.5627  0.752    8  0.506  0.384    42.07    25.85    17.47    13.37    10.93  3  -1.2e-08      0.00 6.825e-01 3.027e-01 1.763e-03 2.145e-03 6.124e-03 -1.000 1.484e-02 -3.164 -2.335 -1.212 -3.381
0.01471 0.00000 9.20000 1.9537813663 2.5665242624    1.928  3.288  3.5516  0.593    8  0.507  0.384    57.76    34.46    22.98    17.67    14.45  3 -1.97e-08      0.00 6.824e-01 3.027e-01 1.763e-03 2.145e-03 6.124e-03 -1.000 1.484e-02 -3.450 -2.452 -1.148 -3.566
0.01471 0.00000 9.20000 1.9537941217 2.5665248345    1.928  3.347  3.5458  0.511    8  0.507  0.384    68.05    39.98    26.48    20.40    16.70  3 -2.55e-08      0.00 6.824e-01 3.027e-01 1.763e-03 2.145e-03 6.124e-03 -1.000 1.484e-02 -3.598 -2.497 -1.078 -3.650
0.01471 0.00000 9.20000 1.9538086653 2.5665254868    1.927  3.371  3.5436  0.479    8  0.508  0.384    72.62    42.40    28.02    21.60    17.68  2 -2.82e-08      0.00 6.824e-01 3.027e-01 1.763e-03 2.145e-03 6.124e-03 -1.000 1.484e-02 -3.657 -2.513 -1.045 -3.681
0.01471 0.00000 9.20000 1.9538252354 2.5665262301    1.927  3.380  3.5427  0.466    8  0.508  0.384    74.49    43.39    28.64    22.09    18.08  2 -2.94e-08      0.00 6.824e-01 3.027e-01 1.763e-03 2.145e-03 6.124e-03 -1.000 1.484e-02 -3.680 -2.520 -1.033 -3.694
0.01471 0.00000 9.20000 1.9538255930 2.5665262461    1.926  3.137  3.5664  0.804    8  0.508  0.384    37.97    23.56    15.98    12.22     9.99  3 -1.02e-08      0.00 6.824e-01 3.027e-01 1.763e-03 2.145e-03 6.124e-03 -1.000 1.484e-02 -3.072 -2.293 -1.219 -3.318
0.01471 0.00000 9.20000 1.9538271427 2.5665263156    1.926  3.003  3.5795  0.990    8  0.509  0.384    26.18    16.82    11.59     8.81     7.20  4 -5.61e-09      0.00 6.824e-01 3.027e-01 1.763e-03 2.145e-03 6.124e-03 -1.000 1.484e-02 -2.737 -2.116 -1.183 -3.071
0.01471 0.00000 9.20000 1.9538300037 2.5665264439    1.926  2.762  3.6031  1.325    8  0.509  0.384    13.43     9.19     6.50     4.90     4.00  4 -1.85e-09      0.00 6.824e-01 3.027e-01 1.763e-03 2.145e-03 6.124e-03 -1.000 1.484e-02 -2.136 -1.714 -0.931 -2.582
0.01471 0.00000 9.20000 1.9538344145 2.5665266418    1.926  2.766  3.6027  1.319    8  0.509  0.384    13.58     9.28     6.56     4.95     4.04  4 -1.89e-09      0.00 6.824e-01 3.027e-01 1.763e-03 2.145e-03 6.124e-03 -1.000 1.484e-02 -2.146 -1.722 -0.937 -2.590
0.01471 0.00000 9.20000 1.9538403749 2.5665269091    1.926  2.865  3.5931  1.182    8  0.509  0.384    17.84    11.88     8.31     6.29     5.13  4 -2.99e-09      0.00 6.824e-01 3.027e-01 1.763e-03 2.145e-03 6.124e-03 -1.000 1.484e-02 -2.392 -1.893 -1.054 -2.795
0.01471 0.00000 9.20000 1.9538480043 2.5665272513    1.926  3.042  3.5756  0.935    8  0.509  0.384    29.22    18.58    12.74     9.71     7.93  4 -6.71e-09      0.00 6.824e-01 3.027e-01 1.763e-03 2.145e-03 6.124e-03 -1.000 1.484e-02 -2.836 -2.170 -1.199 -3.145
0.01471 0.00000 9.20000 1.9538573027 2.5665276684    1.925  3.208  3.5593  0.703    8  0.510  0.384    46.37    28.24    19.00    14.57    11.91  3  -1.4e-08      0.00 6.824e-01 3.027e-01 1.763e-03 2.145e-03 6.124e-03 -1.000 1.484e-02 -3.251 -2.374 -1.203 -3.440
0.01471 0.00000 9.20000 1.9538685083 2.5665281709    1.925  3.321  3.5481  0.546    8  0.510  0.384    63.48    37.54    24.94    19.19    15.70  3 -2.28e-08      0.00 6.824e-01 3.027e-01 1.763e-03 2.145e-03 6.124e-03 -1.000 1.484e-02 -3.533 -2.474 -1.104 -3.611
0.01471 0.00000 9.20000 1.9538816214 2.5665287591    1.924  3.380  3.5423  0.464    8  0.511  0.384    74.78    43.55    28.74    22.17    18.14  2 -2.94e-08      0.00 6.824e-01 3.027e-01 1.763e-03 2.145e-03 6.124e-03 -1.000 1.484e-02 -3.679 -2.511 -1.014 -3.688
0.01471 0.00000 9.20000 1.9538966417 2.5665294327    1.923  3.404  3.5399  0.430    8  0.512  0.384    79.98    46.28    30.46    23.52    19.25  2 -3.26e-08      0.00 6.824e-01 3.027e-01 1.763e-03 2.145e-03 6.124e-03 -1.000 1.484e-02 -3.739 -2.526 -0.973 -3.719
0.01471 0.00000 9.20000 1.9539135695 2.5665301919    1.923  3.414  3.5389  0.415    8  0.512  0.384    82.32    47.51    31.23    24.12    19.75  2 -3.41e-08      0.00 6.824e-01 3.027e-01 1.763e-03 2.145e-03 6.124e-03 -1.000 1.484e-02 -3.765 -2.529 -0.951 -3.730
0.01471 0.00000 9.20000 1.9539140463 2.5665302133    1.922  3.186  3.5616  0.734    8  0.512  0.384    43.57    26.69    18.01    13.79    11.27  3 -1.27e-08      0.00 6.824e-01 3.027e-01 1.763e-03 2.145e-03 6.124e-03 -1.000 1.484e-02 -3.195 -2.351 -1.213 -3.403
0.01471 0.00000 9.20000 1.9539155960 2.5665302828    1.922  3.053  3.5748  0.920    8  0.513  0.384    30.10    19.09    13.07     9.96     8.14  4 -7.09e-09      0.00 6.824e-01 3.027e-01 1.763e-03 2.145e-03 6.124e-03 -1.000 1.484e-02 -2.864 -2.189 -1.209 -3.168
0.01471 0.00000 9.20000 1.9539184570 2.5665304111    1.922  2.813  3.5988  1.256    8  0.513  0.384    15.40    10.40     7.32     5.53     4.51  4 -2.37e-09      0.00 6.824e-01 3.027e-01 1.763e-03 2.145e-03 6.124e-03 -1.000 1.484e-02 -2.264 -1.811 -1.006 -2.693
0.01471 0.00000 9.20000 1.9539228678 2.5665306089    1.922  2.818  3.5984  1.250    8  0.513  0.384    15.59    10.52     7.40     5.59     4.56  4 -2.42e-09      0.00 6.824e-01 3.027e-01 1.763e-03 2.145e-03 6.124e-03 -1.000 1.484e-02 -2.275 -1.819 -1.011 -2.702
0.01471 0.00000 9.20000 1.9539289474 2.5665308816    1.922  2.914  3.5888  1.114    8  0.513  0.384    20.41    13.42     9.34     7.08     5.78  4 -3.78e-09      0.00 6.824e-01 3.027e-01 1.763e-03 2.145e-03 6.124e-03 -1.000 1.484e-02 -2.516 -1.981 -1.115 -2.899
0.01471 0.00000 9.20000 1.9539366961 2.5665312291    1.921  3.088  3.5714  0.871    8  0.514  0.384    33.13    20.83    14.21    10.84     8.86  3 -8.27e-09      0.00 6.824e-01 3.027e-01 1.763e-03 2.145e-03 6.124e-03 -1.000 1.484e-02 -2.949 -2.235 -1.222 -3.231
0.01471 0.00000 9.20000 1.9539461136 2.5665316514    1.921  3.250  3.5550  0.643    8  0.514  0.384    52.23    31.46    21.06    16.17    13.23  3 -1.69e-08      0.00 6.824e-01 3.027e-01 1.763e-03 2.145e-03 6.124e-03 -1.000 1.484e-02 -3.355 -2.410 -1.165 -3.503
0.01471 0.00000 9.20000 1.9539575577 2.5665321647    1.920  3.361  3.5437  0.487    8  0.515  0.384    71.27    41.69    27.56    21.25    17.39  2 -2.73e-08      0.00 6.824e-01 3.027e-01 1.763e-03 2.145e-03 6.124e-03 -1.000 1.484e-02 -3.632 -2.491 -1.027 -3.658
0.01471 0.00000 9.20000 1.9539707899 2.5665327581    1.920  3.419  3.5377  0.405    8  0.515  0.384    83.99    48.38    31.77    24.55    20.10  2  -3.5e-08      0.00 6.824e-01 3.027e-01 1.763e-03 2.145e-03 6.124e-03 -1.000 1.484e-02 -3.778 -2.518 -0.912 -3.726
0.01471 0.00000 9.20000 1.9539860487 2.5665334424    1.919  3.444  3.5351  0.370    8  0.516  0.384    90.10    51.55    33.76    26.11    21.38  2 -3.89e-08      0.00 6.824e-01 3.027e-01 1.763e-03 2.145e-03 6.124e-03 -1.000 1.484e-02 -3.839 -2.523 -0.851 -3.749
0.01471 0.00000 9.20000 1.9540032148 2.5665342122    1.918  3.455  3.5339  0.353    8  0.517  0.384    93.17    53.15    34.76    26.89    22.02  2 -4.09e-08      0.00 6.824e-01 3.027e-01 1.763e-03 2.145e-03 6.124e-03 -1.000 1.484e-02 -3.868 -2.525 -0.820 -3.759
0.01471 0.00000 9.20000 1.9540035725 2.5665342282    1.918  3.243  3.5555  0.651    8  0.517  0.384    51.36    30.98    20.76    15.94    13.03  3 -1.65e-08      0.00 6.824e-01 3.027e-01 1.763e-03 2.145e-03 6.124e-03 -1.000 1.484e-02 -3.338 -2.401 -1.164 -3.491
0.01471 0.00000 9.20000 1.9540051222 2.5665342977    1.918  3.112  3.5688  0.836    8  0.517  0.384    35.55    22.20    15.10    11.53     9.42  3 -9.29e-09      0.00 6.824e-01 3.027e-01 1.763e-03 2.145e-03 6.124e-03 -1.000 1.484e-02 -3.011 -2.266 -1.224 -3.275
0.01471 0.00000 9.20000 1.9540078640 2.5665344207    1.917  2.873  3.5933  1.173    8  0.517  0.384    18.13    12.06     8.43     6.38     5.21  4 -3.15e-09      0.00 6.824e-01 3.027e-01 1.763e-03 2.145e-03 6.124e-03 -1.000 1.484e-02 -2.412 -1.915 -1.078 -2.816
0.01471 0.00000 9.20000 1.9540120363 2.5665346078    1.917  2.877  3.5929  1.167    8  0.517  0.384    18.35    12.19     8.52     6.45     5.26  4 -3.21e-09      0.00 6.824e-01 3.027e-01 1.763e-03 2.145e-03 6.124e-03 -1.000 1.484e-02 -2.423 -1.923 -1.083 -2.825
0.01471 0.00000 9.20000 1.9540178776 2.5665348697    1.917  2.971  3.5833  1.035    8  0.518  0.384    23.88    15.48    10.70     8.13     6.64  4 -4.93e-09      0.00 6.824e-01 3.027e-01 1.763e-03 2.145e-03 6.124e-03 -1.000 1.484e-02 -2.657 -2.072 -1.167 -3.012
0.01471 0.00000 9.20000 1.9540252686 2.5665352011    1.916  3.138  3.5661  0.798    8  0.518  0.384    38.29    23.75    16.10    12.31    10.06  3 -1.04e-08      0.00 6.824e-01 3.027e-01 1.763e-03 2.145e-03 6.124e-03 -1.000 1.484e-02 -3.076 -2.293 -1.215 -3.319
0.01471 0.00000 9.20000 1.9540343285 2.5665356074    1.916  3.296  3.5498  0.576    8  0.519  0.384    59.71    35.52    23.65    18.19    14.88  3 -2.08e-08      0.00 6.824e-01 3.027e-01 1.763e-03 2.145e-03 6.124e-03 -1.000 1.484e-02 -3.470 -2.442 -1.107 -3.568
0.01471 0.00000 9.20000 1.9540451765 2.5665360938    1.915  3.403  3.5386  0.424    8  0.519  0.384    80.88    46.75    30.75    23.75    19.44  2 -3.29e-08      0.00 6.824e-01 3.027e-01 1.763e-03 2.145e-03 6.124e-03 -1.000 1.484e-02 -3.738 -2.497 -0.915 -3.699
0.01471 0.00000 9.20000 1.9540578127 2.5665366605    1.914  3.459  3.5327  0.343    8  0.520  0.384    94.91    54.04    35.31    27.33    22.38  2 -4.18e-08      0.00 6.824e-01 3.027e-01 1.763e-03 2.145e-03 6.124e-03 -1.000 1.484e-02 -3.878 -2.508 -0.774 -3.751
0.01471 0.00000 9.20000 1.9540722370 2.5665373073    1.914  3.483  3.5301  0.309    8  0.521  0.384   101.60    57.49    37.46    29.02    23.77  2 -4.62e-08      0.00 6.824e-01 3.027e-01 1.763e-03 2.145e-03 6.124e-03 -1.000 1.484e-02 -3.937 -2.511 -0.710 -3.772
0.01471 0.00000 9.20000 1.9540886879 2.5665380449    1.913  3.494  3.5288  0.293    8  0.522  0.384   104.95    59.20    38.52    29.86    24.46  2 -4.85e-08      0.00 6.824e-01 3.027e-01 1.763e-03 2.146e-03 6.124e-03 -1.000 1.484e-02 -3.965 -2.505 -0.668 -3.774
0.01471 0.00000 9.20000 1.9540890455 2.5665380609    1.912  3.298  3.5492  0.571    8  0.522  0.384    60.28    35.82    23.85    18.35    15.01  3  -2.1e-08      0.00 6.824e-01 3.027e-01 1.763e-03 2.146e-03 6.124e-03 -1.000 1.484e-02 -3.474 -2.435 -1.088 -3.565
0.01471 0.00000 9.20000 1.9540905952 2.5665381304    1.912  3.168  3.5627  0.754    8  0.522  0.384    41.80    25.71    17.37    13.30    10.87  3  -1.2e-08      0.00 6.824e-01 3.027e-01 1.763e-03 2.146e-03 6.124e-03 -1.000 1.484e-02 -3.151 -2.322 -1.200 -3.368
0.01471 0.00000 9.20000 1.9540934563 2.5665382587    1.912  2.929  3.5877  1.093    8  0.522  0.384    21.25    13.93     9.68     7.34     5.99  4 -4.12e-09      0.00 6.824e-01 3.027e-01 1.763e-03 2.146e-03 6.124e-03 -1.000 1.484e-02 -2.553 -2.009 -1.136 -2.931
0.01471 0.00000 9.20000 1.9540978670 2.5665384565    1.912  2.933  3.5873  1.087    8  0.522  0.384    21.49    14.08     9.77     7.42     6.05  4  -4.2e-09      0.00 6.824e-01 3.027e-01 1.763e-03 2.146e-03 6.124e-03 -1.000 1.484e-02 -2.563 -2.015 -1.139 -2.939
0.01471 0.00000 9.20000 1.9541038275 2.5665387237    1.911  3.024  3.5779  0.959    8  0.523  0.384    27.78    17.76    12.20     9.29     7.59  4 -6.33e-09      0.00 6.824e-01 3.027e-01 1.763e-03 2.146e-03 6.124e-03 -1.000 1.484e-02 -2.790 -2.150 -1.200 -3.114
0.01471 0.00000 9.20000 1.9541114569 2.5665390658    1.911  3.186  3.5609  0.729    8  0.523  0.384    43.93    26.90    18.14    13.90    11.36  3  -1.3e-08      0.00 6.824e-01 3.027e-01 1.763e-03 2.146e-03 6.124e-03 -1.000 1.484e-02 -3.194 -2.341 -1.194 -3.397
0.01471 0.00000 9.20000 1.9541207552 2.5665394828    1.910  3.337  3.5449  0.513    8  0.524  0.384    67.59    39.74    26.33    20.29    16.60  3  -2.5e-08      0.00 6.824e-01 3.027e-01 1.763e-03 2.146e-03 6.124e-03 -1.000 1.484e-02 -3.573 -2.454 -1.016 -3.613
0.01471 0.00000 9.20000 1.9541319609 2.5665399852    1.909  3.440  3.5340  0.366    8  0.524  0.384    90.61    51.82    33.92    26.25    21.49  2 -3.88e-08      0.00 6.824e-01 3.027e-01 1.763e-03 2.146e-03 6.124e-03 -1.000 1.484e-02 -3.831 -2.489 -0.788 -3.723
0.01471 0.00000 9.20000 1.9541450739 2.5665405731    1.908  3.494  3.5283  0.290    8  0.525  0.384   105.53    59.49    38.70    30.00    24.57  2 -4.87e-08      0.00 6.824e-01 3.027e-01 1.763e-03 2.146e-03 6.124e-03 -1.000 1.484e-02 -3.964 -2.491 -0.639 -3.763
0.01471 0.00000 9.20000 1.9541600943 2.5665412466    1.907  3.515  3.5259  0.259    8  0.526  0.384   112.31    62.94    40.85    31.69    25.96  2 -5.35e-08      0.00 6.824e-01 3.027e-01 1.763e-03 2.146e-03 6.124e-03 -1.000 1.484e-02 -4.019 -2.484 -0.565 -3.771
0.01471 0.00000 9.20000 1.9541770220 2.5665420055    1.906  3.525  3.5249  0.245    8  0.527  0.384   115.38    64.50    41.81    32.45    26.58  2 -5.57e-08      0.00 6.824e-01 3.027e-01 1.763e-03 2.146e-03 6.124e-03 -1.000 1.484e-02 -4.042 -2.482 -0.535 -3.775
0.01471 0.00000 9.20000 1.9541773796 2.5665420216    1.906  3.346  3.5440  0.501    8  0.527  0.384    69.28    40.64    26.90    20.73    16.97  3 -2.61e-08      0.00 6.824e-01 3.027e-01 1.763e-03 2.146e-03 6.124e-03 -1.000 1.484e-02 -3.594 -2.460 -1.004 -3.624
0.01471 0.00000 9.20000 1.9541788101 2.5665420857    1.906  3.218  3.5577  0.683    8  0.527  0.384    48.16    29.24    19.64    15.07    12.32  3 -1.51e-08      0.00 6.824e-01 3.027e-01 1.763e-03 2.146e-03 6.124e-03 -1.000 1.484e-02 -3.276 -2.374 -1.177 -3.450
0.01471 0.00000 9.20000 1.9541814327 2.5665422033    1.905  2.981  3.5832  1.022    8  0.528  0.384    24.44    15.82    10.92     8.31     6.78  4 -5.26e-09      0.00 6.824e-01 3.027e-01 1.763e-03 2.146e-03 6.124e-03 -1.000 1.484e-02 -2.682 -2.096 -1.191 -3.036
0.01471 0.00000 9.20000 1.9541854858 2.5665423850    1.905  2.985  3.5828  1.016    8  0.528  0.384    24.74    15.99    11.04     8.39     6.85  4 -5.37e-09      0.00 6.824e-01 3.027e-01 1.763e-03 2.146e-03 6.124e-03 -1.000 1.484e-02 -2.692 -2.103 -1.194 -3.045
0.01471 0.00000 9.20000 1.9541909695 2.5665426309    1.905  3.073  3.5734  0.890    8  0.528  0.384    31.82    20.09    13.72    10.47     8.55  3 -7.98e-09      0.00 6.824e-01 3.027e-01 1.763e-03 2.146e-03 6.124e-03 -1.000 1.484e-02 -2.913 -2.221 -1.227 -3.208
0.01471 0.00000 9.20000 1.9541981220 2.5665429515    1.904  3.230  3.5565  0.666    8  0.529  0.384    49.76    30.12    20.20    15.51    12.68  3 -1.59e-08      0.00 6.824e-01 3.027e-01 1.763e-03 2.146e-03 6.124e-03 -1.000 1.484e-02 -3.304 -2.383 -1.165 -3.467
0.01471 0.00000 9.20000 1.9542067051 2.5665433363    1.903  3.377  3.5406  0.455    8  0.529  0.384    75.81    44.09    29.07    22.44    18.37  2 -2.99e-08      0.00 6.824e-01 3.027e-01 1.763e-03 2.146e-03 6.124e-03 -1.000 1.484e-02 -3.672 -2.472 -0.939 -3.661
0.01471 0.00000 9.20000 1.9542170763 2.5665438013    1.902  3.477  3.5297  0.311    8  0.530  0.384   101.07    57.21    37.28    28.89    23.66  2 -4.58e-08      0.00 6.824e-01 3.027e-01 1.763e-03 2.146e-03 6.124e-03 -1.000 1.484e-02 -3.922 -2.486 -0.676 -3.749
0.01471 0.00000 9.20000 1.9542292356 2.5665443464    1.901  3.529  3.5239  0.235    8  0.531  0.384   117.55    65.59    42.48    32.99    27.02  2 -5.71e-08      0.00 6.824e-01 3.027e-01 1.763e-03 2.146e-03 6.124e-03 -1.000 1.484e-02 -4.054 -2.467 -0.490 -3.767
0.01471 0.00000 9.20000 1.9542430639 2.5665449664    1.900  3.552  3.5214  0.203    8  0.532  0.384   125.37    69.53    44.91    34.91    28.60  2 -6.28e-08      0.00 6.824e-01 3.027e-01 1.763e-03 2.146e-03 6.124e-03 -1.000 1.484e-02 -4.109 -2.456 -0.407 -3.772
0.01471 0.00000 9.20000 1.9542587996 2.5665456718    1.899  3.562  3.5202  0.187    8  0.533  0.384   129.31    71.51    46.13    35.87    29.39  2 -6.57e-08      0.00 6.824e-01 3.027e-01 1.763e-03 2.146e-03 6.124e-03 -1.000 1.484e-02 -4.135 -2.450 -0.365 -3.774
0.01471 0.00000 9.20000 1.9542591572 2.5665456878    1.899  3.399  3.5380  0.421    8  0.533  0.384    81.05    46.84    30.80    23.80    19.48  2 -3.31e-08      0.00 6.824e-01 3.027e-01 1.763e-03 2.146e-03 6.124e-03 -1.000 1.484e-02 -3.728 -2.473 -0.876 -3.680
0.01471 0.00000 9.20000 1.9542605877 2.5665457520    1.898  3.273  3.5518  0.602    8  0.533  0.384    56.49    33.78    22.54    17.33    14.18  3 -1.94e-08      0.00 6.824e-01 3.027e-01 1.763e-03 2.146e-03 6.124e-03 -1.000 1.484e-02 -3.414 -2.418 -1.118 -3.532
0.01471 0.00000 9.20000 1.9542633295 2.5665458749    1.898  3.038  3.5777  0.941    8  0.533  0.384    28.70    18.30    12.56     9.57     7.81  4 -6.89e-09      0.00 6.824e-01 3.027e-01 1.763e-03 2.146e-03 6.124e-03 -1.000 1.484e-02 -2.825 -2.182 -1.230 -3.148
0.01471 0.00000 9.20000 1.9542673826 2.5665460566    1.898  3.041  3.5773  0.936    8  0.533  0.384    28.97    18.46    12.66     9.65     7.88  4    -7e-09      0.00 6.824e-01 3.027e-01 1.763e-03 2.146e-03 6.124e-03 -1.000 1.484e-02 -2.833 -2.187 -1.231 -3.153
0.01471 0.00000 9.20000 1.9542728662 2.5665463024    1.897  3.127  3.5679  0.813    8  0.534  0.384    37.06    23.07    15.66    11.97     9.78  3 -1.02e-08      0.00 6.824e-01 3.027e-01 1.763e-03 2.146e-03 6.124e-03 -1.000 1.484e-02 -3.047 -2.289 -1.235 -3.305
0.01471 0.00000 9.20000 1.9542800188 2.5665466231    1.897  3.277  3.5513  0.596    8  0.534  0.384    57.21    34.17    22.79    17.53    14.34  3 -1.98e-08      0.00 6.824e-01 3.027e-01 1.763e-03 2.146e-03 6.124e-03 -1.000 1.484e-02 -3.424 -2.420 -1.112 -3.537
0.01471 0.00000 9.20000 1.9542888403 2.5665470185    1.896  3.419  3.5356  0.391    8  0.535  0.384    86.08    49.47    32.45    25.09    20.54  2 -3.62e-08      0.00 6.824e-01 3.027e-01 1.763e-03 2.146e-03 6.124e-03 -1.000 1.484e-02 -3.778 -2.471 -0.812 -3.694
0.01471 0.00000 9.20000 1.9542992115 2.5665474834    1.895  3.516  3.5248  0.251    8  0.536  0.384   113.75    63.66    41.29    32.05    26.25  2 -5.44e-08      0.00 6.824e-01 3.027e-01 1.763e-03 2.146e-03 6.124e-03 -1.000 1.484e-02 -4.019 -2.456 -0.507 -3.750
0.01471 0.00000 9.20000 1.9543114901 2.5665480339    1.894  3.566  3.5192  0.178    8  0.537  0.384   131.62    72.66    46.84    36.43    29.85  2 -6.72e-08      0.00 6.824e-01 3.027e-01 1.763e-03 2.146e-03 6.124e-03 -1.000 1.484e-02 -4.144 -2.426 -0.308 -3.756
0.01471 0.00000 9.20000 1.9543254375 2.5665486591    1.892  3.587  3.5167  0.147    8  0.538  0.384   140.03    76.84    49.41    38.46    31.52  2 -7.35e-08      0.00 6.824e-01 3.027e-01 1.763e-03 2.146e-03 6.124e-03 -1.000 1.484e-02 -4.197 -2.399 -0.201 -3.744
0.01471 0.00000 9.20000 1.9543412924 2.5665493698    1.891  3.597  3.5155  0.132    8  0.539  0.384   144.23    78.93    50.69    39.47    32.35  2 -7.68e-08      0.00 6.824e-01 3.027e-01 1.763e-03 2.146e-03 6.124e-03 -1.000 1.484e-02 -4.221 -2.385 -0.148 -3.737
0.01471 0.00000 9.20000 1.9543416500 2.5665493858    1.890  3.451  3.5319  0.343    8  0.539  0.384    94.57    53.87    35.19    27.25    22.31  2 -4.17e-08      0.00 6.824e-01 3.027e-01 1.763e-03 2.146e-03 6.124e-03 -1.000 1.484e-02 -3.856 -2.469 -0.716 -3.717
0.01471 0.00000 9.20000 1.9543429613 2.5665494446    1.890  3.327  3.5458  0.523    8  0.539  0.384    66.09    38.95    25.82    19.90    16.28  3 -2.47e-08      0.00 6.824e-01 3.027e-01 1.763e-03 2.146e-03 6.124e-03 -1.000 1.484e-02 -3.547 -2.445 -1.027 -3.598
0.01471 0.00000 9.20000 1.9543453455 2.5665495515    1.890  3.095  3.5719  0.859    8  0.539  0.384    33.76    21.20    14.45    11.04     9.01  3 -9.03e-09      0.00 6.824e-01 3.027e-01 1.763e-03 2.146e-03 6.124e-03 -1.000 1.484e-02 -2.968 -2.260 -1.252 -3.254
0.01471 0.00000 9.20000 1.9543491602 2.5665497225    1.889  3.096  3.5719  0.858    8  0.540  0.384    33.83    21.25    14.48    11.06     9.03  3 -9.06e-09      0.00 6.824e-01 3.027e-01 1.763e-03 2.146e-03 6.124e-03 -1.000 1.484e-02 -2.970 -2.262 -1.252 -3.256
0.01471 0.00000 9.20000 1.9543541670 2.5665499469    1.889  3.179  3.5625  0.738    8  0.540  0.384    43.02    26.41    17.82    13.65    11.16  3 -1.31e-08      0.00 6.824e-01 3.027e-01 1.763e-03 2.146e-03 6.124e-03 -1.000 1.484e-02 -3.177 -2.346 -1.221 -3.393
0.01471 0.00000 9.20000 1.9543606043 2.5665502355    1.888  3.324  3.5462  0.527    8  0.541  0.384    65.50    38.63    25.62    19.74    16.15  3 -2.44e-08      0.00 6.824e-01 3.027e-01 1.763e-03 2.146e-03 6.124e-03 -1.000 1.484e-02 -3.539 -2.444 -1.033 -3.594
0.01471 0.00000 9.20000 1.9543685913 2.5665505935    1.887  3.460  3.5307  0.329    8  0.541  0.384    97.26    55.25    36.06    27.93    22.87  2 -4.35e-08      0.00 6.824e-01 3.027e-01 1.763e-03 2.146e-03 6.124e-03 -1.000 1.484e-02 -3.879 -2.467 -0.684 -3.723
0.01471 0.00000 9.20000 1.9543781281 2.5665510210    1.886  3.552  3.5202  0.194    8  0.542  0.384   127.32    70.50    45.50    35.38    28.99  2 -6.42e-08      0.00 6.824e-01 3.027e-01 1.763e-03 2.146e-03 6.124e-03 -1.000 1.484e-02 -4.110 -2.424 -0.339 -3.748
0.01471 0.00000 9.20000 1.9543893337 2.5665515232    1.885  3.600  3.5146  0.124    8  0.543  0.384   146.54    80.06    51.38    40.02    32.80  2 -7.85e-08      0.00 6.824e-01 3.027e-01 1.763e-03 2.146e-03 6.124e-03 -1.000 1.484e-02 -4.230 -2.363 -0.097 -3.721
0.01471 0.00000 9.20000 1.9544020891 2.5665520950    1.883  3.620  3.5123  0.094    8  0.544  0.384   155.52    84.49    54.09    42.17    34.56  2 -8.54e-08      0.00 6.824e-01 3.027e-01 1.763e-03 2.146e-03 6.124e-03 -1.000 1.484e-02 -4.280 -2.335 0.009 -3.707
0.01471 0.00000 9.20000 1.9544165134 2.5665527415    1.882  3.629  3.5111  0.080    8  0.545  0.384   159.99    86.67    55.42    43.23    35.43  2  -8.9e-08      0.00 6.824e-01 3.027e-01 1.763e-03 2.146e-03 6.124e-03 -1.000 1.484e-02 -4.303 -2.321 0.060 -3.700
0.01471 0.00000 9.20000 1.9544168711 2.5665527575    1.881  3.499  3.5261  0.270    8  0.545  0.384   109.46    61.48    39.93    30.98    25.38  2 -5.19e-08      0.00 6.824e-01 3.027e-01 1.763e-03 2.146e-03 6.124e-03 -1.000 1.484e-02 -3.978 -2.447 -0.533 -3.733
0.01471 0.00000 9.20000 1.9544181824 2.5665528163    1.881  3.377  3.5401  0.447    8  0.545  0.384    76.73    44.58    29.37    22.69    18.57  2 -3.11e-08      0.00 6.824e-01 3.027e-01 1.763e-03 2.146e-03 6.124e-03 -1.000 1.484e-02 -3.673 -2.464 -0.919 -3.656
0.01471 0.00000 9.20000 1.9544205666 2.5665529232    1.881  3.149  3.5664  0.781    8  0.546  0.384    39.41    24.40    16.52    12.65    10.33  3 -1.16e-08      0.00 6.824e-01 3.027e-01 1.763e-03 2.146e-03 6.124e-03 -1.000 1.484e-02 -3.103 -2.325 -1.250 -3.349
0.01471 0.00000 9.20000 1.9544242620 2.5665530888    1.880  3.148  3.5666  0.783    8  0.546  0.384    39.26    24.32    16.46    12.60    10.30  3 -1.16e-08      0.00 6.824e-01 3.027e-01 1.763e-03 2.146e-03 6.124e-03 -1.000 1.484e-02 -3.100 -2.324 -1.251 -3.347
0.01471 0.00000 9.20000 1.9544293880 2.5665533186    1.879  3.228  3.5573  0.665    8  0.546  0.384    49.68    30.08    20.18    15.49    12.67  3 -1.65e-08      0.00 6.824e-01 3.027e-01 1.763e-03 2.146e-03 6.124e-03 -1.000 1.484e-02 -3.301 -2.393 -1.187 -3.471
0.01471 0.00000 9.20000 1.9544358253 2.5665536071    1.879  3.368  3.5411  0.461    8  0.547  0.384    74.70    43.51    28.70    22.16    18.13  2    -3e-08      0.00 6.824e-01 3.027e-01 1.763e-03 2.146e-03 6.124e-03 -1.000 1.484e-02 -3.649 -2.460 -0.938 -3.644
0.01471 0.00000 9.20000 1.9544436932 2.5665539597    1.877  3.498  3.5259  0.269    8  0.548  0.384   109.56    61.53    39.96    31.01    25.40  2  -5.2e-08      0.00 6.824e-01 3.027e-01 1.763e-03 2.146e-03 6.124e-03 -1.000 1.484e-02 -3.976 -2.441 -0.524 -3.728
0.01471 0.00000 9.20000 1.9544532299 2.5665543872    1.876  3.587  3.5155  0.138    8  0.549  0.384   142.16    77.88    50.04    38.97    31.93  2 -7.53e-08      0.00 6.824e-01 3.027e-01 1.763e-03 2.146e-03 6.124e-03 -1.000 1.484e-02 -4.197 -2.360 -0.124 -3.712
0.01471 0.00000 9.20000 1.9544643164 2.5665548841    1.875  3.633  3.5101  0.070    8  0.550  0.384   162.85    88.06    56.27    43.90    35.99  2 -9.12e-08      0.00 6.824e-01 3.027e-01 1.763e-03 2.146e-03 6.124e-03 -1.000 1.484e-02 -4.312 -2.296 0.119 -3.680
0.01471 0.00000 9.20000 1.9544769526 2.5665554504    1.873  3.652  3.5077  0.041    8  0.551  0.384   172.53    92.78    59.14    46.18    37.86  2  -9.9e-08      0.00 6.824e-01 3.027e-01 1.763e-03 2.146e-03 6.124e-03 -1.000 1.484e-02 -4.360 -2.272 0.204 -3.669
0.01471 0.00000 9.20000 1.9544913769 2.5665560969    1.871  3.661  3.5066  0.027    8  0.552  0.384   177.39    95.14    60.57    47.32    38.79  2 -1.03e-07      0.00 6.824e-01 3.027e-01 1.763e-03 2.146e-03 6.124e-03 -1.000 1.484e-02 -4.382 -2.259 0.248 -3.661
0.01471 0.00000 9.20000 1.9544917345 2.5665561129    1.870  3.547  3.5200  0.195    8  0.552  0.384   126.85    70.25    45.34    35.26    28.89  2 -6.43e-08      0.00 6.824e-01 3.027e-01 1.763e-03 2.146e-03 6.124e-03 -1.000 1.484e-02 -4.097 -2.406 -0.316 -3.731
0.01471 0.00000 9.20000 1.9544928074 2.5665561610    1.870  3.427  3.5341  0.371    8  0.552  0.384    89.20    51.09    33.45    25.89    21.20  2  -3.9e-08      0.00 6.824e-01 3.027e-01 1.763e-03 2.146e-03 6.124e-03 -1.000 1.484e-02 -3.798 -2.459 -0.762 -3.692
0.01471 0.00000 9.20000 1.9544950724 2.5665562625    1.870  3.203  3.5606  0.702    8  0.552  0.384    46.09    28.12    18.91    14.51    11.86  3  -1.5e-08      0.00 6.824e-01 3.027e-01 1.763e-03 2.146e-03 6.124e-03 -1.000 1.484e-02 -3.237 -2.380 -1.230 -3.438
0.01471 0.00000 9.20000 1.9544984102 2.5665564121    1.869  3.199  3.5611  0.707    8  0.553  0.384    45.58    27.84    18.73    14.37    11.75  3 -1.48e-08      0.00 6.824e-01 3.027e-01 1.763e-03 2.146e-03 6.124e-03 -1.000 1.484e-02 -3.227 -2.377 -1.232 -3.432
0.01471 0.00000 9.20000 1.9545029402 2.5665566151    1.868  3.277  3.5519  0.592    8  0.553  0.384    57.33    34.25    22.83    17.57    14.37  3 -2.07e-08      0.00 6.824e-01 3.027e-01 1.763e-03 2.146e-03 6.124e-03 -1.000 1.484e-02 -3.422 -2.428 -1.129 -3.541
0.01471 0.00000 9.20000 1.9545086622 2.5665568716    1.867  3.410  3.5360  0.395    8  0.554  0.384    84.99    48.90    32.08    24.82    20.31  2 -3.65e-08      0.00 6.824e-01 3.027e-01 1.763e-03 2.146e-03 6.124e-03 -1.000 1.484e-02 -3.755 -2.458 -0.810 -3.678
0.01471 0.00000 9.20000 1.9545158148 2.5665571921    1.866  3.535  3.5211  0.211    8  0.554  0.384   122.91    68.27    44.12    34.30    28.10  2 -6.16e-08      0.00 6.824e-01 3.027e-01 1.763e-03 2.146e-03 6.124e-03 -1.000 1.484e-02 -4.067 -2.407 -0.351 -3.724
0.01471 0.00000 9.20000 1.9545243979 2.5665575768    1.865  3.619  3.5110  0.086    8  0.555  0.384   157.81    85.57    54.74    42.70    35.00  2 -8.75e-08      0.00 6.824e-01 3.027e-01 1.763e-03 2.146e-03 6.123e-03 -1.000 1.484e-02 -4.278 -2.293 0.090 -3.672
0.01471 0.00000 9.20000 1.9545344114 2.5665580256    1.863  3.662  3.5058  0.021    8  0.556  0.384   179.59    96.19    61.20    47.83    39.21  2 -1.05e-07      0.00 6.824e-01 3.027e-01 1.763e-03 2.146e-03 6.123e-03 -1.000 1.484e-02 -4.386 -2.237 0.291 -3.643
0.01471 0.00000 9.20000 1.9545457363 2.5665585331    1.861  3.680  3.5035 -0.006    8  0.557  0.384   189.57   101.00    64.12    50.15    41.12  2 -1.24e-07      0.00 6.824e-01 3.027e-01 1.763e-03 2.146e-03 6.123e-03 -1.000 1.484e-02 -4.431 -2.209 0.382 -3.626
0.01471 0.00000 9.20000 1.9545587301 2.5665591154    1.859  3.688  3.5025 -0.019    8  0.559  0.384   194.41   103.32    65.53    51.27    42.04  2 -1.36e-07      0.00 6.824e-01 3.027e-01 1.763e-03 2.146e-03 6.123e-03 -1.000 1.484e-02 -4.451 -2.194 0.427 -3.616
0.01471 0.00000 9.20000 1.9545590878 2.5665591314    1.858  3.589  3.5144  0.128    8  0.559  0.384   144.85    79.19    50.83    39.61    32.46  2  -7.8e-08      0.00 6.824e-01 3.027e-01 1.763e-03 2.146e-03 6.123e-03 -1.000 1.484e-02 -4.202 -2.328 -0.057 -3.687
0.01471 0.00000 9.20000 1.9545601606 2.5665591795    1.858  3.471  3.5286  0.302    8  0.559  0.384   102.22    57.78    37.62    29.18    23.89  2 -4.79e-08      0.00 6.824e-01 3.027e-01 1.763e-03 2.146e-03 6.123e-03 -1.000 1.484e-02 -3.908 -2.443 -0.602 -3.713
0.01471 0.00000 9.20000 1.9545623064 2.5665592757    1.857  3.251  3.5552  0.629    8  0.559  0.384    53.17    32.00    21.40    16.45    13.45  3 -1.89e-08      0.00 6.824e-01 3.027e-01 1.763e-03 2.146e-03 6.123e-03 -1.000 1.484e-02 -3.357 -2.416 -1.174 -3.508
0.01471 0.00000 9.20000 1.9545656443 2.5665594252    1.857  3.245  3.5559  0.637    8  0.559  0.384    52.27    31.51    21.08    16.21    13.25  3 -1.84e-08      0.00 6.824e-01 3.027e-01 1.763e-03 2.146e-03 6.123e-03 -1.000 1.484e-02 -3.342 -2.412 -1.183 -3.500
0.01471 0.00000 9.20000 1.9545701742 2.5665596283    1.856  3.321  3.5467  0.525    8  0.560  0.384    65.47    38.63    25.61    19.75    16.15  3 -2.55e-08      0.00 6.824e-01 3.027e-01 1.763e-03 2.146e-03 6.123e-03 -1.000 1.484e-02 -3.532 -2.447 -1.047 -3.594
0.01471 0.00000 9.20000 1.9545758963 2.5665598847    1.854  3.449  3.5311  0.334    8  0.561  0.384    95.96    54.57    35.62    27.61    22.60  2 -4.39e-08      0.00 6.824e-01 3.027e-01 1.763e-03 2.146e-03 6.123e-03 -1.000 1.484e-02 -3.853 -2.449 -0.676 -3.702
0.01471 0.00000 9.20000 1.9545829296 2.5665601999    1.853  3.569  3.5165  0.155    8  0.561  0.384   137.14    75.36    48.48    37.75    30.93  2 -7.24e-08      0.00 6.824e-01 3.027e-01 1.763e-03 2.146e-03 6.123e-03 -1.000 1.484e-02 -4.152 -2.347 -0.143 -3.693
0.01471 0.00000 9.20000 1.9545913935 2.5665605792    1.851  3.650  3.5065  0.034    8  0.562  0.384   174.66    93.76    59.72    46.66    38.25  2 -1.01e-07      0.00 6.824e-01 3.027e-01 1.763e-03 2.146e-03 6.123e-03 -1.000 1.484e-02 -4.354 -2.230 0.276 -3.632
0.01471 0.00000 9.20000 1.9546011686 2.5665610172    1.849  3.691  3.5013 -0.029    8  0.563  0.384   198.03   105.02    66.55    52.09    42.71  2 -1.43e-07      0.00 6.824e-01 3.027e-01 1.763e-03 2.146e-03 6.123e-03 -1.000 1.484e-02 -4.458 -2.163 0.490 -3.591
0.01471 0.00000 9.20000 1.9546124935 2.5665615247    1.846  3.708  3.4991 -0.056    8  0.564  0.384   208.91   110.22    69.69    54.59    44.76  2 -1.72e-07      0.00 6.824e-01 3.027e-01 1.763e-03 2.146e-03 6.123e-03 -1.000 1.484e-02 -4.501 -2.133 0.578 -3.572
0.01471 0.00000 9.20000 1.9546252489 2.5665620963    1.843  3.716  3.4979 -0.069    8  0.566  0.384   214.44   112.84    71.27    55.85    45.80  2 -1.87e-07      0.00 6.824e-01 3.027e-01 1.763e-03 2.146e-03 6.123e-03 -1.000 1.484e-02 -4.521 -2.120 0.615 -3.562
0.01471 0.00000 9.20000 1.9546254873 2.5665621070    1.842  3.632  3.5084  0.057    8  0.566  0.384   166.51    89.78    57.29    44.74    36.67  2 -9.53e-08      0.00 6.824e-01 3.027e-01 1.763e-03 2.146e-03 6.123e-03 -1.000 1.484e-02 -4.309 -2.242 0.216 -3.634
0.01471 0.00000 9.20000 1.9546265602 2.5665621550    1.842  3.516  3.5226  0.230    8  0.566  0.384   117.88    65.72    42.53    33.06    27.08  2 -5.92e-08      0.00 6.824e-01 3.027e-01 1.763e-03 2.146e-03 6.123e-03 -1.000 1.484e-02 -4.020 -2.399 -0.387 -3.707
0.01471 0.00000 9.20000 1.9546284676 2.5665622405    1.842  3.299  3.5494  0.553    8  0.566  0.384    61.68    36.61    24.32    18.75    15.33  3 -2.39e-08      0.00 6.824e-01 3.027e-01 1.763e-03 2.146e-03 6.123e-03 -1.000 1.484e-02 -3.479 -2.444 -1.101 -3.573
0.01471 0.00000 9.20000 1.9546314478 2.5665623741    1.841  3.291  3.5504  0.565    8  0.567  0.384    60.21    35.82    23.82    18.35    15.01  3 -2.31e-08      0.00 6.824e-01 3.027e-01 1.763e-03 2.146e-03 6.123e-03 -1.000 1.484e-02 -3.458 -2.441 -1.117 -3.563
0.01471 0.00000 9.20000 1.9546353817 2.5665625503    1.839  3.365  3.5413  0.455    8  0.567  0.384    75.05    43.71    28.81    22.26    18.21  2 -3.16e-08      0.00 6.824e-01 3.027e-01 1.763e-03 2.146e-03 6.123e-03 -1.000 1.484e-02 -3.642 -2.455 -0.937 -3.639
0.01471 0.00000 9.20000 1.9546405077 2.5665627800    1.838  3.488  3.5259  0.270    8  0.568  0.384   108.64    61.04    39.63    30.78    25.20  2  -5.3e-08      0.00 6.824e-01 3.027e-01 1.763e-03 2.146e-03 6.123e-03 -1.000 1.484e-02 -3.949 -2.416 -0.499 -3.702
0.01471 0.00000 9.20000 1.9546468258 2.5665630631    1.836  3.602  3.5116  0.098    8  0.568  0.384   153.27    83.30    53.33    41.61    34.10  2 -8.53e-08      0.00 6.824e-01 3.027e-01 1.763e-03 2.146e-03 6.123e-03 -1.000 1.484e-02 -4.235 -2.270 0.093 -3.645
0.01471 0.00000 9.20000 1.9546544552 2.5665634050    1.834  3.679  3.5019 -0.018    8  0.569  0.384   193.34   102.73    65.15    50.99    41.81  2 -1.29e-07      0.00 6.824e-01 3.027e-01 1.763e-03 2.146e-03 6.123e-03 -1.000 1.484e-02 -4.427 -2.153 0.482 -3.578
0.01471 0.00000 9.20000 1.9546631575 2.5665637950    1.831  3.718  3.4968 -0.078    8  0.570  0.384   218.00   114.48    72.25    56.64    46.45  2 -1.95e-07      0.00 6.824e-01 3.027e-01 1.763e-03 2.146e-03 6.123e-03 -1.000 1.484e-02 -4.525 -2.092 0.664 -3.538
0.01471 0.00000 9.20000 1.9546732903 2.5665642490    1.828  3.734  3.4947 -0.104    8  0.571  0.384   229.36   119.85    75.48    59.21    48.56  0 -2.32e-07      0.00 6.824e-01 3.027e-01 1.763e-03 2.146e-03 6.123e-03 -1.000 1.484e-02 -4.565 -2.066 0.736 -3.521
0.01471 0.00000 9.20000 1.9546847343 2.5665647618    1.824  3.742  3.4936 -0.116    8  0.573  0.384   235.06   122.51    77.08    60.49    49.62  0 -2.52e-07      0.00 6.824e-01 3.027e-01 1.763e-03 2.146e-03 6.123e-03 -1.000 1.484e-02 -4.584 -2.053 0.772 -3.512
0.01471 0.00000 9.20000 1.9546849728 2.5665647725    1.824  3.670  3.5026 -0.009    8  0.573  0.384   189.58   100.90    64.03    50.11    41.08  2  -1.2e-07      0.00 6.824e-01 3.027e-01 1.763e-03 2.146e-03 6.123e-03 -1.000 1.484e-02 -4.405 -2.153 0.461 -3.575
0.01471 0.00000 9.20000 1.9546859264 2.5665648152    1.823  3.557  3.5169  0.162    8  0.573  0.384   134.64    74.08    47.67    37.14    30.42  2 -7.22e-08      0.00 6.824e-01 3.027e-01 1.763e-03 2.146e-03 6.123e-03 -1.000 1.484e-02 -4.121 -2.331 -0.142 -3.674
0.01471 0.00000 9.20000 1.9546878338 2.5665649007    1.823  3.344  3.5439  0.483    8  0.573  0.384    70.87    41.51    27.42    21.18    17.32  2 -2.98e-08      0.00 6.824e-01 3.027e-01 1.763e-03 2.146e-03 6.123e-03 -1.000 1.484e-02 -3.589 -2.451 -0.990 -3.618
0.01471 0.00000 9.20000 1.9546905756 2.5665650235    1.821  3.333  3.5452  0.498    8  0.573  0.384    68.76    40.39    26.71    20.62    16.87  2 -2.86e-08      0.00 6.824e-01 3.027e-01 1.763e-03 2.146e-03 6.123e-03 -1.000 1.484e-02 -3.564 -2.450 -1.017 -3.607
0.01471 0.00000 9.20000 1.9546943903 2.5665651944    1.820  3.405  3.5360  0.389    8  0.574  0.384    85.41    49.12    32.20    24.93    20.40  2 -3.87e-08      0.00 6.824e-01 3.027e-01 1.763e-03 2.146e-03 6.123e-03 -1.000 1.484e-02 -3.743 -2.446 -0.797 -3.665
0.01471 0.00000 9.20000 1.9546992779 2.5665654134    1.818  3.524  3.5209  0.210    8  0.574  0.384   122.36    67.94    43.89    34.15    27.97  2 -6.36e-08      0.00 6.824e-01 3.027e-01 1.763e-03 2.146e-03 6.123e-03 -1.000 1.484e-02 -4.039 -2.372 -0.309 -3.691
0.01471 0.00000 9.20000 1.9547052383 2.5665656805    1.815  3.633  3.5068  0.043    8  0.575  0.384   170.73    91.77    58.49    45.72    37.47  2    -1e-07      0.00 6.824e-01 3.027e-01 1.763e-03 2.146e-03 6.123e-03 -1.000 1.484e-02 -4.313 -2.198 0.299 -3.599
0.01471 0.00000 9.20000 1.9547123909 2.5665660010    1.812  3.707  3.4973 -0.069    8  0.576  0.384   213.70   112.37    70.96    55.64    45.62  2  -1.8e-07      0.00 6.824e-01 3.027e-01 1.763e-03 2.146e-03 6.123e-03 -1.000 1.484e-02 -4.497 -2.078 0.668 -3.522
0.01471 0.00000 9.20000 1.9547207355 2.5665663749    1.809  3.744  3.4923 -0.127    8  0.577  0.384   240.07   124.80    78.43    61.59    50.52  0 -2.67e-07      0.00 6.824e-01 3.027e-01 1.763e-03 2.146e-03 6.123e-03 -1.000 1.484e-02 -4.590 -2.021 0.830 -3.485
0.01471 0.00000 9.20000 1.9547303915 2.5665668075    1.805  3.760  3.4901 -0.153    8  0.578  0.384   252.40   130.55    81.88    64.34    52.78  0 -3.16e-07      0.00 6.824e-01 3.027e-01 1.763e-03 2.146e-03 6.123e-03 -1.000 1.484e-02 -4.629 -1.992 0.905 -3.464
0.01471 0.00000 9.20000 1.9547412395 2.5665672936    1.801  3.767  3.4890 -0.166    8  0.580  0.384   258.87   133.54    83.66    65.78    53.95  0 -3.44e-07      0.00 6.824e-01 3.027e-01 1.763e-03 2.146e-03 6.123e-03 -1.000 1.484e-02 -4.647 -1.985 0.922 -3.459
0.01471 0.00000 9.20000 1.9547414780 2.5665673043    1.800  3.708  3.4965 -0.077    8  0.580  0.384   216.59   113.70    71.75    56.28    46.14  2 -1.87e-07      0.00 6.824e-01 3.027e-01 1.763e-03 2.146e-03 6.123e-03 -1.000 1.484e-02 -4.500 -2.059 0.701 -3.507
0.01471 0.00000 9.20000 1.9547424316 2.5665673470    1.800  3.597  3.5110  0.092    8  0.580  0.384   154.30    83.74    53.57    41.83    34.27  2 -8.84e-08      0.00 6.824e-01 3.027e-01 1.763e-03 2.146e-03 6.123e-03 -1.000 1.484e-02 -4.221 -2.235 0.149 -3.614
0.01471 0.00000 9.20000 1.9547443390 2.5665674324    1.799  3.387  3.5380  0.410    8  0.580  0.384    81.70    47.19    30.98    23.99    19.63  2 -3.73e-08      0.00 6.824e-01 3.027e-01 1.763e-03 2.146e-03 6.123e-03 -1.000 1.484e-02 -3.699 -2.445 -0.846 -3.651
0.01471 0.00000 9.20000 1.9547470808 2.5665675553    1.797  3.375  3.5396  0.428    8  0.580  0.384    78.73    45.64    30.01    23.22    19.00  2 -3.55e-08      0.00 6.824e-01 3.027e-01 1.763e-03 2.146e-03 6.123e-03 -1.000 1.484e-02 -3.667 -2.448 -0.889 -3.644
0.01471 0.00000 9.20000 1.9547507763 2.5665677209    1.795  3.445  3.5305  0.322    8  0.581  0.384    97.43    55.31    36.05    27.98    22.90  2 -4.76e-08      0.00 6.824e-01 3.027e-01 1.763e-03 2.146e-03 6.123e-03 -1.000 1.484e-02 -3.841 -2.424 -0.635 -3.682
0.01471 0.00000 9.20000 1.9547555447 2.5665679345    1.792  3.558  3.5156  0.147    8  0.581  0.384   138.07    75.74    48.67    37.95    31.09  2 -7.65e-08      0.00 6.824e-01 3.027e-01 1.763e-03 2.146e-03 6.123e-03 -1.000 1.484e-02 -4.126 -2.291 -0.059 -3.642
0.01471 0.00000 9.20000 1.9547615051 2.5665682016    1.789  3.663  3.5018 -0.013    8  0.582  0.384   190.39   101.18    64.18    50.26    41.20  2  -1.2e-07      0.00 6.824e-01 3.027e-01 1.763e-03 2.146e-03 6.123e-03 -1.000 1.484e-02 -4.387 -2.110 0.524 -3.536
0.01471 0.00000 9.20000 1.9547685385 2.5665685167    1.785  3.732  3.4925 -0.121    8  0.583  0.384   236.17   122.85    77.24    60.67    49.76  0 -2.48e-07      0.00 6.824e-01 3.027e-01 1.763e-03 2.146e-03 6.123e-03 -1.000 1.484e-02 -4.561 -1.999 0.845 -3.462
0.01471 0.00000 9.20000 1.9547768831 2.5665688905    1.781  3.768  3.4877 -0.176    8  0.584  0.384   263.90   135.76    84.97    66.85    54.83  0 -3.61e-07      0.00 6.824e-01 3.027e-01 1.763e-03 2.146e-03 6.123e-03 -1.000 1.484e-02 -4.649 -1.960 0.955 -3.437
0.01471 0.00000 9.20000 1.9547863007 2.5665693125    1.775  3.782  3.4855 -0.200    8  0.585  0.384   276.71   141.65    88.48    69.66    57.14  0 -4.22e-07      0.00 6.824e-01 3.027e-01 1.763e-03 2.146e-03 6.123e-03 -1.000 1.484e-02 -4.684 -1.950 0.980 -3.431
0.01471 0.00000 9.20000 1.9547970295 2.5665697931    1.770  3.788  3.4845 -0.212    8  0.587  0.384   283.31   144.65    90.26    71.09    58.32  0 -4.56e-07      0.00 6.824e-01 3.027e-01 1.763e-03 2.146e-03 6.123e-03 -1.000 1.484e-02 -4.700 -1.943 0.995 -3.426
0.01471 0.00000 9.20000 1.9547972679 2.5665698038    1.769  3.742  3.4906 -0.142    8  0.587  0.384   245.99   127.37    79.93    62.84    51.53  0 -2.83e-07      0.00 6.824e-01 3.027e-01 1.763e-03 2.146e-03 6.123e-03 -1.000 1.484e-02 -4.585 -1.963 0.921 -3.434
0.01471 0.00000 9.20000 1.9547981024 2.5665698412    1.768  3.632  3.5051  0.025    8  0.587  0.384   175.80    94.10    59.87    46.86    38.40  2 -1.08e-07      0.00 6.824e-01 3.027e-01 1.763e-03 2.146e-03 6.123e-03 -1.000 1.484e-02 -4.311 -2.142 0.401 -3.551
0.01471 0.00000 9.20000 1.9547997713 2.5665699160    1.767  3.427  3.5323  0.339    8  0.587  0.384    93.62    53.34    34.81    27.02    22.11  2 -4.65e-08      0.00 6.824e-01 3.027e-01 1.763e-03 2.146e-03 6.123e-03 -1.000 1.484e-02 -3.798 -2.420 -0.676 -3.666
0.01471 0.00000 9.20000 1.9548021555 2.5665700228    1.765  3.413  3.5342  0.361    8  0.588  0.384    89.64    51.29    33.53    26.01    21.29  2 -4.39e-08      0.00 6.824e-01 3.027e-01 1.763e-03 2.146e-03 6.123e-03 -1.000 1.484e-02 -3.762 -2.424 -0.728 -3.657
0.01471 0.00000 9.20000 1.9548054934 2.5665701723    1.763  3.481  3.5251  0.256    8  0.588  0.384   110.64    62.00    40.19    31.27    25.59  2 -5.84e-08      0.00 6.824e-01 3.027e-01 1.763e-03 2.146e-03 6.123e-03 -1.000 1.484e-02 -3.932 -2.374 -0.432 -3.667
0.01471 0.00000 9.20000 1.9548097849 2.5665703646    1.760  3.590  3.5103  0.086    8  0.589  0.384   155.35    84.16    53.81    42.05    34.45  2  -9.2e-08      0.00 6.824e-01 3.027e-01 1.763e-03 2.146e-03 6.123e-03 -1.000 1.484e-02 -4.205 -2.197 0.208 -3.580
0.01471 0.00000 9.20000 1.9548150301 2.5665705996    1.756  3.690  3.4967 -0.069    8  0.589  0.384   212.12   111.40    70.32    55.19    45.24  2  -1.7e-07      0.00 6.824e-01 3.027e-01 1.763e-03 2.146e-03 6.123e-03 -1.000 1.484e-02 -4.456 -2.022 0.733 -3.468
0.01471 0.00000 9.20000 1.9548213482 2.5665708827    1.751  3.757  3.4876 -0.173    8  0.590  0.384   261.42   134.43    84.14    66.23    54.32  0 -3.42e-07      0.00 6.824e-01 3.027e-01 1.763e-03 2.146e-03 6.123e-03 -1.000 1.484e-02 -4.622 -1.932 0.981 -3.409
0.01471 0.00000 9.20000 1.9548286200 2.5665712084    1.746  3.791  3.4827 -0.228    8  0.591  0.384   291.44   148.21    92.36    72.81    59.72  0 -4.91e-07      0.01 6.824e-01 3.027e-01 1.763e-03 2.146e-03 6.123e-03 -1.000 1.484e-02 -4.706 -1.912 1.036 -3.399
0.01471 0.00000 9.20000 1.9548370838 2.5665715876    1.740  3.804  3.4805 -0.252    8  0.592  0.384   303.29   154.74    96.23    75.92    62.28  0 -5.75e-07      0.01 6.824e-01 3.027e-01 1.763e-03 2.146e-03 6.123e-03 -1.000 1.484e-02 -4.741 -1.898 1.067 -3.389
0.01471 0.00000 9.20000 1.9548466206 2.5665720149    1.733  3.811  3.4793 -0.265    8  0.594  0.384   308.56   158.35    98.36    77.64    63.69  0 -6.25e-07      0.01 6.824e-01 3.027e-01 1.763e-03 2.146e-03 6.123e-03 -1.000 1.484e-02 -4.758 -1.890 1.084 -3.383
0.01471 0.00000 9.20000 1.9548468590 2.5665720255    1.732  3.776  3.4840 -0.212    8  0.594  0.384   281.79   143.69    89.65    70.66    57.95  0 -4.35e-07      0.00 6.824e-01 3.027e-01 1.763e-03 2.146e-03 6.123e-03 -1.000 1.484e-02 -4.670 -1.904 1.034 -3.388
0.01471 0.00000 9.20000 1.9548476934 2.5665720629    1.731  3.668  3.4986 -0.046    8  0.594  0.384   201.93   106.47    67.33    52.83    43.30  2 -1.42e-07      0.00 6.824e-01 3.027e-01 1.763e-03 2.146e-03 6.123e-03 -1.000 1.484e-02 -4.401 -2.022 0.693 -3.462
0.01471 0.00000 9.20000 1.9548492432 2.5665721323    1.730  3.467  3.5260  0.265    8  0.594  0.384   108.09    60.68    39.36    30.63    25.07  2 -5.84e-08      0.00 6.824e-01 3.027e-01 1.763e-03 2.146e-03 6.123e-03 -1.000 1.484e-02 -3.897 -2.363 -0.447 -3.650
0.01471 0.00000 9.20000 1.9548515081 2.5665722338    1.727  3.450  3.5281  0.290    8  0.594  0.384   102.84    58.02    37.71    29.33    24.00  2 -5.48e-08      0.00 6.824e-01 3.027e-01 1.763e-03 2.146e-03 6.123e-03 -1.000 1.484e-02 -3.856 -2.379 -0.523 -3.652
0.01471 0.00000 9.20000 1.9548547268 2.5665723780    1.724  3.517  3.5189  0.186    8  0.595  0.384   126.65    69.97    45.09    35.17    28.79  2 -7.24e-08      0.00 6.824e-01 3.027e-01 1.763e-03 2.146e-03 6.123e-03 -1.000 1.484e-02 -4.021 -2.296 -0.173 -3.628
0.01471 0.00000 9.20000 1.9548588991 2.5665725649    1.720  3.622  3.5043  0.021    8  0.595  0.384   176.35    94.22    59.90    46.93    38.45  2 -1.12e-07      0.00 6.824e-01 3.027e-01 1.763e-03 2.146e-03 6.123e-03 -1.000 1.484e-02 -4.285 -2.092 0.470 -3.505
0.01471 0.00000 9.20000 1.9548639059 2.5665727892    1.714  3.718  3.4909 -0.130    8  0.596  0.384   238.59   123.62    77.63    61.07    50.07  0 -2.45e-07      0.00 6.824e-01 3.027e-01 1.763e-03 2.146e-03 6.123e-03 -1.000 1.484e-02 -4.524 -1.917 0.956 -3.385
0.01471 0.00000 9.20000 1.9548699856 2.5665730616    1.708  3.781  3.4819 -0.231    8  0.597  0.384   292.09   148.24    92.33    72.84    59.74  0  -4.8e-07      0.01 6.824e-01 3.027e-01 1.763e-03 2.146e-03 6.123e-03 -1.000 1.484e-02 -4.682 -1.873 1.078 -3.361
0.01471 0.00000 9.20000 1.9548770189 2.5665733767    1.701  3.813  3.4771 -0.284    8  0.598  0.384   314.42   162.95   101.05    79.85    65.50  0 -6.79e-07      0.01 6.824e-01 3.027e-01 1.763e-03 2.146e-03 6.123e-03 -1.000 1.484e-02 -4.762 -1.857 1.130 -3.354
0.01471 0.00000 9.20000 1.9548850060 2.5665737344    1.693  3.826  3.4748 -0.308    8  0.599  0.384   324.84   170.03   105.23    83.22    68.27  0 -7.92e-07      0.01 6.824e-01 3.027e-01 1.763e-03 2.146e-03 6.123e-03 -1.000 1.484e-02 -4.795 -1.846 1.158 -3.348
0.01471 0.00000 9.20000 1.9548941851 2.5665741456    1.684  3.832  3.4735 -0.322    8  0.601  0.384   330.60   174.09   107.61    85.14    69.85  0  -8.6e-07      0.02 6.824e-01 3.027e-01 1.763e-03 2.146e-03 6.123e-03 -1.000 1.484e-02 -4.810 -1.836 1.178 -3.340
0.01471 0.00000 9.20000 1.9548944235 2.5665741563    1.683  3.808  3.4768 -0.284    8  0.601  0.384   313.36   162.68   100.87    79.73    65.40  0 -6.69e-07      0.01 6.824e-01 3.027e-01 1.763e-03 2.146e-03 6.123e-03 -1.000 1.484e-02 -4.749 -1.841 1.147 -3.338
0.01471 0.00000 9.20000 1.9548951387 2.5665741884    1.682  3.702  3.4915 -0.120    8  0.601  0.384   233.04   120.86    75.94    59.77    48.99  0 -2.23e-07      0.00 6.824e-01 3.027e-01 1.763e-03 2.146e-03 6.123e-03 -1.000 1.484e-02 -4.485 -1.897 0.962 -3.362
0.01471 0.00000 9.20000 1.9548965693 2.5665742524    1.680  3.504  3.5192  0.188    8  0.601  0.384   125.25    69.21    44.59    34.81    28.49  2 -7.41e-08      0.00 6.824e-01 3.027e-01 1.763e-03 2.146e-03 6.123e-03 -1.000 1.484e-02 -3.990 -2.272 -0.156 -3.602
0.01471 0.00000 9.20000 1.9548987150 2.5665743486    1.677  3.485  3.5216  0.216    8  0.601  0.384   118.39    65.79    42.49    33.14    27.12  2 -6.91e-08      0.00 6.824e-01 3.027e-01 1.763e-03 2.146e-03 6.123e-03 -1.000 1.484e-02 -3.943 -2.296 -0.255 -3.610
0.01471 0.00000 9.20000 1.9549016953 2.5665744821    1.673  3.550  3.5124  0.113    8  0.602  0.384   145.58    79.20    50.72    39.67    32.48  2 -9.06e-08      0.00 6.824e-01 3.027e-01 1.763e-03 2.146e-03 6.123e-03 -1.000 1.484e-02 -4.105 -2.165 0.172 -3.535
0.01471 0.00000 9.20000 1.9549055099 2.5665746530    1.667  3.651  3.4978 -0.048    8  0.602  0.384   201.24   105.88    66.91    52.58    43.08  2 -1.38e-07      0.00 6.824e-01 3.027e-01 1.763e-03 2.146e-03 6.123e-03 -1.000 1.484e-02 -4.359 -1.959 0.768 -3.402
0.01471 0.00000 9.20000 1.9549102783 2.5665748666    1.661  3.743  3.4846 -0.194    8  0.603  0.384   270.05   137.80    86.05    67.89    55.66  0 -3.57e-07      0.00 6.824e-01 3.027e-01 1.763e-03 2.146e-03 6.123e-03 -1.000 1.484e-02 -4.587 -1.838 1.091 -3.320
0.01471 0.00000 9.20000 1.9549157619 2.5665751122    1.652  3.803  3.4756 -0.293    8  0.604  0.384   314.74   164.34   101.80    80.54    66.05  0  -6.8e-07      0.01 6.824e-01 3.027e-01 1.763e-03 2.146e-03 6.123e-03 -1.000 1.484e-02 -4.738 -1.810 1.184 -3.308
0.01471 0.00000 9.20000 1.9549223185 2.5665754059    1.643  3.833  3.4708 -0.344    8  0.605  0.384   338.27   180.22   111.17    88.08    72.26  0  -9.5e-07      0.02 6.824e-01 3.027e-01 1.763e-03 2.146e-03 6.123e-03 -1.000 1.484e-02 -4.813 -1.791 1.239 -3.300
0.01471 0.00000 9.20000 1.9549298286 2.5665757423    1.633  3.845  3.4684 -0.369    8  0.606  0.384   349.53   188.08   115.77    91.81    75.32  0 -1.11e-06      0.02 6.824e-01 3.027e-01 1.763e-03 2.146e-03 6.123e-03 -1.000 1.484e-02 -4.844 -1.776 1.275 -3.290
0.01471 0.00000 9.20000 1.9549382925 2.5665761215    1.621  3.851  3.4669 -0.384    8  0.607  0.384   356.04   192.79   118.52    94.05    77.16  0  -1.2e-06      0.03 6.824e-01 3.027e-01 1.763e-03 2.146e-03 6.123e-03 -1.000 1.484e-02 -4.858 -1.761 1.305 -3.278
0.01471 0.00000 9.20000 1.9549385309 2.5665761321    1.620  3.837  3.4689 -0.362    8  0.607  0.384   344.88   185.23   114.08    90.48    74.22  0 -1.04e-06      0.02 6.824e-01 3.027e-01 1.763e-03 2.146e-03 6.123e-03 -1.000 1.484e-02 -4.822 -1.768 1.275 -3.280
0.01471 0.00000 9.20000 1.9549392462 2.5665761642    1.619  3.733  3.4838 -0.199    8  0.608  0.384   271.03   137.93    86.08    67.98    55.72  0 -3.52e-07      0.00 6.824e-01 3.027e-01 1.763e-03 2.146e-03 6.123e-03 -1.000 1.484e-02 -4.562 -1.799 1.134 -3.282
0.01471 0.00000 9.20000 1.9549405575 2.5665762229    1.616  3.538  3.5117  0.107    8  0.608  0.384   146.15    79.34    50.76    39.76    32.55  2 -9.57e-08      0.00 6.824e-01 3.027e-01 1.763e-03 2.146e-03 6.123e-03 -1.000 1.484e-02 -4.076 -2.114 0.243 -3.489
0.01471 0.00000 9.20000 1.9549425840 2.5665763137    1.611  3.518  3.5145  0.138    8  0.608  0.384   137.34    75.03    48.12    37.67    30.83  2 -8.87e-08      0.00 6.824e-01 3.027e-01 1.763e-03 2.146e-03 6.123e-03 -1.000 1.484e-02 -4.024 -2.154 0.113 -3.512
0.01471 0.00000 9.20000 1.9549454451 2.5665764419    1.605  3.581  3.5050  0.035    8  0.609  0.384   168.94    90.29    57.42    45.08    36.91  2 -1.16e-07      0.00 6.824e-01 3.027e-01 1.763e-03 2.146e-03 6.123e-03 -1.000 1.484e-02 -4.183 -2.014 0.528 -3.422
0.01471 0.00000 9.20000 1.9549490213 2.5665766021    1.598  3.679  3.4904 -0.124    8  0.609  0.384   232.46   120.09    75.40    59.45    48.71  0  -2.1e-07      0.00 6.824e-01 3.027e-01 1.763e-03 2.146e-03 6.123e-03 -1.000 1.484e-02 -4.428 -1.808 1.071 -3.277
0.01471 0.00000 9.20000 1.9549534321 2.5665767996    1.588  3.767  3.4771 -0.267    8  0.610  0.384   298.84   155.42    96.44    76.34    62.59  0 -5.35e-07      0.01 6.824e-01 3.027e-01 1.763e-03 2.146e-03 6.123e-03 -1.000 1.484e-02 -4.647 -1.751 1.226 -3.247
0.01471 0.00000 9.20000 1.9549586773 2.5665770346    1.577  3.824  3.4680 -0.364    8  0.611  0.384   342.67   184.77   113.74    90.29    74.05  0    -1e-06      0.02 6.824e-01 3.027e-01 1.763e-03 2.146e-03 6.123e-03 -1.000 1.484e-02 -4.790 -1.728 1.318 -3.241
0.01471 0.00000 9.20000 1.9549647570 2.5665773069    1.565  3.853  3.4630 -0.416    8  0.612  0.384   368.48   202.68   124.22    98.78    81.02  0 -1.39e-06      0.04 6.824e-01 3.027e-01 1.763e-03 2.146e-03 6.123e-03 -1.000 1.484e-02 -4.862 -1.698 1.400 -3.222
0.01471 0.00000 9.20000 1.9549717903 2.5665776219    1.550  3.865  3.4604 -0.443    8  0.613  0.384   381.60   212.09   129.70   103.23    84.68  0 -1.62e-06      0.05 6.824e-01 3.027e-01 1.763e-03 2.146e-03 6.123e-03 -1.000 1.484e-02 -4.891 -1.675 1.449 -3.205
0.01471 0.00000 9.20000 1.9549797773 2.5665779797    1.534  3.870  3.4585 -0.460    8  0.614  0.384   389.95   218.29   133.29   106.18    87.09  0 -1.79e-06      0.05 6.824e-01 3.027e-01 1.763e-03 2.146e-03 6.123e-03 -1.000 1.484e-02 -4.905 -1.654 1.494 -3.190
0.01471 0.00000 9.20000 1.9549800158 2.5665779904    1.533  3.865  3.4592 -0.453    8  0.614  0.384   385.97   215.54   131.68   104.88    86.03  0 -1.71e-06      0.05 6.824e-01 3.027e-01 1.763e-03 2.146e-03 6.123e-03 -1.000 1.484e-02 -4.894 -1.658 1.480 -3.191
0.01471 0.00000 9.20000 1.9549806118 2.5665780171    1.531  3.763  3.4743 -0.291    8  0.614  0.384   304.90   160.72    99.49    78.91    64.68  0 -5.87e-07      0.01 6.824e-01 3.027e-01 1.763e-03 2.146e-03 6.123e-03 -1.000 1.484e-02 -4.638 -1.695 1.299 -3.195
0.01471 0.00000 9.20000 1.9549819231 2.5665780758    1.526  3.572  3.5027  0.012    8  0.615  0.384   174.79    92.76    58.86    46.31    37.90  2 -1.29e-07      0.00 6.824e-01 3.027e-01 1.763e-03 2.146e-03 6.123e-03 -1.000 1.484e-02 -4.159 -1.914 0.691 -3.334
0.01471 0.00000 9.20000 1.9549838305 2.5665781613    1.520  3.549  3.5057  0.045    8  0.615  0.384   163.41    87.33    55.56    43.68    35.75  2  -1.2e-07      0.00 6.824e-01 3.027e-01 1.763e-03 2.146e-03 6.123e-03 -1.000 1.484e-02 -4.103 -1.955 0.569 -3.360
0.01471 0.00000 9.20000 1.9549864531 2.5665782787    1.511  3.611  3.4959 -0.059    8  0.615  0.384   201.54   105.24    66.38    52.34    42.85  0 -1.56e-07      0.00 6.824e-01 3.027e-01 1.763e-03 2.146e-03 6.123e-03 -1.000 1.484e-02 -4.258 -1.803 0.961 -3.252
0.01471 0.00000 9.20000 1.9549897909 2.5665784282    1.499  3.706  3.4809 -0.216    8  0.616  0.384   271.20   139.60    86.93    68.85    56.41  0 -3.47e-07      0.00 6.824e-01 3.027e-01 1.763e-03 2.146e-03 6.123e-03 -1.000 1.484e-02 -4.494 -1.675 1.270 -3.163
0.01471 0.00000 9.20000 1.9549939632 2.5665786151    1.485  3.790  3.4674 -0.359    8  0.617  0.384   332.53   180.14   110.87    88.17    72.27  0 -8.64e-07      0.02 6.824e-01 3.027e-01 1.763e-03 2.146e-03 6.123e-03 -1.000 1.484e-02 -4.704 -1.641 1.401 -3.154
0.01471 0.00000 9.20000 1.9549989700 2.5665788394    1.469  3.844  3.4580 -0.456    8  0.617  0.384   381.62   214.05   130.69   104.24    85.48  0 -1.59e-06      0.05 6.824e-01 3.027e-01 1.763e-03 2.146e-03 6.123e-03 -1.000 1.484e-02 -4.841 -1.598 1.546 -3.132
0.01471 0.00000 9.20000 1.9550046921 2.5665790957    1.449  3.871  3.4525 -0.510    8  0.618  0.384   411.55   235.47   143.11   114.36    93.79  0 -2.22e-06      0.08 6.824e-01 3.027e-01 1.763e-03 2.146e-03 6.123e-03 -1.000 1.484e-02 -4.909 -1.546 1.691 -3.096
0.01471 0.00000 9.20000 1.9550113678 2.5665793947    1.428  3.883  3.4494 -0.540    8  0.620  0.384   428.18   247.79   150.20   120.18    98.56  0 -2.63e-06      0.10 6.824e-01 3.027e-01 1.763e-03 2.146e-03 6.123e-03 -1.000 1.484e-02 -4.936 -1.508 1.784 -3.067
0.01471 0.00000 9.20000 1.9550188780 2.5665797311    1.404  3.888  3.4469 -0.563    8  0.621  0.384   440.10   256.88   155.40   124.49   102.09  0 -2.95e-06      0.13 6.824e-01 3.027e-01 1.763e-03 2.146e-03 6.123e-03 -1.000 1.484e-02 -4.949 -1.457 1.892 -3.026
0.01471 0.00000 9.20000 1.9550189972 2.5665797364    1.403  3.895  3.4458 -0.575    8  0.621  0.384   447.70   262.37   158.56   127.07   104.21  0 -3.18e-06      0.14 6.824e-01 3.027e-01 1.763e-03 2.146e-03 6.123e-03 -1.000 1.484e-02 -4.966 -1.437 1.944 -3.011
0.01471 0.00000 9.20000 1.9550197124 2.5665797684    1.398  3.791  3.4615 -0.410    8  0.621  0.384   350.95   194.61   119.20    95.11    77.94  0 -1.09e-06      0.03 6.824e-01 3.027e-01 1.763e-03 2.146e-03 6.123e-03 -1.000 1.484e-02 -4.709 -1.549 1.541 -3.071
0.01471 0.00000 9.20000 1.9550209045 2.5665798218    1.390  3.603  3.4904 -0.109    8  0.621  0.384   219.66   112.77    70.78    56.04    45.86  0 -1.91e-07      0.00 6.824e-01 3.027e-01 1.763e-03 2.146e-03 6.123e-03 -1.000 1.484e-02 -4.238 -1.621 1.252 -3.089
0.01471 0.00000 9.20000 1.9550226927 2.5665799019    1.378  3.579  3.4934 -0.076    8  0.622  0.384   205.01   105.99    66.70    52.77    43.18  0 -1.78e-07      0.00 6.824e-01 3.027e-01 1.763e-03 2.146e-03 6.123e-03 -1.000 1.484e-02 -4.177 -1.652 1.158 -3.109
0.01471 0.00000 9.20000 1.9550251961 2.5665800141    1.361  3.640  3.4829 -0.184    8  0.622  0.384   249.23   128.57    80.18    63.65    52.10  0 -2.42e-07      0.00 6.824e-01 3.027e-01 1.763e-03 2.146e-03 6.123e-03 -1.000 1.484e-02 -4.329 -1.555 1.372 -3.039
0.01471 0.00000 9.20000 1.9550282955 2.5665801529    1.341  3.731  3.4671 -0.345    8  0.623  0.384   314.41   171.31   105.43    84.10    68.87  0 -6.68e-07      0.01 6.824e-01 3.027e-01 1.763e-03 2.146e-03 6.123e-03 -1.000 1.484e-02 -4.557 -1.505 1.528 -3.015
0.01471 0.00000 9.20000 1.9550322294 2.5665803291    1.315  3.811  3.4526 -0.492    8  0.623  0.384   388.29   222.26   135.13   108.28    88.72  0 -1.66e-06      0.05 6.824e-01 3.027e-01 1.763e-03 2.146e-03 6.123e-03 -1.000 1.484e-02 -4.758 -1.448 1.751 -2.991
0.01471 0.00000 9.20000 1.9550367594 2.5665805320    1.286  3.863  3.4422 -0.595    8  0.624  0.384   440.22    -1.00    -1.00    -1.00    -1.00  0 -3.11e-06      0.14 6.824e-01 3.027e-01 1.763e-03 2.146e-03 6.123e-03 -1.000 1.484e-02 -4.888 -1.324 2.102 -2.903
0.01471 0.00000 9.20000 1.9550422430 2.5665807776    1.252  3.889  3.4356 -0.659    8  0.625  0.384   434.41    -1.00    -1.00    -1.00    -1.00  0 -4.48e-06      0.35 6.824e-01 3.027e-01 1.763e-03 2.146e-03 6.123e-03 -1.000 1.484e-02 -4.953 -1.007 2.717 -2.641
0.01471 0.00000 9.20000 1.9550484419 2.5665810552    1.215  3.900  3.4312 -0.700    8  0.626  0.384   427.84    -1.00    -1.00    -1.00    -1.00  0 -5.57e-06      0.44 6.824e-01 3.027e-01 1.763e-03 2.146e-03 6.123e-03 -1.000 1.484e-02 -4.979 -0.843 3.044 -2.503
0.01471 0.00000 9.20000 1.9550554752 2.5665813702    1.174  3.905  3.4274 -0.735    8  0.627  0.384   420.53    -1.00    -1.00    -1.00    -1.00  0 -6.62e-06      0.56 6.824e-01 3.027e-01 1.763e-03 2.146e-03 6.123e-03 -1.000 1.484e-02 -4.991 -0.647 3.414 -2.335
0.01471 0.00000 9.20000 1.9550870657 2.5665827851    0.633 -9.999  4.0828  1.678    9  0.633  0.000     0.00     0.00     0.00     0.00     0.00 -1    -1e-30      0.00 6.824e-01 3.027e-01 1.763e-03 2.146e-03 6.123e-03 -1.000 1.484e-02 29.767 30.379 30.334 30.450
# Zini     MH   logAge Mini        int_IMF         Mass   logL    logTe  logg  label   McoreTP C_O  period0  period1  period2  period3  period4  pmode  Mloss  tau1m   X   Y   Xc  Xn  Xo  Cexcess  Z 	 mbolmag  Gmag    G_BPmag  G_RPmag
0.01471 0.00000 9.40000 0.0900000036 1.0816895926    0.090 -3.422  3.3632  5.219    1  0.000  0.545     0.00     0.00     0.00     0.00     0.00 -1  -3.9e-17      0.00 7.105e-01 2.748e-01 2.655e-03 7.163e-04 6.496e-03 -1.000 1.476e-02 13.326 15.376 18.311 13.884
0.01471 0.00000 9.40000 0.1000000015 1.1711064122    0.100 -3.239  3.3893  5.186    0  0.000  0.545     0.00     0.00     0.00     0.00     0.00 -1 -5.86e-17      0.00 7.104e-01 2.749e-01 2.655e-03 7.163e-04 6.496e-03 -1.000 1.476e-02 12.867 14.916 17.838 13.426
0.01471 0.00000 9.40000 0.1076119244 1.2317180799    0.108 -3.132  3.4034  5.167    0  0.000  0.545     0.00     0.00     0.00     0.00     0.00 -1 -7.38e-17      0.00 7.103e-01 2.750e-01 2.655e-03 7.163e-04 6.496e-03 -1.000 1.476e-02 12.600 14.648 17.562 13.158
0.01471 0.00000 9.40000 0.1200000048 1.3193154741    0.120 -2.973  3.4245  5.140    1  0.000  0.545     0.00     0.00     0.00     0.00     0.00 -1 -1.04e-16      0.00 7.101e-01 2.751e-01 2.655e-03 7.163e-04 6.496e-03 -1.000 1.476e-02 12.202 14.147 16.910 12.683
0.01471 0.00000 9.40000 0.1400000006 1.4384526719    0.140 -2.790  3.4444  5.104    0  0.000  0.545     0.00     0.00     0.00     0.00     0.00 -1 -1.53e-16      0.00 7.100e-01 2.753e-01 2.655e-03 7.163e-04 6.496e-03 -1.000 1.476e-02 11.746 13.423 15.822 12.022
0.01471 0.00000 9.40000 0.1599999964 1.5372931554    0.160 -2.649  3.4579  5.075    0  0.000  0.545     0.00     0.00     0.00     0.00     0.00 -1 -2.05e-16      0.00 7.098e-01 2.755e-01 2.655e-03 7.163e-04 6.496e-03 -1.000 1.476e-02 11.393 12.898 15.060 11.543
0.01471 0.00000 9.40000 0.2000000030 1.6938790862    0.200 -2.434  3.4766  5.031    1  0.000  0.545     0.00     0.00     0.00     0.00     0.00 -1 -3.16e-16      0.00 7.094e-01 2.758e-01 2.655e-03 7.163e-04 6.496e-03 -1.000 1.476e-02 10.854 12.143 14.014 10.852
0.01471 0.00000 9.40000 0.2500000000 1.8403257998    0.250 -2.230  3.4930  4.990    1  0.000  0.545     0.00     0.00     0.00     0.00     0.00 -1 -4.74e-16      0.00 7.091e-01 2.761e-01 2.655e-03 7.163e-04 6.496e-03 -1.000 1.476e-02 10.345 11.459 13.102 10.227
0.01471 0.00000 9.40000 0.3131071329 1.9784414409    0.313 -2.029  3.5061  4.939    0  0.000  0.545     0.00     0.00     0.00     0.00     0.00 -1 -7.13e-16      0.00 7.096e-01 2.756e-01 2.655e-03 7.163e-04 6.496e-03 -1.000 1.476e-02 9.842 10.841 12.341 9.651
0.01471 0.00000 9.40000 0.3439374566 2.0333677609    0.344 -1.931  3.5113  4.903    0  0.000  0.545     0.00     0.00     0.00     0.00     0.00 -1 -8.88e-16      0.00 7.106e-01 2.747e-01 2.655e-03 7.163e-04 6.496e-03 -1.000 1.476e-02 9.597 10.554 12.002 9.380
0.01471 0.00000 9.40000 0.3500000238 2.0434175133    0.350 -1.914  3.5124  4.898    0  0.000  0.545     0.00     0.00     0.00     0.00     0.00 -1  -9.2e-16      0.00 7.106e-01 2.746e-01 2.655e-03 7.163e-04 6.496e-03 -1.000 1.476e-02 9.556 10.504 11.942 9.333
0.01471 0.00000 9.40000 0.3569675982 2.0546916157    0.357 -1.893  3.5140  4.891    0  0.000  0.545     0.00     0.00     0.00     0.00     0.00 -1 -9.65e-16      0.00 7.106e-01 2.746e-01 2.655e-03 7.163e-04 6.496e-03 -1.000 1.476e-02 9.502 10.437 11.861 9.272
0.01471 0.00000 9.40000 0.3705303669 2.0758382372    0.371 -1.853  3.5171  4.880    0  0.000  0.545     0.00     0.00     0.00     0.00     0.00 -1 -1.05e-15      0.00 7.107e-01 2.746e-01 2.655e-03 7.163e-04 6.496e-03 -1.000 1.476e-02 9.401 10.313 11.708 9.157
0.01471 0.00000 9.40000 0.4000000358 2.1185024810    0.400 -1.771  3.5235  4.858    0  0.000  0.545     0.00     0.00     0.00     0.00     0.00 -1 -1.25e-15      0.00 7.107e-01 2.745e-01 2.655e-03 7.163e-04 6.496e-03 -1.000 1.476e-02 9.199 10.063 11.403 8.926
0.01471 0.00000 9.40000 0.4500000179 2.1822809362    0.450 -1.622  3.5357  4.808    0  0.000  0.545     0.00     0.00     0.00     0.00     0.00 -1 -1.77e-15      0.00 7.107e-01 2.745e-01 2.655e-03 7.163e-04 6.496e-03 -1.000 1.476e-02 8.825 9.607 10.856 8.505
0.01471 0.00000 9.40000 0.5000000000 2.2374541529    0.500 -1.466  3.5505  4.757    1  0.000  0.545     0.00     0.00     0.00     0.00     0.00 -1 -2.54e-15      0.00 7.107e-01 2.745e-01 2.655e-03 7.163e-04 6.496e-03 -1.000 1.476e-02 8.436 9.126 10.275 8.065
0.01471 0.00000 9.40000 0.5480828881 2.2820646251    0.548 -1.309  3.5686  4.712    1  0.000  0.545     0.00     0.00     0.00     0.00     0.00 -1 -3.67e-15      0.00 7.164e-01 2.691e-01 2.605e-03 7.030e-04 6.376e-03 -1.000 1.448e-02 8.042 8.621 9.657 7.613
0.01471 0.00000 9.40000 0.5500000119 2.2836582633    0.550 -1.303  3.5693  4.710    1  0.000  0.545     0.00     0.00     0.00     0.00     0.00 -1 -3.72e-15      0.00 7.167e-01 2.689e-01 2.603e-03 7.023e-04 6.370e-03 -1.000 1.447e-02 8.027 8.601 9.634 7.595
0.01471 0.00000 9.40000 0.6000000238 2.3211213258    0.600 -1.139  3.5925  4.677    1  0.000  0.545     0.00     0.00     0.00     0.00     0.00 -1  -5.4e-15      0.00 7.176e-01 2.680e-01 2.596e-03 7.003e-04 6.353e-03 -1.000 1.444e-02 7.617 8.062 8.972 7.122
0.01471 0.00000 9.40000 0.6499999762 2.3520353107    0.650 -0.975  3.6201  4.658    1  0.000  0.545     0.00     0.00     0.00     0.00     0.00 -1 -7.74e-15      0.00 7.184e-01 2.672e-01 2.589e-03 6.985e-04 6.336e-03 -1.000 1.444e-02 7.207 7.520 8.307 6.652
0.01471 0.00000 9.40000 0.7000000477 2.3779267258    0.700 -0.817  3.6487  4.647    1  0.000  0.545     0.00     0.00     0.00     0.00     0.00 -1 -1.09e-14      0.00 7.193e-01 2.664e-01 2.582e-03 6.968e-04 6.321e-03 -1.000 1.434e-02 6.813 6.987 7.648 6.203
0.01471 0.00000 9.40000 0.7136138678 2.3842576746    0.714 -0.775  3.6566  4.645    1  0.000  0.543     0.00     0.00     0.00     0.00     0.00 -1 -1.19e-14      0.00 7.195e-01 2.661e-01 2.571e-03 6.959e-04 6.315e-03 -1.000 1.431e-02 6.708 6.845 7.473 6.085
0.01471 0.00000 9.40000 0.7500000000 2.3998889087    0.750 -0.667  3.6771  4.640    1  0.000  0.537     0.00     0.00     0.00     0.00     0.00 -1 -1.49e-14      0.00 7.201e-01 2.656e-01 2.541e-03 6.941e-04 6.306e-03 -1.000 1.435e-02 6.437 6.490 7.043 5.786
0.01471 0.00000 9.40000 0.8000000119 2.4187244405    0.800 -0.530  3.6982  4.616    1  0.000  0.537     0.00     0.00     0.00     0.00     0.00 -1 -2.03e-14      0.00 7.213e-01 2.644e-01 2.531e-03 6.914e-04 6.282e-03 -1.000 1.429e-02 6.096 6.083 6.571 5.433
0.01471 0.00000 9.40000 0.8455533981 2.4336738139    0.845 -0.411  3.7161  4.593    1  0.000  0.537     0.00     0.00     0.00     0.00     0.00 -1 -2.67e-14      0.00 7.227e-01 2.631e-01 2.521e-03 6.886e-04 6.256e-03 -1.000 1.420e-02 5.798 5.740 6.181 5.133
0.01471 0.00000 9.40000 0.8500000238 2.4350346840    0.850 -0.400  3.7178  4.590    1  0.000  0.537     0.00     0.00     0.00     0.00     0.00 -1 -2.75e-14      0.00 7.228e-01 2.630e-01 2.520e-03 6.883e-04 6.254e-03 -1.000 1.420e-02 5.769 5.708 6.144 5.105
0.01471 0.00000 9.40000 0.8578792214 2.4374062812    0.857 -0.380  3.7207  4.586    1  0.000  0.537     0.00     0.00     0.00     0.00     0.00 -1 -2.88e-14      0.00 7.231e-01 2.627e-01 2.517e-03 6.877e-04 6.248e-03 -1.000 1.419e-02 5.719 5.652 6.081 5.055
0.01471 0.00000 9.40000 0.8999999762 2.4492786016    0.899 -0.274  3.7356  4.561    1  0.000  0.537     0.00     0.00     0.00     0.00     0.00 -1 -3.69e-14      0.00 7.246e-01 2.612e-01 2.505e-03 6.843e-04 6.218e-03 -1.000 1.411e-02 5.456 5.362 5.758 4.798
0.01471 0.00000 9.40000 0.9273379445 2.4563239834    0.927 -0.207  3.7444  4.542    1  0.000  0.537     0.00     0.00     0.00     0.00     0.00 -1 -4.33e-14      0.00 7.259e-01 2.600e-01 2.495e-03 6.815e-04 6.193e-03 -1.000 1.405e-02 5.288 5.183 5.557 4.640
0.01471 0.00000 9.40000 0.9499999881 2.4618121868    0.949 -0.153  3.7515  4.526    1  0.000  0.537     0.00     0.00     0.00     0.00     0.00 -1 -4.94e-14      0.00 7.271e-01 2.589e-01 2.486e-03 6.791e-04 6.172e-03 -1.000 1.401e-02 5.152 5.040 5.397 4.513
0.01471 0.00000 9.40000 0.9619218111 2.4645802848    0.961 -0.124  3.7549  4.517    1  0.000  0.537     0.00     0.00     0.00     0.00     0.00 -1  -5.3e-14      0.00 7.278e-01 2.582e-01 2.480e-03 6.775e-04 6.157e-03 -1.000 1.399e-02 5.080 4.965 5.315 4.447
0.01471 0.00000 9.40000 0.9917621613 2.4711745421    0.992 -0.053  3.7633  4.493    1  0.000  0.537     0.00     0.00     0.00     0.00     0.00 -1 -6.32e-14      0.00 7.298e-01 2.563e-01 2.464e-03 6.732e-04 6.119e-03 -1.000 1.393e-02 4.903 4.783 5.114 4.283
0.01471 0.00000 9.40000 1.0000000000 2.4729154477    1.000 -0.034  3.7656  4.486    1  0.000  0.537     0.00     0.00     0.00     0.00     0.00 -1 -6.63e-14      0.00 7.304e-01 2.557e-01 2.459e-03 6.720e-04 6.107e-03 -1.000 1.391e-02 4.855 4.733 5.059 4.239
0.01471 0.00000 9.40000 1.0181100368 2.4766289966    1.018  0.008  3.7701  4.470    1  0.000  0.537     0.00     0.00     0.00     0.00     0.00 -1 -7.19e-14      0.00 7.321e-01 2.540e-01 2.445e-03 6.682e-04 6.074e-03 -1.000 1.384e-02 4.749 4.624 4.940 4.142
0.01471 0.00000 9.40000 1.0477092266 2.4823817929    1.047  0.077  3.7774  4.442    1  0.000  0.537     0.00     0.00     0.00     0.00     0.00 -1  -8.2e-14      0.00 7.352e-01 2.511e-01 2.420e-03 6.616e-04 6.014e-03 -1.000 1.368e-02 4.577 4.450 4.750 3.986
0.01471 0.00000 9.40000 1.0499999523 2.4828114860    1.049  0.082  3.7779  4.440    1  0.000  0.537     0.00     0.00     0.00     0.00     0.00 -1 -8.28e-14      0.00 7.355e-01 2.508e-01 2.418e-03 6.610e-04 6.009e-03 -1.000 1.367e-02 4.564 4.437 4.735 3.974
0.01471 0.00000 9.40000 1.0741624832 2.4872158222    1.073  0.138  3.7833  4.416    1  0.000  0.536     0.00     0.00     0.00     0.00     0.00 -1 -9.19e-14      0.00 7.392e-01 2.473e-01 2.389e-03 6.530e-04 5.937e-03 -1.000 1.353e-02 4.426 4.298 4.584 3.847
0.01471 0.00000 9.40000 1.0996989012 2.4916295064    1.099  0.196  3.7887  4.390    1  0.000  0.536     0.00     0.00     0.00     0.00     0.00 -1 -1.03e-13      0.00 7.436e-01 2.430e-01 2.353e-03 6.436e-04 5.853e-03 -1.000 1.334e-02 4.281 4.153 4.428 3.715
0.01471 0.00000 9.40000 1.1000000238 2.4916801480    1.099  0.196  3.7887  4.390    1  0.000  0.536     0.00     0.00     0.00     0.00     0.00 -1 -1.03e-13      0.00 7.437e-01 2.430e-01 2.353e-03 6.435e-04 5.852e-03 -1.000 1.334e-02 4.279 4.151 4.426 3.714
0.01471 0.00000 9.40000 1.1202238798 2.4950097758    1.119  0.242  3.7927  4.368    1  0.000  0.536     0.00     0.00     0.00     0.00     0.00 -1 -1.12e-13      0.00 7.463e-01 2.405e-01 2.336e-03 6.391e-04 5.813e-03 -1.000 1.323e-02 4.166 4.038 4.305 3.611
0.01471 0.00000 9.40000 1.1427766085 2.4985634506    1.142  0.291  3.7969  4.344    1  0.000  0.536     0.00     0.00     0.00     0.00     0.00 -1 -1.23e-13      0.00 7.489e-01 2.379e-01 2.321e-03 6.350e-04 5.778e-03 -1.000 1.314e-02 4.041 3.913 4.172 3.496
0.01471 0.00000 9.40000 1.1499999762 2.4996678137    1.149  0.307  3.7982  4.336    1  0.000  0.535     0.00     0.00     0.00     0.00     0.00 -1 -1.27e-13      0.00 7.497e-01 2.372e-01 2.316e-03 6.340e-04 5.768e-03 -1.000 1.312e-02 4.002 3.874 4.129 3.460
0.01471 0.00000 9.40000 1.1746972799 2.5033260146    1.174  0.361  3.8024  4.308    1  0.000  0.535     0.00     0.00     0.00     0.00     0.00 -1  -1.4e-13      0.00 7.494e-01 2.374e-01 2.326e-03 6.366e-04 5.793e-03 -1.000 1.320e-02 3.868 3.741 3.988 3.337
0.01471 0.00000 9.40000 1.2000000477 2.5068948796    1.199  0.414  3.8060  4.279    1  0.000  0.535     0.00     0.00     0.00     0.00     0.00 -1 -1.54e-13      0.00 7.489e-01 2.378e-01 2.337e-03 6.398e-04 5.824e-03 -1.000 1.329e-02 3.736 3.609 3.848 3.215
0.01471 0.00000 9.40000 1.2500000000 2.5134610955    1.249  0.510  3.8110  4.221    1  0.000  0.535     0.00     0.00     0.00     0.00     0.00 -1 -1.81e-13      0.00 7.492e-01 2.376e-01 2.336e-03 6.398e-04 5.825e-03 -1.000 1.324e-02 3.496 3.370 3.599 2.988
0.01471 0.00000 9.40000 1.2679318190 2.5156713883    1.267  0.542  3.8121  4.199    1  0.000  0.534     0.00     0.00     0.00     0.00     0.00 -1  -1.9e-13      0.00 7.493e-01 2.374e-01 2.336e-03 6.395e-04 5.828e-03 -1.000 1.325e-02 3.415 3.289 3.516 2.910
0.01471 0.00000 9.40000 1.2999999523 2.5194498592    1.300  0.598  3.8132  4.158    1  0.000  0.534     0.00     0.00     0.00     0.00     0.00 -1 -2.08e-13      0.00 7.495e-01 2.373e-01 2.336e-03 6.388e-04 5.833e-03 -1.000 1.325e-02 3.274 3.148 3.372 2.772
0.01471 0.00000 9.40000 1.3004405499 2.5195002827    1.300  0.599  3.8133  4.158    1  0.000  0.534     0.00     0.00     0.00     0.00     0.00 -1 -2.08e-13      0.00 7.494e-01 2.373e-01 2.337e-03 6.388e-04 5.833e-03 -1.000 1.325e-02 3.272 3.146 3.370 2.770
0.01471 0.00000 9.40000 1.3335214853 2.5231770089    1.333  0.656  3.8133  4.112    1  0.000  0.534     0.00     0.00     0.00     0.00     0.00 -1 -2.26e-13      0.00 7.482e-01 2.385e-01 2.346e-03 6.398e-04 5.860e-03 -1.000 1.333e-02 3.130 3.002 3.226 2.628
0.01471 0.00000 9.40000 1.3499999046 2.5249313472    1.350  0.684  3.8130  4.088    1  0.000  0.534     0.00     0.00     0.00     0.00     0.00 -1 -2.36e-13      0.00 7.475e-01 2.391e-01 2.352e-03 6.402e-04 5.874e-03 -1.000 1.339e-02 3.059 2.931 3.156 2.556
0.01471 0.00000 9.40000 1.3602539301 2.5259983807    1.360  0.702  3.8128  4.072    1  0.000  0.534     0.00     0.00     0.00     0.00     0.00 -1 -2.42e-13      0.00 7.475e-01 2.392e-01 2.352e-03 6.401e-04 5.874e-03 -1.000 1.339e-02 3.014 2.886 3.111 2.511
0.01471 0.00000 9.40000 1.3941072226 2.5293933403    1.394  0.761  3.8112  4.018    1  0.000  0.534     0.00     0.00     0.00     0.00     0.00 -1 -2.62e-13      0.00 7.472e-01 2.394e-01 2.354e-03 6.401e-04 5.874e-03 -1.000 1.337e-02 2.868 2.738 2.966 2.360
0.01471 0.00000 9.40000 1.3999999762 2.5299650300    1.400  0.771  3.8108  4.008    1  0.000  0.534     0.00     0.00     0.00     0.00     0.00 -1 -2.66e-13      0.00 7.471e-01 2.395e-01 2.354e-03 6.402e-04 5.874e-03 -1.000 1.336e-02 2.842 2.713 2.941 2.333
0.01471 0.00000 9.40000 1.4102039337 2.5309419918    1.410  0.789  3.8101  3.991    1  0.000  0.535     0.00     0.00     0.00     0.00     0.00 -1 -2.72e-13      0.00 7.470e-01 2.396e-01 2.355e-03 6.408e-04 5.874e-03 -1.000 1.337e-02 2.798 2.668 2.897 2.287
0.01471 0.00000 9.40000 1.4455062151 2.5341999310    1.445  0.849  3.8067  3.927    1  0.000  0.535     0.00     0.00     0.00     0.00     0.00 -1 -2.92e-13      0.00 7.464e-01 2.402e-01 2.357e-03 6.432e-04 5.874e-03 -1.000 1.336e-02 2.646 2.514 2.750 2.126
0.01471 0.00000 9.40000 1.4500000477 2.5346015836    1.450  0.857  3.8061  3.919    1  0.000  0.535     0.00     0.00     0.00     0.00     0.00 -1 -2.95e-13      0.00 7.463e-01 2.403e-01 2.358e-03 6.436e-04 5.874e-03 -1.000 1.336e-02 2.627 2.495 2.732 2.105
0.01471 0.00000 9.40000 1.4555538893 2.5350940398    1.455  0.866  3.8051  3.908    1  0.000  0.535     0.00     0.00     0.00     0.00     0.00 -1 -2.96e-13      0.00 7.462e-01 2.404e-01 2.358e-03 6.437e-04 5.874e-03 -1.000 1.336e-02 2.606 2.473 2.712 2.081
0.01471 0.00000 9.40000 1.4726299047 2.5365814398    1.472  0.891  3.8014  3.872    1  0.000  0.535     0.00     0.00     0.00     0.00     0.00 -1 -3.02e-13      0.00 7.459e-01 2.408e-01 2.360e-03 6.445e-04 5.877e-03 -1.000 1.336e-02 2.541 2.408 2.654 2.007
0.01471 0.00000 9.40000 1.4896873236 2.5380281371    1.489  0.916  3.7971  3.835    1  0.000  0.536     0.00     0.00     0.00     0.00     0.00 -1 -3.07e-13      0.00 7.455e-01 2.411e-01 2.363e-03 6.454e-04 5.881e-03 -1.000 1.338e-02 2.479 2.346 2.600 1.934
0.01471 0.00000 9.40000 1.5000000000 2.5388844597    1.500  0.931  3.7943  3.812    1  0.000  0.536     0.00     0.00     0.00     0.00     0.00 -1 -3.11e-13      0.00 7.452e-01 2.414e-01 2.364e-03 6.460e-04 5.884e-03 -1.000 1.339e-02 2.442 2.309 2.568 1.891
0.01471 0.00000 9.40000 1.5072137117 2.5394754533    1.507  0.941  3.7921  3.795    1  0.000  0.536     0.00     0.00     0.00     0.00     0.00 -1 -3.11e-13      0.00 7.451e-01 2.415e-01 2.365e-03 6.463e-04 5.887e-03 -1.000 1.340e-02 2.417 2.284 2.548 1.860
0.01471 0.00000 9.40000 1.5227786303 2.5407287230    1.522  0.968  3.7877  3.756    1  0.000  0.536     0.00     0.00     0.00     0.00     0.00 -1 -3.14e-13      0.00 7.447e-01 2.419e-01 2.368e-03 6.471e-04 5.896e-03 -1.000 1.341e-02 2.350 2.217 2.490 1.784
0.01471 0.00000 9.40000 1.5275920630 2.5411103543    1.527  0.978  3.7867  3.743    1  0.000  0.536     0.00     0.00     0.00     0.00     0.00 -1 -3.17e-13      0.00 7.446e-01 2.420e-01 2.369e-03 6.474e-04 5.899e-03 -1.000 1.341e-02 2.326 2.193 2.467 1.757
0.01471 0.00000 9.40000 1.5338957310 2.5416059751    1.533  1.029  3.7931  3.719    1  0.000  0.535     0.00     0.00     0.00     0.00     0.00 -1 -3.51e-13      0.00 7.445e-01 2.421e-01 2.370e-03 6.477e-04 5.902e-03 -1.000 1.343e-02 2.198 2.064 2.325 1.643
0.01471 0.00000 9.40000 1.5352382660 2.5417109265    1.535  1.061  3.7984  3.709    1  0.000  0.535     0.00     0.00     0.00     0.00     0.00 -1 -3.79e-13      0.00 7.445e-01 2.421e-01 2.370e-03 6.478e-04 5.903e-03 -1.000 1.344e-02 2.118 1.982 2.233 1.576
0.01471 0.00000 9.40000 1.5357220173 2.5417486916    1.535  1.093  3.8038  3.698    1  0.000  0.535     0.00     0.00     0.00     0.00     0.00 -1 -4.13e-13      0.00 7.444e-01 2.421e-01 2.371e-03 6.478e-04 5.904e-03 -1.000 1.344e-02 2.036 1.900 2.139 1.507
0.01471 0.00000 9.40000 1.5359431505 2.5417659457    1.535  1.126  3.8088  3.686    1  0.000  0.535     0.00     0.00     0.00     0.00     0.00 -1 -4.51e-13      0.00 7.444e-01 2.421e-01 2.371e-03 6.478e-04 5.904e-03 -1.000 1.344e-02 1.956 1.819 2.048 1.439
0.01471 0.00000 9.40000 1.5360444784 2.5417738500    1.536  1.143  3.8116  3.679    1  0.000  0.535     0.00     0.00     0.00     0.00     0.00 -1 -4.74e-13      0.00 7.444e-01 2.421e-01 2.371e-03 6.478e-04 5.904e-03 -1.000 1.344e-02 1.912 1.775 1.999 1.402
0.01471 0.00000 9.40000 1.5361117125 2.5417790940    1.536  1.115  3.8082  3.694    2  0.000  0.535     0.00     0.00     0.00     0.00     0.00 -1 -4.39e-13      0.00 7.444e-01 2.421e-01 2.371e-03 6.478e-04 5.904e-03 -1.000 1.344e-02 1.982 1.846 2.076 1.464
0.01471 0.00000 9.40000 1.5361833572 2.5417846815    1.536  1.094  3.8033  3.696    2  0.000  0.535     0.00     0.00     0.00     0.00     0.00 -1 -4.17e-13      0.00 7.444e-01 2.421e-01 2.371e-03 6.478e-04 5.904e-03 -1.000 1.344e-02 2.036 1.900 2.140 1.506
0.01471 0.00000 9.40000 1.5363603830 2.5417984851    1.536  1.091  3.7932  3.658    2  0.000  0.535     0.00     0.00     0.00     0.00     0.00 -1  -4.3e-13      0.00 7.444e-01 2.421e-01 2.371e-03 6.479e-04 5.904e-03 -1.000 1.344e-02 2.042 1.906 2.167 1.487
0.01471 0.00000 9.40000 1.5366648436 2.5418222167    1.536  1.094  3.7830  3.614    2  0.000  0.535     0.00     0.00     0.00     0.00     0.00 -1 -4.54e-13      0.00 7.436e-01 2.429e-01 2.376e-03 6.493e-04 5.917e-03 -1.000 1.347e-02 2.034 1.902 2.183 1.457
0.01471 0.00000 9.40000 1.5371686220 2.5418614607    1.537  1.085  3.7726  3.582    2  0.000  0.536     0.00     0.00     0.00     0.00     0.00 -1 -4.62e-13      0.00 7.392e-01 2.471e-01 2.408e-03 6.578e-04 5.993e-03 -1.000 1.365e-02 2.057 1.929 2.233 1.460
0.01471 0.00000 9.40000 1.5377625227 2.5419076872    1.537  1.067  3.7635  3.564    2  0.000  0.536     0.00     0.00     0.00     0.00     0.00 -1 -4.51e-13      0.00 7.322e-01 2.539e-01 2.461e-03 6.717e-04 6.118e-03 -1.000 1.392e-02 2.104 1.983 2.306 1.492
0.01471 0.00000 9.40000 1.5383545160 2.5419537244    1.538  1.042  3.7554  3.556    2  0.000  0.537     0.00     0.00     0.00     0.00     0.00 -1 -4.29e-13      0.00 7.266e-01 2.593e-01 2.503e-03 6.830e-04 6.218e-03 -1.000 1.413e-02 2.165 2.052 2.392 1.542
0.01471 0.00000 9.40000 1.5389444828 2.5419995635    1.538  1.013  3.7473  3.553    2  0.000  0.537     0.00     0.00     0.00     0.00     0.00 -1 -4.01e-13      0.00 7.226e-01 2.631e-01 2.533e-03 6.910e-04 6.290e-03 -1.000 1.432e-02 2.238 2.134 2.492 1.606
0.01471 0.00000 9.40000 1.5395326614 2.5420452235    1.539  0.982  3.7390  3.552    2  0.000  0.537     0.00     0.00     0.00     0.00     0.00 -1 -3.73e-13      0.00 7.197e-01 2.658e-01 2.553e-03 6.965e-04 6.338e-03 -1.000 1.442e-02 2.316 2.223 2.599 1.677
0.01471 0.00000 9.40000 1.5401186943 2.5420906770    1.540  0.956  3.7306  3.544    2  0.000  0.537     0.00     0.00     0.00     0.00     0.00 -1 -3.54e-13      0.00 7.177e-01 2.678e-01 2.568e-03 7.003e-04 6.372e-03 -1.000 1.450e-02 2.379 2.300 2.693 1.735
0.01471 0.00000 9.40000 1.5408195257 2.5421449822    1.540  0.949  3.7215  3.515    2  0.000  0.537     0.00     0.00     0.00     0.00     0.00 -1 -3.56e-13      0.00 7.155e-01 2.700e-01 2.577e-03 7.043e-04 6.402e-03 -1.000 1.455e-02 2.398 2.335 2.749 1.752
0.01471 0.00000 9.40000 1.5416337252 2.5422080006    1.541  0.970  3.7125  3.458    2  0.000  0.529     0.00     0.00     0.00     0.00     0.00 -1 -3.96e-13      0.00 7.126e-01 2.728e-01 2.551e-03 7.227e-04 6.427e-03 -1.000 1.462e-02 2.345 2.302 2.735 1.699
0.01471 0.00000 9.40000 1.5418655872 2.5422259326    1.541  0.979  3.7101  3.439    2  0.000  0.526     0.00     0.00     0.00     0.00     0.00 -1 -4.12e-13      0.00 7.117e-01 2.737e-01 2.537e-03 7.314e-04 6.434e-03 -1.000 1.464e-02 2.322 2.284 2.723 1.676
0.01471 0.00000 9.40000 1.5422090292 2.5422524826    1.542  1.004  3.7075  3.404    3  0.000  0.498     0.00     0.00     0.00     0.00     0.00 -1 -4.53e-13      0.00 7.099e-01 2.754e-01 2.405e-03 8.695e-04 6.441e-03 -1.000 1.467e-02 2.259 2.226 2.672 1.613
0.01471 0.00000 9.40000 1.5427798033 2.5422965766    1.542  1.053  3.7038  3.341    3  0.000  0.447     0.00     0.00     0.00     0.00     0.00 -1 -5.41e-13      0.00 7.066e-01 2.787e-01 2.162e-03 1.165e-03 6.450e-03 -1.000 1.475e-02 2.138 2.115 2.569 1.493
0.01471 0.00000 9.40000 1.5432205200 2.5423305976    1.543  1.093  3.7013  3.290    3  0.000  0.419     0.00     0.00     0.00     0.00     0.00 -1 -6.28e-13      0.00 7.039e-01 2.813e-01 2.030e-03 1.330e-03 6.455e-03 -1.000 1.477e-02 2.037 2.020 2.480 1.392
0.01471 0.00000 9.40000 1.5436427593 2.5423631714    1.543  1.134  3.6990  3.241    3  0.000  0.402     0.00     0.00     0.00     0.00     0.00 -1 -7.28e-13      0.00 7.017e-01 2.835e-01 1.948e-03 1.433e-03 6.460e-03 -1.000 1.483e-02 1.936 1.924 2.391 1.292
0.01471 0.00000 9.40000 1.5440502167 2.5423945853    1.544  1.174  3.6969  3.192    3  0.000  0.391     0.00     0.00     0.00     0.00     0.00 -1 -8.43e-13      0.00 6.998e-01 2.854e-01 1.896e-03 1.501e-03 6.465e-03 -1.000 1.483e-02 1.835 1.830 2.302 1.192
0.01471 0.00000 9.40000 1.5444536209 2.5424256680    1.544  1.214  3.6948  3.144    3  0.000  0.383     0.00     0.00     0.00     0.00     0.00 -1 -9.75e-13      0.00 6.981e-01 2.870e-01 1.861e-03 1.548e-03 6.473e-03 -1.000 1.482e-02 1.735 1.735 2.212 1.093
0.01471 0.00000 9.40000 1.5448536873 2.5424564750    1.544  1.254  3.6927  3.095    3  0.000  0.378     0.00     0.00     0.00     0.00     0.00 -1 -1.13e-12      0.00 6.967e-01 2.884e-01 1.837e-03 1.584e-03 6.481e-03 -1.000 1.485e-02 1.634 1.640 2.122 0.993
0.01471 0.00000 9.40000 1.5452466011 2.5424867135    1.545  1.294  3.6907  3.047    3  0.000  0.374     0.00     0.00     0.00     0.00     0.00 -1  -1.3e-12      0.00 6.955e-01 2.896e-01 1.821e-03 1.612e-03 6.485e-03 -1.000 1.487e-02 1.535 1.546 2.034 0.895
0.01471 0.00000 9.40000 1.5457351208 2.5425242850    1.545  1.343  3.6882  2.988    3  0.000  0.372     0.00     0.00     0.00     0.00     0.00 -1 -1.56e-12      0.00 6.941e-01 2.910e-01 1.806e-03 1.641e-03 6.478e-03 -1.000 1.490e-02 1.412 1.431 1.925 0.774
0.01471 0.00000 9.40000 1.5462932587 2.5425671774    1.546  1.398  3.6853  2.922    3  0.000  0.370     0.00     0.00     0.00     0.00     0.00 -1  -1.9e-12      0.00 6.925e-01 2.926e-01 1.793e-03 1.673e-03 6.460e-03 -1.000 1.493e-02 1.274 1.302 1.804 0.638
0.01471 0.00000 9.40000 1.5466967821 2.5425981656    1.546  1.439  3.6831  2.873    3  0.000  0.369     0.00     0.00     0.00     0.00     0.00 -1  -2.2e-12      0.00 6.915e-01 2.936e-01 1.785e-03 1.693e-03 6.446e-03 -1.000 1.493e-02 1.174 1.208 1.716 0.540
0.01471 0.00000 9.40000 1.5471805334 2.5426352904    1.547  1.487  3.6805  2.814    3  0.000  0.369     0.00     0.00     0.00     0.00     0.00 -1 -2.63e-12      0.00 6.905e-01 2.946e-01 1.779e-03 1.712e-03 6.432e-03 -1.000 1.488e-02 1.053 1.095 1.609 0.421
0.01471 0.00000 9.40000 1.5475935936 2.5426669690    1.547  1.529  3.6781  2.763    3  0.000  0.368     0.00     0.00     0.00     0.00     0.00 -1 -3.06e-12      0.00 6.899e-01 2.952e-01 1.776e-03 1.723e-03 6.424e-03 -1.000 1.488e-02 0.948 0.999 1.519 0.319
0.01471 0.00000 9.40000 1.5480473042 2.5427017427    1.548  1.576  3.6754  2.706    3  0.000  0.368     0.00     0.00     0.00     0.00     0.00 -1 -3.63e-12      0.00 6.895e-01 2.956e-01 1.773e-03 1.731e-03 6.418e-03 -1.000 1.492e-02 0.831 0.891 1.419 0.206
0.01471 0.00000 9.40000 1.5484513044 2.5427326868    1.548  1.619  3.6729  2.653    3  0.000  0.368     0.00     0.00     0.00     0.00     0.00 -1 -4.25e-12      0.00 6.894e-01 2.957e-01 1.773e-03 1.734e-03 6.416e-03 -1.000 1.490e-02 0.723 0.792 1.327 0.101
0.01471 0.00000 9.40000 1.5488040447 2.5427596894    1.548  1.658  3.6705  2.604    3  0.000  0.368     0.00     0.00     0.00     0.00     0.00 -1 -4.92e-12      0.00 6.894e-01 2.958e-01 1.772e-03 1.735e-03 6.415e-03 -1.000 1.489e-02 0.625 0.702 1.243 0.006
0.01471 0.00000 9.40000 1.5491824150 2.5427886384    1.549  1.701  3.6678  2.550    3  0.000  0.368     0.00     0.00     0.00     0.00     0.00 -1 -5.76e-12      0.00 6.893e-01 2.958e-01 1.772e-03 1.736e-03 6.415e-03 -1.000 1.489e-02 0.518 0.605 1.153 -0.098
0.01471 0.00000 9.40000 1.5495668650 2.5428180358    1.549  1.745  3.6651  2.496    3  0.000  0.368     0.00     0.00     0.00     0.00     0.00 -1 -6.76e-12      0.00 6.893e-01 2.958e-01 1.771e-03 1.736e-03 6.414e-03 -1.000 1.489e-02 0.409 0.506 1.063 -0.202
0.01471 0.00000 9.40000 1.5499675274 2.5428486552    1.549  1.788  3.6624  2.442    3  0.000  0.368     0.00     0.00     0.00     0.00     0.00 -1 -7.93e-12      0.00 6.893e-01 2.958e-01 1.771e-03 1.737e-03 6.414e-03 -1.000 1.489e-02 0.301 0.408 0.974 -0.307
0.01471 0.00000 9.40000 1.5499999523 2.5428511323    1.549  1.790  3.6622  2.439    3  0.000  0.368     0.00     0.00     0.00     0.00     0.00 -1 -8.01e-12      0.00 6.893e-01 2.958e-01 1.771e-03 1.737e-03 6.414e-03 -1.000 1.489e-02 0.294 0.402 0.968 -0.314
0.01471 0.00000 9.40000 1.5503442287 2.5428774267    1.550  1.818  3.6605  2.404    3  0.000  0.368     0.00     0.00     0.00     0.00     0.00 -1 -8.85e-12      0.00 6.893e-01 2.958e-01 1.771e-03 1.737e-03 6.414e-03 -1.000 1.489e-02 0.225 0.340 0.912 -0.381
0.01471 0.00000 9.40000 1.5509302616 2.5429221546    1.550  1.850  3.6585  2.364    3  0.000  0.368     0.00     0.00     0.00     0.00     0.00 -1 -9.99e-12      0.00 6.893e-01 2.958e-01 1.771e-03 1.738e-03 6.413e-03 -1.000 1.489e-02 0.145 0.267 0.846 -0.458
0.01471 0.00000 9.40000 1.5511341095 2.5429377038    1.550  1.838  3.6593  2.380    3  0.000  0.368     0.00     0.00     0.00     0.00     0.00 -1 -9.57e-12      0.00 6.893e-01 2.958e-01 1.771e-03 1.738e-03 6.413e-03 -1.000 1.489e-02 0.176 0.295 0.870 -0.429
0.01471 0.00000 9.40000 1.5514571667 2.5429623365    1.551  1.808  3.6614  2.418    3  0.000  0.368     0.00     0.00     0.00     0.00     0.00 -1  -8.6e-12      0.00 6.893e-01 2.958e-01 1.771e-03 1.738e-03 6.413e-03 -1.000 1.489e-02 0.250 0.361 0.930 -0.357
0.01471 0.00000 9.40000 1.5516276360 2.5429753298    1.551  1.779  3.6634  2.455    3  0.000  0.368     0.00     0.00     0.00     0.00     0.00 -1 -7.71e-12      0.00 6.893e-01 2.958e-01 1.771e-03 1.739e-03 6.412e-03 -1.000 1.489e-02 0.323 0.427 0.989 -0.286
0.01471 0.00000 9.40000 1.5517685413 2.5429860672    1.551  1.745  3.6657  2.498    3  0.000  0.368     0.00     0.00     0.00     0.00     0.00 -1 -6.78e-12      0.00 6.893e-01 2.958e-01 1.771e-03 1.739e-03 6.412e-03 -1.000 1.489e-02 0.407 0.503 1.057 -0.205
0.01471 0.00000 9.40000 1.5518974066 2.5429958852    1.551  1.711  3.6679  2.541    3  0.000  0.368     0.00     0.00     0.00     0.00     0.00 -1 -5.96e-12      0.00 6.893e-01 2.958e-01 1.770e-03 1.739e-03 6.412e-03 -1.000 1.489e-02 0.492 0.579 1.127 -0.123
0.01471 0.00000 9.40000 1.5520361662 2.5430064549    1.551  1.674  3.6703  2.588    3  0.000  0.368     0.00     0.00     0.00     0.00     0.00 -1 -5.19e-12      0.00 6.893e-01 2.958e-01 1.770e-03 1.739e-03 6.412e-03 -1.000 1.489e-02 0.584 0.662 1.204 -0.034
0.01471 0.00000 9.40000 1.5522148609 2.5430200634    1.552  1.629  3.6732  2.645    3  0.000  0.368     0.00     0.00     0.00     0.00     0.00 -1 -4.37e-12      0.00 6.893e-01 2.958e-01 1.770e-03 1.739e-03 6.412e-03 -1.000 1.489e-02 0.697 0.765 1.298 0.075
0.01471 0.00000 9.40000 1.5523808002 2.5430326973    1.552  1.595  3.6755  2.687    3  0.000  0.368     0.00     0.00     0.00     0.00     0.00 -1 -3.84e-12      0.00 6.893e-01 2.958e-01 1.770e-03 1.740e-03 6.412e-03 -1.000 1.489e-02 0.782 0.842 1.370 0.157
0.01471 0.00000 9.40000 1.5524698496 2.5430394758    1.552  1.580  3.6765  2.707    3  0.000  0.368     0.00     0.00     0.00     0.00     0.00 -1 -3.61e-12      0.00 6.893e-01 2.958e-01 1.770e-03 1.740e-03 6.411e-03 -1.000 1.489e-02 0.821 0.877 1.402 0.195
0.01471 0.00000 9.40000 1.5526170731 2.5430506806    1.552  1.593  3.6757  2.691    3  0.000  0.368     0.00     0.00     0.00     0.00     0.00 -1 -3.74e-12      0.00 6.893e-01 2.958e-01 1.770e-03 1.740e-03 6.411e-03 -1.000 1.489e-02 0.788 0.848 1.375 0.163
0.01471 0.00000 9.40000 1.5530598164 2.5430843621    1.552  1.641  3.6727  2.631    3  0.000  0.368     0.00     0.00     0.00     0.00     0.00 -1 -4.44e-12      0.00 6.893e-01 2.958e-01 1.770e-03 1.740e-03 6.411e-03 -1.000 1.489e-02 0.667 0.737 1.272 0.045
0.01471 0.00000 9.40000 1.5535689592 2.5431230677    1.553  1.685  3.6700  2.577    3  0.000  0.368     0.00     0.00     0.00     0.00     0.00 -1  -5.2e-12      0.00 6.893e-01 2.959e-01 1.770e-03 1.741e-03 6.410e-03 -1.000 1.489e-02 0.558 0.637 1.179 -0.060
0.01471 0.00000 9.40000 1.5540832281 2.5431621333    1.553  1.727  3.6673  2.523    3  0.000  0.368     0.00     0.00     0.00     0.00     0.00 -1 -6.07e-12      0.00 6.892e-01 2.959e-01 1.770e-03 1.742e-03 6.410e-03 -1.000 1.489e-02 0.451 0.540 1.090 -0.163
0.01471 0.00000 9.40000 1.5546119213 2.5432022636    1.554  1.772  3.6646  2.468    3  0.000  0.368     0.00     0.00     0.00     0.00     0.00 -1 -7.14e-12      0.00 6.892e-01 2.959e-01 1.769e-03 1.742e-03 6.409e-03 -1.000 1.489e-02 0.341 0.440 0.999 -0.270
0.01471 0.00000 9.40000 1.5551034212 2.5432395426    1.554  1.813  3.6619  2.416    3  0.000  0.368     0.00     0.00     0.00     0.00     0.00 -1 -8.31e-12      0.00 6.892e-01 2.959e-01 1.769e-03 1.743e-03 6.409e-03 -1.000 1.489e-02 0.236 0.346 0.913 -0.371
0.01471 0.00000 9.40000 1.5556071997 2.5432777248    1.555  1.858  3.6591  2.360    3  0.000  0.368     0.00     0.00     0.00     0.00     0.00 -1 -9.77e-12      0.00 6.892e-01 2.959e-01 1.769e-03 1.744e-03 6.408e-03 -1.000 1.489e-02 0.126 0.246 0.823 -0.478
0.01471 0.00000 9.40000 1.5560686588 2.5433126747    1.555  1.899  3.6563  2.308    3  0.000  0.368     0.00     0.00     0.00     0.00     0.00 -1 -1.14e-11      0.00 6.892e-01 2.959e-01 1.769e-03 1.744e-03 6.408e-03 -1.000 1.489e-02 0.022 0.153 0.740 -0.578
0.01471 0.00000 9.40000 1.5565235615 2.5433471046    1.556  1.942  3.6535  2.254    3  0.000  0.368     0.00     0.00     0.00     0.00     0.00 -1 -1.33e-11      0.00 6.892e-01 2.959e-01 1.769e-03 1.745e-03 6.407e-03 -1.000 1.489e-02 -0.085 0.058 0.655 -0.680
0.01471 0.00000 9.40000 1.5569480658 2.5433792129    1.556  1.984  3.6507  2.201    3  0.000  0.368     0.00     0.00     0.00     0.00     0.00 -1 -1.55e-11      0.00 6.892e-01 2.959e-01 1.768e-03 1.745e-03 6.407e-03 -1.000 1.489e-02 -0.190 -0.035 0.571 -0.781
0.01471 0.00000 9.40000 1.5573527813 2.5434098057    1.556  2.026  3.6478  2.147    3  0.000  0.368     0.00     0.00     0.00     0.00     0.00 -1 -1.82e-11      0.00 6.892e-01 2.959e-01 1.768e-03 1.746e-03 6.406e-03 -1.000 1.489e-02 -0.296 -0.128 0.489 -0.882
0.01471 0.00000 9.40000 1.5577378273 2.5434388947    1.557  2.069  3.6449  2.093    3  0.000  0.368     0.00     0.00     0.00     0.00     0.00 -1 -2.12e-11      0.00 6.892e-01 2.960e-01 1.768e-03 1.747e-03 6.406e-03 -1.000 1.489e-02 -0.402 -0.220 0.408 -0.982
0.01471 0.00000 9.40000 1.5580848455 2.5434650967    1.557  2.109  3.6420  2.041    3  0.000  0.368     0.00     0.00     0.00     0.00     0.00 -1 -2.47e-11      0.00 6.892e-01 2.960e-01 1.768e-03 1.747e-03 6.406e-03 -1.000 1.489e-02 -0.503 -0.309 0.330 -1.078
0.01471 0.00000 9.40000 1.5584233999 2.5434906466    1.557  2.152  3.6390  1.987    3  0.000  0.368     0.00     0.00     0.00     0.00     0.00 -1 -2.89e-11      0.00 6.891e-01 2.960e-01 1.768e-03 1.747e-03 6.405e-03 -1.000 1.489e-02 -0.609 -0.400 0.250 -1.177
0.01471 0.00000 9.40000 1.5587358475 2.5435142150    1.558  2.193  3.6361  1.934    3  0.000  0.368     0.00     0.00     0.00     0.00     0.00 -1 -3.37e-11      0.00 6.891e-01 2.960e-01 1.768e-03 1.748e-03 6.405e-03 -1.000 1.489e-02 -0.712 -0.487 0.173 -1.272
0.01471 0.00000 9.40000 1.5590265989 2.5435361371    1.558  2.234  3.6331  1.881    3  0.000  0.368     0.00     0.00     0.00     0.00     0.00 -1 -3.93e-11      0.00 6.891e-01 2.960e-01 1.768e-03 1.748e-03 6.405e-03 -1.000 1.489e-02 -0.814 -0.575 0.096 -1.366
0.01471 0.00000 9.40000 1.5592991114 2.5435566755    1.558  2.275  3.6302  1.829    3  0.000  0.368     0.00     0.00     0.00     0.00     0.00 -1 -4.57e-11      0.00 6.891e-01 2.960e-01 1.767e-03 1.749e-03 6.404e-03 -1.000 1.489e-02 -0.917 -0.662 0.018 -1.460
0.01471 0.00000 9.40000 1.5595520735 2.5435757330    1.558  2.315  3.6272  1.776    3  0.000  0.368     0.00     0.00     0.00     0.00     0.00 -1 -5.32e-11      0.00 6.891e-01 2.960e-01 1.767e-03 1.749e-03 6.404e-03 -1.000 1.489e-02 -1.018 -0.746 -0.056 -1.551
0.01471 0.00000 9.40000 1.5597901344 2.5435936614    1.558  2.356  3.6242  1.724    3  0.000  0.368     0.00     0.00     0.00     0.00     0.00 -1  -6.2e-11      0.00 6.891e-01 2.960e-01 1.767e-03 1.749e-03 6.404e-03 -1.000 1.489e-02 -1.119 -0.831 -0.131 -1.643
0.01471 0.00000 9.40000 1.5600085258 2.5436101030    1.559  2.396  3.6212  1.672    3  0.000  0.368     0.00     0.00     0.00     0.00     0.00 -1 -7.21e-11      0.00 6.891e-01 2.960e-01 1.767e-03 1.749e-03 6.404e-03 -1.000 1.489e-02 -1.219 -0.914 -0.204 -1.732
0.01471 0.00000 9.40000 1.5602163076 2.5436257409    1.559  2.436  3.6182  1.620    3  0.000  0.368     0.00     0.00     0.00     0.00     0.00 -1 -8.39e-11      0.00 6.891e-01 2.960e-01 1.767e-03 1.750e-03 6.403e-03 -1.000 1.489e-02 -1.320 -0.997 -0.277 -1.822
0.01471 0.00000 9.40000 1.5604047775 2.5436399212    1.559  2.475  3.6152  1.569    3  0.000  0.368     0.00     0.00     0.00     0.00     0.00 -1 -9.72e-11      0.00 6.891e-01 2.960e-01 1.767e-03 1.750e-03 6.403e-03 -1.000 1.489e-02 -1.417 -1.076 -0.347 -1.908
0.01471 0.00000 9.40000 1.5605850220 2.5436534790    1.559  2.515  3.6122  1.517    3  0.000  0.368     8.35     6.15     4.41     3.33     2.71  4 -1.13e-10      0.00 6.891e-01 2.960e-01 1.767e-03 1.750e-03 6.403e-03 -1.000 1.489e-02 -1.517 -1.157 -0.418 -1.996
0.01471 0.00000 9.40000 1.5607544184 2.5436662175    1.559  2.555  3.6091  1.465    3  0.000  0.368     9.28     6.75     4.82     3.65     2.97  4 -1.31e-10      0.00 6.891e-01 2.960e-01 1.767e-03 1.750e-03 6.403e-03 -1.000 1.489e-02 -1.616 -1.236 -0.485 -2.084
0.01471 0.00000 9.40000 1.5609058142 2.5436775997    1.559  2.592  3.6061  1.415    3  0.000  0.368    10.27     7.39     5.26     3.98     3.24  4 -1.52e-10      0.00 6.891e-01 2.960e-01 1.767e-03 1.751e-03 6.403e-03 -1.000 1.489e-02 -1.711 -1.310 -0.544 -2.168
0.01471 0.00000 9.40000 1.5610523224 2.5436886120    1.559  2.631  3.6030  1.363    3  0.000  0.368    11.40     8.11     5.75     4.36     3.55  4 -1.76e-10      0.00 6.891e-01 2.960e-01 1.767e-03 1.751e-03 6.403e-03 -1.000 1.489e-02 -1.809 -1.386 -0.604 -2.253
0.01471 0.00000 9.40000 1.5611872673 2.5436987530    1.559  2.670  3.6000  1.313    3  0.000  0.368    12.62     8.88     6.27     4.76     3.87  4 -2.04e-10      0.00 6.891e-01 2.960e-01 1.767e-03 1.751e-03 6.402e-03 -1.000 1.489e-02 -1.904 -1.461 -0.663 -2.338
0.01471 0.00000 9.40000 1.5613120794 2.5437081308    1.559  2.707  3.5968  1.263    3  0.000  0.368    13.97     9.73     6.84     5.20     4.23  4 -2.35e-10      0.00 6.891e-01 2.960e-01 1.767e-03 1.751e-03 6.402e-03 -1.000 1.489e-02 -1.998 -1.529 -0.712 -2.417
0.01471 0.00000 9.40000 1.5614317656 2.5437171218    1.559  2.745  3.5937  1.212    3  0.000  0.368    15.48    10.66     7.46     5.68     4.63  4 -2.73e-10      0.00 6.891e-01 2.960e-01 1.767e-03 1.751e-03 6.402e-03 -1.000 1.489e-02 -2.093 -1.599 -0.764 -2.499
0.01471 0.00000 9.40000 1.5615421534 2.5437254129    1.559  2.783  3.5906  1.162    3  0.000  0.368    17.12    11.67     8.13     6.20     5.05  4 -3.15e-10      0.00 6.891e-01 2.960e-01 1.767e-03 1.751e-03 6.402e-03 -1.000 1.489e-02 -2.187 -1.668 -0.815 -2.578
0.01471 0.00000 9.40000 1.5616441965 2.5437330761    1.559  2.819  3.5873  1.113    3  0.000  0.368    18.92    12.76     8.85     6.76     5.51  4 -3.62e-10      0.00 6.891e-01 2.960e-01 1.766e-03 1.752e-03 6.402e-03 -1.000 1.489e-02 -2.278 -1.730 -0.854 -2.653
0.01471 0.00000 9.40000 1.5617406368 2.5437403174    1.559  2.856  3.5842  1.064    3  0.000  0.368    20.90    13.94     9.64     7.37     6.00  4 -4.17e-10      0.00 6.891e-01 2.960e-01 1.766e-03 1.752e-03 6.402e-03 -1.000 1.489e-02 -2.369 -1.792 -0.894 -2.729
0.01471 0.00000 9.40000 1.5618321896 2.5437471908    1.559  2.892  3.5810  1.014    3  0.000  0.368    23.10    15.24    10.50     8.03     6.55  4 -4.81e-10      0.00 6.891e-01 2.960e-01 1.766e-03 1.752e-03 6.402e-03 -1.000 1.489e-02 -2.461 -1.855 -0.934 -2.804
0.01471 0.00000 9.40000 1.5619329214 2.5437547523    1.559  2.935  3.5770  0.955    3  0.000  0.368    26.03    16.96    11.62     8.91     7.26  3 -5.68e-10      0.00 6.891e-01 2.960e-01 1.766e-03 1.752e-03 6.402e-03 -1.000 1.489e-02 -2.568 -1.917 -0.960 -2.886
0.01471 0.00000 9.40000 1.5620287657 2.5437619458    1.558  2.979  3.5729  0.896    3  0.000  0.368    29.37    18.89    12.88     9.89     8.07  3 -6.73e-10      0.00 6.891e-01 2.960e-01 1.766e-03 1.752e-03 6.402e-03 -1.000 1.489e-02 -2.676 -1.980 -0.981 -2.968
0.01471 0.00000 9.40000 1.5621181726 2.5437686553    1.558  3.022  3.5688  0.836    3  0.000  0.368    33.13    21.04    14.28    10.98     8.96  3 -7.97e-10      0.00 6.891e-01 2.961e-01 1.766e-03 1.752e-03 6.401e-03 -1.000 1.489e-02 -2.784 -2.038 -0.995 -3.048
0.01471 0.00000 9.40000 1.5622012615 2.5437748898    1.558  3.064  3.5647  0.777    3  0.000  0.368    37.33    23.41    15.81    12.18     9.94  3 -9.43e-10      0.00 6.891e-01 2.961e-01 1.766e-03 1.752e-03 6.401e-03 -1.000 1.489e-02 -2.890 -2.088 -0.991 -3.123
0.01471 0.00000 9.40000 1.5622781515 2.5437806585    1.558  3.106  3.5605  0.718    3  0.000  0.368    42.04    26.02    17.49    13.50    11.01  3 -1.11e-09      0.00 6.891e-01 2.961e-01 1.766e-03 1.752e-03 6.401e-03 -1.000 1.489e-02 -2.995 -2.137 -0.985 -3.195
0.01471 0.00000 9.40000 1.5623500347 2.5437860510    1.557  3.147  3.5563  0.660    3  0.000  0.368    47.30    28.92    19.34    14.95    12.20  3 -1.31e-09      0.00 6.891e-01 2.961e-01 1.766e-03 1.752e-03 6.401e-03 -1.000 1.489e-02 -3.099 -2.175 -0.953 -3.260
0.01471 0.00000 9.40000 1.5624157190 2.5437909780    1.557  3.188  3.5521  0.603    3  0.000  0.368    53.08    32.05    21.34    16.52    13.49  2 -1.54e-09      0.00 6.891e-01 2.961e-01 1.766e-03 1.753e-03 6.401e-03 -1.000 1.489e-02 -3.199 -2.209 -0.915 -3.320
0.01471 0.00000 9.40000 1.5624790192 2.5437957257    1.556  3.228  3.5478  0.545    3  0.000  0.368    59.69    35.59    23.59    18.28    14.93  2 -1.82e-09      0.00 6.891e-01 2.961e-01 1.766e-03 1.753e-03 6.401e-03 -1.000 1.489e-02 -3.300 -2.236 -0.859 -3.375
0.01471 0.00000 9.40000 1.5625375509 2.5438001153    1.556  3.267  3.5435  0.488    3  0.000  0.368    66.94    39.43    26.01    20.19    16.50  2 -2.13e-09      0.00 6.890e-01 2.961e-01 1.766e-03 1.753e-03 6.401e-03 -1.000 1.489e-02 -3.399 -2.254 -0.785 -3.422
0.01471 0.00000 9.40000 1.5625935793 2.5438043169    1.555  3.306  3.5392  0.432    3  0.000  0.368    74.99    43.63    28.65    22.28    18.21  2  -2.5e-09      0.00 6.890e-01 2.961e-01 1.766e-03 1.753e-03 6.401e-03 -1.000 1.489e-02 -3.495 -2.267 -0.699 -3.465
0.01471 0.00000 9.40000 1.5626404285 2.5438078298    1.555  3.337  3.5357  0.387    3  0.000  0.368    82.21    47.37    30.99    24.12    19.72  2 -2.85e-09      0.00 6.890e-01 2.961e-01 1.766e-03 1.753e-03 6.401e-03 -1.000 1.489e-02 -3.574 -2.269 -0.612 -3.491
0.01471 0.00000 9.40000 1.5626404285 2.5438078298    1.554  1.734  3.6802  2.569    4  0.000  0.369     0.00     0.00     0.00     0.00     0.00 -1    -1e-30      0.00 6.881e-01 2.970e-01 1.774e-03 1.733e-03 6.406e-03 -1.000 1.489e-02 0.435 0.479 0.992 -0.194
0.01471 0.00000 9.40000 1.5632636547 2.5438545388    1.555  1.749  3.6790  2.548    4  0.000  0.369     0.00     0.00     0.00     0.00     0.00 -1    -1e-30      0.00 6.881e-01 2.970e-01 1.774e-03 1.734e-03 6.406e-03 -1.000 1.489e-02 0.397 0.444 0.961 -0.232
0.01471 0.00000 9.40000 1.5639513731 2.5439060316    1.556  1.756  3.6786  2.541    4  0.000  0.369     0.00     0.00     0.00     0.00     0.00 -1    -1e-30      0.00 6.881e-01 2.970e-01 1.774e-03 1.735e-03 6.405e-03 -1.000 1.489e-02 0.381 0.430 0.948 -0.247
0.01471 0.00000 9.40000 1.5646502972 2.5439583101    1.557  1.756  3.6788  2.542    4  0.000  0.369     0.00     0.00     0.00     0.00     0.00 -1    -1e-30      0.00 6.881e-01 2.970e-01 1.773e-03 1.736e-03 6.405e-03 -1.000 1.489e-02 0.381 0.429 0.946 -0.247
0.01471 0.00000 9.40000 1.5653445721 2.5440101877    1.557  1.755  3.6792  2.544    4  0.000  0.369     0.00     0.00     0.00     0.00     0.00 -1    -1e-30      0.00 6.881e-01 2.970e-01 1.773e-03 1.737e-03 6.404e-03 -1.000 1.489e-02 0.384 0.431 0.947 -0.245
0.01471 0.00000 9.40000 1.5659823418 2.5440577965    1.558  1.754  3.6795  2.547    4  0.000  0.369     0.00     0.00     0.00     0.00     0.00 -1    -1e-30      0.00 6.881e-01 2.970e-01 1.773e-03 1.738e-03 6.403e-03 -1.000 1.489e-02 0.386 0.432 0.947 -0.243
0.01471 0.00000 9.40000 1.5666681528 2.5441089418    1.559  1.753  3.6798  2.549    4  0.000  0.369     0.00     0.00     0.00     0.00     0.00 -1    -1e-30      0.00 6.881e-01 2.970e-01 1.772e-03 1.739e-03 6.403e-03 -1.000 1.489e-02 0.387 0.432 0.947 -0.242
0.01471 0.00000 9.40000 1.5673819780 2.5441621217    1.560  1.752  3.6801  2.551    4  0.000  0.369     0.00     0.00     0.00     0.00     0.00 -1    -1e-30      0.00 6.881e-01 2.970e-01 1.772e-03 1.740e-03 6.402e-03 -1.000 1.489e-02 0.389 0.433 0.946 -0.241
0.01471 0.00000 9.40000 1.5680721998 2.5442134901    1.560  1.752  3.6803  2.553    4  0.000  0.369     0.00     0.00     0.00     0.00     0.00 -1    -1e-30      0.00 6.881e-01 2.971e-01 1.772e-03 1.740e-03 6.401e-03 -1.000 1.489e-02 0.390 0.433 0.946 -0.240
0.01471 0.00000 9.40000 1.5687545538 2.5442642219    1.561  1.752  3.6806  2.554    4  0.000  0.369     0.00     0.00     0.00     0.00     0.00 -1    -1e-30      0.00 6.880e-01 2.971e-01 1.772e-03 1.741e-03 6.401e-03 -1.000 1.489e-02 0.391 0.433 0.945 -0.239
0.01471 0.00000 9.40000 1.5694782734 2.5443179737    1.562  1.752  3.6808  2.555    4  0.000  0.369     0.00     0.00     0.00     0.00     0.00 -1    -1e-30      0.00 6.880e-01 2.971e-01 1.771e-03 1.742e-03 6.400e-03 -1.000 1.489e-02 0.391 0.433 0.944 -0.239
0.01471 0.00000 9.40000 1.5701686144 2.5443691934    1.563  1.752  3.6811  2.556    4  0.000  0.369     0.00     0.00     0.00     0.00     0.00 -1    -1e-30      0.00 6.880e-01 2.971e-01 1.771e-03 1.743e-03 6.399e-03 -1.000 1.489e-02 0.391 0.432 0.943 -0.239
0.01471 0.00000 9.40000 1.5708315372 2.5444183300    1.563  1.752  3.6813  2.557    4  0.000  0.369     0.00     0.00     0.00     0.00     0.00 -1    -1e-30      0.00 6.880e-01 2.971e-01 1.771e-03 1.744e-03 6.399e-03 -1.000 1.489e-02 0.390 0.431 0.941 -0.240
0.01471 0.00000 9.40000 1.5714976788 2.5444676572    1.564  1.752  3.6815  2.558    4  0.000  0.369     0.00     0.00     0.00     0.00     0.00 -1    -1e-30      0.00 6.880e-01 2.971e-01 1.770e-03 1.745e-03 6.398e-03 -1.000 1.489e-02 0.390 0.429 0.939 -0.241
0.01471 0.00000 9.40000 1.5722266436 2.5445215813    1.565  1.753  3.6816  2.558    4  0.000  0.369     0.00     0.00     0.00     0.00     0.00 -1    -1e-30      0.00 6.880e-01 2.971e-01 1.770e-03 1.746e-03 6.397e-03 -1.000 1.489e-02 0.388 0.427 0.937 -0.242
0.01471 0.00000 9.40000 1.5723810196 2.5445329937    1.565  1.753  3.6817  2.558    4  0.000  0.369     0.00     0.00     0.00     0.00     0.00 -1    -1e-30      0.00 6.880e-01 2.971e-01 1.770e-03 1.746e-03 6.397e-03 -1.000 1.489e-02 0.388 0.427 0.936 -0.243
0.01471 0.00000 9.40000 1.5724674463 2.5445393817    1.565  1.753  3.6817  2.558    4  0.000  0.369     0.00     0.00     0.00     0.00     0.00 -1    -1e-30      0.00 6.880e-01 2.971e-01 1.770e-03 1.746e-03 6.397e-03 -1.000 1.489e-02 0.388 0.427 0.936 -0.243
0.01471 0.00000 9.40000 1.5731562376 2.5445902633    1.566  1.754  3.6818  2.559    4  0.000  0.369     0.00     0.00     0.00     0.00     0.00 -1    -1e-30      0.00 6.880e-01 2.971e-01 1.770e-03 1.747e-03 6.397e-03 -1.000 1.489e-02 0.386 0.425 0.933 -0.245
0.01471 0.00000 9.40000 1.5738294125 2.5446399419    1.566  1.754  3.6820  2.559    4  0.000  0.369     0.00     0.00     0.00     0.00     0.00 -1    -1e-30      0.00 6.880e-01 2.971e-01 1.769e-03 1.748e-03 6.396e-03 -1.000 1.489e-02 0.384 0.422 0.931 -0.247
0.01471 0.00000 9.40000 1.5745289326 2.5446915128    1.567  1.755  3.6821  2.558    4  0.000  0.369     0.00     0.00     0.00     0.00     0.00 -1    -1e-30      0.00 6.880e-01 2.972e-01 1.769e-03 1.749e-03 6.395e-03 -1.000 1.489e-02 0.382 0.420 0.928 -0.249
0.01471 0.00000 9.40000 1.5752289295 2.5447430663    1.568  1.756  3.6822  2.558    4  0.000  0.369     0.00     0.00     0.00     0.00     0.00 -1    -1e-30      0.00 6.879e-01 2.972e-01 1.769e-03 1.750e-03 6.395e-03 -1.000 1.489e-02 0.379 0.417 0.925 -0.252
0.01471 0.00000 9.40000 1.5759161711 2.5447936290    1.569  1.758  3.6822  2.557    4  0.000  0.369     0.00     0.00     0.00     0.00     0.00 -1    -1e-30      0.00 6.879e-01 2.972e-01 1.768e-03 1.751e-03 6.394e-03 -1.000 1.489e-02 0.376 0.413 0.921 -0.255
0.01471 0.00000 9.40000 1.5766026974 2.5448440886    1.569  1.759  3.6823  2.556    4  0.000  0.369     0.00     0.00     0.00     0.00     0.00 -1    -1e-30      0.00 6.879e-01 2.972e-01 1.768e-03 1.752e-03 6.393e-03 -1.000 1.489e-02 0.372 0.409 0.917 -0.259
0.01471 0.00000 9.40000 1.5773023367 2.5448954599    1.570  1.761  3.6823  2.554    4  0.000  0.369     0.00     0.00     0.00     0.00     0.00 -1    -1e-30      0.00 6.879e-01 2.972e-01 1.768e-03 1.753e-03 6.393e-03 -1.000 1.489e-02 0.367 0.405 0.912 -0.264
0.01471 0.00000 9.40000 1.5774745941 2.5449081000    1.570  1.761  3.6822  2.553    4  0.000  0.369     0.00     0.00     0.00     0.00     0.00 -1    -1e-30      0.00 6.879e-01 2.972e-01 1.768e-03 1.753e-03 6.392e-03 -1.000 1.489e-02 0.366 0.403 0.911 -0.265
0.01471 0.00000 9.40000 1.5776144266 2.5449183584    1.570  1.762  3.6822  2.553    4  0.000  0.369     0.00     0.00     0.00     0.00     0.00 -1    -1e-30      0.00 6.879e-01 2.972e-01 1.768e-03 1.753e-03 6.392e-03 -1.000 1.489e-02 0.365 0.402 0.910 -0.266
0.01471 0.00000 9.40000 1.5783398151 2.5449715409    1.571  1.764  3.6822  2.551    4  0.000  0.369     0.00     0.00     0.00     0.00     0.00 -1    -1e-30      0.00 6.879e-01 2.972e-01 1.767e-03 1.754e-03 6.392e-03 -1.000 1.489e-02 0.359 0.397 0.905 -0.272
0.01471 0.00000 9.40000 1.5790320635 2.5450222413    1.572  1.767  3.6820  2.548    4  0.000  0.369     0.00     0.00     0.00     0.00     0.00 -1    -1e-30      0.00 6.879e-01 2.972e-01 1.767e-03 1.755e-03 6.391e-03 -1.000 1.489e-02 0.352 0.390 0.899 -0.279
0.01471 0.00000 9.40000 1.5797230005 2.5450727947    1.573  1.770  3.6819  2.544    4  0.000  0.369     0.00     0.00     0.00     0.00     0.00 -1    -1e-30      0.00 6.879e-01 2.972e-01 1.767e-03 1.756e-03 6.390e-03 -1.000 1.489e-02 0.345 0.383 0.892 -0.286
0.01471 0.00000 9.40000 1.5804172754 2.5451235412    1.573  1.774  3.6816  2.540    4  0.000  0.369     0.00     0.00     0.00     0.00     0.00 -1    -1e-30      0.00 6.879e-01 2.972e-01 1.766e-03 1.757e-03 6.390e-03 -1.000 1.489e-02 0.335 0.375 0.884 -0.295
0.01471 0.00000 9.40000 1.5811071396 2.5451739145    1.574  1.778  3.6813  2.534    4  0.000  0.368     0.00     0.00     0.00     0.00     0.00 -1    -1e-30      0.00 6.879e-01 2.973e-01 1.766e-03 1.758e-03 6.389e-03 -1.000 1.489e-02 0.325 0.365 0.875 -0.305
0.01471 0.00000 9.40000 1.5818084478 2.5452250716    1.575  1.783  3.6810  2.528    4  0.000  0.368     0.00     0.00     0.00     0.00     0.00 -1    -1e-30      0.00 6.878e-01 2.973e-01 1.766e-03 1.759e-03 6.388e-03 -1.000 1.489e-02 0.313 0.354 0.865 -0.317
0.01471 0.00000 9.40000 1.5825028419 2.5452756730    1.576  1.788  3.6805  2.521    4  0.000  0.368     0.00     0.00     0.00     0.00     0.00 -1    -1e-30      0.00 6.878e-01 2.973e-01 1.765e-03 1.760e-03 6.388e-03 -1.000 1.489e-02 0.299 0.342 0.854 -0.330
0.01471 0.00000 9.40000 1.5831991434 2.5453263622    1.576  1.794  3.6801  2.515    4  0.000  0.368     0.00     0.00     0.00     0.00     0.00 -1    -1e-30      0.00 6.878e-01 2.973e-01 1.765e-03 1.760e-03 6.387e-03 -1.000 1.489e-02 0.286 0.330 0.843 -0.343
0.01471 0.00000 9.40000 1.5839300156 2.5453795128    1.577  1.801  3.6795  2.505    4  0.000  0.368     0.00     0.00     0.00     0.00     0.00 -1    -1e-30      0.00 6.878e-01 2.973e-01 1.765e-03 1.761e-03 6.386e-03 -1.000 1.489e-02 0.267 0.313 0.828 -0.361
0.01471 0.00000 9.40000 1.5846358538 2.5454307895    1.578  1.817  3.6780  2.483    4  0.000  0.368     0.00     0.00     0.00     0.00     0.00 -1    -1e-30      0.00 6.878e-01 2.973e-01 1.764e-03 1.762e-03 6.386e-03 -1.000 1.489e-02 0.226 0.277 0.797 -0.401
0.01471 0.00000 9.40000 1.5853444338 2.5454822125    1.579  1.850  3.6750  2.438    4  0.000  0.368     0.00     0.00     0.00     0.00     0.00 -1    -1e-30      0.00 6.878e-01 2.973e-01 1.764e-03 1.763e-03 6.385e-03 -1.000 1.489e-02 0.144 0.205 0.734 -0.481
0.01471 0.00000 9.40000 1.5857354403 2.5455105660    1.579  1.887  3.6717  2.389    4  0.000  0.368     0.00     0.00     0.00     0.00     0.00 -1    -1e-30      0.00 6.878e-01 2.973e-01 1.764e-03 1.764e-03 6.385e-03 -1.000 1.489e-02 0.054 0.126 0.664 -0.568
0.01471 0.00000 9.40000 1.5859416723 2.5455255142    1.579  1.924  3.6684  2.338    4  0.000  0.368     0.00     0.00     0.00     0.00     0.00 -1    -1e-30      0.00 6.878e-01 2.973e-01 1.764e-03 1.764e-03 6.385e-03 -1.000 1.489e-02 -0.040 0.044 0.593 -0.658
0.01471 0.00000 9.40000 1.5860421658 2.5455327966    1.579  1.959  3.6654  2.291    4  0.000  0.368     0.00     0.00     0.00     0.00     0.00 -1    -1e-30      0.00 6.878e-01 2.973e-01 1.764e-03 1.764e-03 6.384e-03 -1.000 1.489e-02 -0.127 -0.032 0.527 -0.741
0.01471 0.00000 9.40000 1.5860935450 2.5455365195    1.579  1.991  3.6626  2.248    4  0.000  0.368     0.00     0.00     0.00     0.00     0.00 -1    -1e-30      0.00 6.878e-01 2.973e-01 1.764e-03 1.764e-03 6.384e-03 -1.000 1.489e-02 -0.208 -0.102 0.465 -0.819
0.01471 0.00000 9.40000 1.5861244202 2.5455387565    1.580  2.027  3.6596  2.200    4  0.000  0.368     0.00     0.00     0.00     0.00     0.00 -1    -1e-30      0.00 6.878e-01 2.973e-01 1.764e-03 1.764e-03 6.384e-03 -1.000 1.489e-02 -0.298 -0.181 0.397 -0.905
0.01471 0.00000 9.40000 1.5861440897 2.5455401816    1.580  2.064  3.6565  2.150    4  0.000  0.368     0.00     0.00     0.00     0.00     0.00 -1    -1e-30      0.00 6.878e-01 2.973e-01 1.764e-03 1.764e-03 6.384e-03 -1.000 1.489e-02 -0.391 -0.261 0.327 -0.993
0.01471 0.00000 9.40000 1.5861568451 2.5455411057    1.580  2.099  3.6535  2.103    4  0.000  0.368     0.00     0.00     0.00     0.00     0.00 -1    -1e-30      0.00 6.878e-01 2.973e-01 1.764e-03 1.764e-03 6.384e-03 -1.000 1.489e-02 -0.479 -0.336 0.262 -1.076
0.01471 0.00000 9.40000 1.5861569643 2.5455411144    1.580  2.100  3.6535  2.103    7  0.000  0.368     0.00     0.00     0.00     0.00     0.00 -1    -1e-30      0.00 6.878e-01 2.973e-01 1.764e-03 1.764e-03 6.384e-03 -1.000 1.489e-02 -0.480 -0.338 0.261 -1.077
0.01471 0.00000 9.40000 1.5861581564 2.5455412008    1.580  2.104  3.6531  2.097    7  0.000  0.368     0.00     0.00     0.00     0.00     0.00 -1    -1e-30      0.00 6.878e-01 2.973e-01 1.764e-03 1.764e-03 6.384e-03 -1.000 1.489e-02 -0.491 -0.347 0.253 -1.087
0.01471 0.00000 9.40000 1.5861688852 2.5455419780    1.580  2.143  3.6500  2.045    7  0.000  0.368     0.00     0.00     0.00     0.00     0.00 -1    -1e-30      0.00 6.878e-01 2.973e-01 1.764e-03 1.764e-03 6.384e-03 -1.000 1.489e-02 -0.588 -0.431 0.179 -1.180
0.01471 0.00000 9.40000 1.5861797333 2.5455427640    1.580  2.183  3.6467  1.993    7  0.000  0.368     0.00     0.00     0.00     0.00     0.00 -1    -1e-30      0.00 6.878e-01 2.973e-01 1.764e-03 1.764e-03 6.384e-03 -1.000 1.489e-02 -0.687 -0.515 0.107 -1.273
0.01471 0.00000 9.40000 1.5861951113 2.5455438780    1.580  2.215  3.6441  1.950    7  0.000  0.368     0.00     0.00     0.00     0.00     0.00 -1    -1e-30      0.00 6.878e-01 2.973e-01 1.764e-03 1.764e-03 6.384e-03 -1.000 1.489e-02 -0.769 -0.584 0.047 -1.348
0.01471 0.00000 9.40000 1.5862226486 2.5455458729    1.580  2.199  3.6455  1.972    7  0.000  0.368     0.00     0.00     0.00     0.00     0.00 -1    -1e-30      0.00 6.878e-01 2.973e-01 1.764e-03 1.764e-03 6.384e-03 -1.000 1.489e-02 -0.727 -0.550 0.077 -1.310
0.01471 0.00000 9.40000 1.5862736702 2.5455495689    1.580  2.155  3.6491  2.030    7  0.000  0.368     0.00     0.00     0.00     0.00     0.00 -1 -1.01e-30      0.00 6.878e-01 2.973e-01 1.764e-03 1.764e-03 6.384e-03 -1.000 1.489e-02 -0.617 -0.456 0.158 -1.207
0.01471 0.00000 9.40000 1.5867952108 2.5455873334    1.580  2.146  3.6498  2.042    7  0.000  0.368     0.00     0.00     0.00     0.00     0.00 -1  -2.7e-13      0.00 6.878e-01 2.968e-01 1.763e-03 1.765e-03 6.384e-03 -1.000 1.539e-02 -0.595 -0.438 0.173 -1.187
0.01471 0.00000 9.40000 1.5871402025 2.5456122985    1.580  2.186  3.6466  1.989    7  0.000  0.368     0.00     0.00     0.00     0.00     0.00 -1 -2.08e-10      0.00 6.878e-01 2.968e-01 1.763e-03 1.766e-03 6.383e-03 -1.000 1.546e-02 -0.694 -0.521 0.102 -1.279
0.01471 0.00000 9.40000 1.5874085426 2.5456317080    1.580  2.227  3.6432  1.935    7  0.000  0.368     0.00     0.00     0.00     0.00     0.00 -1 -2.56e-10      0.00 6.878e-01 2.968e-01 1.763e-03 1.766e-03 6.383e-03 -1.000 1.546e-02 -0.796 -0.608 0.026 -1.374
0.01471 0.00000 9.40000 1.5876250267 2.5456473612    1.580  2.267  3.6399  1.881    7  0.000  0.368     0.00     0.00     0.00     0.00     0.00 -1 -3.15e-10      0.00 6.878e-01 2.968e-01 1.763e-03 1.766e-03 6.383e-03 -1.000 1.546e-02 -0.898 -0.693 -0.049 -1.467
0.01471 0.00000 9.40000 1.5878080130 2.5456605885    1.580  2.308  3.6365  1.827    7  0.000  0.368     0.00     0.00     0.00     0.00     0.00 -1 -3.86e-10      0.00 6.878e-01 2.968e-01 1.763e-03 1.766e-03 6.383e-03 -1.000 1.546e-02 -0.999 -0.778 -0.121 -1.559
0.01471 0.00000 9.40000 1.5879666805 2.5456720551    1.580  2.348  3.6332  1.773    7  0.000  0.368     0.00     0.00     0.00     0.00     0.00 -1 -4.74e-10      0.00 6.877e-01 2.968e-01 1.763e-03 1.767e-03 6.383e-03 -1.000 1.546e-02 -1.101 -0.862 -0.195 -1.651
0.01471 0.00000 9.40000 1.5881044865 2.5456820118    1.580  2.389  3.6298  1.719    7  0.000  0.368     0.00     0.00     0.00     0.00     0.00 -1 -5.73e-10      0.00 6.877e-01 2.968e-01 1.763e-03 1.767e-03 6.383e-03 -1.000 1.546e-02 -1.203 -0.947 -0.269 -1.744
0.01471 0.00000 9.40000 1.5882251263 2.5456907267    1.580  2.430  3.6265  1.665    7  0.000  0.368     0.00     0.00     0.00     0.00     0.00 -1 -6.99e-10      0.00 6.877e-01 2.968e-01 1.763e-03 1.767e-03 6.382e-03 -1.000 1.546e-02 -1.305 -1.030 -0.341 -1.834
0.01471 0.00000 9.40000 1.5883328915 2.5456985102    1.579  2.470  3.6232  1.611    7  0.000  0.368     0.00     0.00     0.00     0.00     0.00 -1 -8.53e-10      0.00 6.877e-01 2.968e-01 1.763e-03 1.767e-03 6.382e-03 -1.000 1.546e-02 -1.406 -1.112 -0.413 -1.924
0.01471 0.00000 9.40000 1.5884310007 2.5457055953    1.579  2.511  3.6198  1.557    7  0.000  0.368     7.74     5.73     4.13     3.11     2.53  4 -1.05e-09      0.00 6.877e-01 2.968e-01 1.763e-03 1.767e-03 6.382e-03 -1.000 1.546e-02 -1.506 -1.194 -0.485 -2.013
0.01471 0.00000 9.40000 1.5885214806 2.5457121285    1.579  2.551  3.6165  1.503    7  0.000  0.368     8.63     6.32     4.53     3.42     2.78  4 -1.27e-09      0.00 6.877e-01 2.968e-01 1.763e-03 1.767e-03 6.382e-03 -1.000 1.546e-02 -1.607 -1.274 -0.554 -2.101
0.01471 0.00000 9.40000 1.5885863304 2.5457168105    1.578  2.581  3.6124  1.456    7  0.000  0.368     9.49     6.88     4.91     3.71     3.02  4 -1.47e-09      0.00 6.877e-01 2.968e-01 1.763e-03 1.768e-03 6.382e-03 -1.000 1.546e-02 -1.683 -1.325 -0.587 -2.163
0.01471 0.00000 9.40000 1.5886659622 2.5457225592    1.578  2.622  3.6071  1.394    7  0.000  0.368    10.75     7.69     5.46     4.14     3.37  4 -1.78e-09      0.00 6.877e-01 2.968e-01 1.762e-03 1.768e-03 6.382e-03 -1.000 1.546e-02 -1.785 -1.391 -0.628 -2.245
0.01471 0.00000 9.40000 1.5887380838 2.5457277651    1.577  2.662  3.6037  1.341    7  0.000  0.368    11.99     8.48     5.99     4.55     3.70  4 -2.16e-09      0.00 6.877e-01 2.968e-01 1.761e-03 1.769e-03 6.382e-03 -1.000 1.546e-02 -1.884 -1.467 -0.687 -2.332
0.01471 0.00000 9.40000 1.5888097286 2.5457329361    1.576  2.702  3.6003  1.287    7  0.000  0.368    13.35     9.34     6.57     4.99     4.07  4 -2.62e-09      0.00 6.877e-01 2.968e-01 1.760e-03 1.770e-03 6.382e-03 -1.000 1.546e-02 -1.984 -1.543 -0.747 -2.419
0.01471 0.00000 9.40000 1.5888816118 2.5457381237    1.576  2.742  3.5968  1.232    7  0.000  0.367    14.91    10.31     7.22     5.50     4.48  4 -3.16e-09      0.00 6.877e-01 2.968e-01 1.757e-03 1.773e-03 6.382e-03 -1.000 1.545e-02 -2.085 -1.616 -0.799 -2.505
0.01471 0.00000 9.40000 1.5889519453 2.5457431990    1.575  2.783  3.5931  1.176    7  0.000  0.366    16.72    11.41     7.96     6.07     4.94  4 -3.85e-09      0.00 6.877e-01 2.969e-01 1.754e-03 1.777e-03 6.382e-03 -1.000 1.541e-02 -2.189 -1.690 -0.851 -2.592
0.01471 0.00000 9.40000 1.5890134573 2.5457476373    1.574  2.828  3.5891  1.115    7  0.000  0.366    18.89    12.73     8.84     6.74     5.50  4 -4.72e-09      0.00 6.877e-01 2.969e-01 1.751e-03 1.780e-03 6.382e-03 -1.000 1.541e-02 -2.299 -1.767 -0.903 -2.684
0.01471 0.00000 9.40000 1.5890552998 2.5457506561    1.573  2.873  3.5850  1.054    7  0.000  0.365    21.39    14.22     9.83     7.51     6.12  4 -5.85e-09      0.00 6.877e-01 2.969e-01 1.748e-03 1.784e-03 6.382e-03 -1.000 1.541e-02 -2.411 -1.841 -0.949 -2.775
0.01471 0.00000 9.40000 1.5890831947 2.5457526686    1.572  2.914  3.5811  0.997    7  0.000  0.365    24.02    15.78    10.85     8.31     6.77  3 -7.08e-09      0.00 6.877e-01 2.969e-01 1.746e-03 1.787e-03 6.382e-03 -1.000 1.541e-02 -2.516 -1.910 -0.990 -2.859
0.01471 0.00000 9.40000 1.5891072750 2.5457544057    1.571  2.956  3.5771  0.939    7  0.000  0.364    26.99    17.51    11.98     9.19     7.49  3 -8.52e-09      0.00 6.877e-01 2.969e-01 1.743e-03 1.790e-03 6.382e-03 -1.000 1.541e-02 -2.619 -1.970 -1.012 -2.938
0.01471 0.00000 9.40000 1.5891290903 2.5457559795    1.570  2.997  3.5729  0.881    7  0.000  0.364    30.35    19.45    13.25    10.17     8.30  3 -1.03e-08      0.00 6.877e-01 2.969e-01 1.742e-03 1.792e-03 6.382e-03 -1.000 1.541e-02 -2.722 -2.025 -1.026 -3.014
0.01471 0.00000 9.40000 1.5891493559 2.5457574414    1.569  3.037  3.5688  0.824    7  0.000  0.364    34.03    21.54    14.61    11.23     9.17  3 -1.23e-08      0.00 6.877e-01 2.969e-01 1.741e-03 1.793e-03 6.382e-03 -1.000 1.541e-02 -2.822 -2.076 -1.032 -3.086
0.01471 0.00000 9.40000 1.5891692638 2.5457588774    1.568  3.078  3.5644  0.765    7  0.000  0.363    38.37    23.98    16.18    12.47    10.17  3 -1.48e-08      0.00 6.877e-01 2.969e-01 1.740e-03 1.794e-03 6.382e-03 -1.000 1.541e-02 -2.926 -2.121 -1.020 -3.156
0.01471 0.00000 9.40000 1.5891872644 2.5457601759    1.567  3.116  3.5604  0.711    7  0.000  0.363    42.77    26.42    17.75    13.70    11.18  3 -1.77e-08      0.00 6.877e-01 2.969e-01 1.739e-03 1.794e-03 6.382e-03 -1.000 1.541e-02 -3.019 -2.159 -1.005 -3.218
0.01471 0.00000 9.40000 1.5892100334 2.5457618182    1.565  3.157  3.5558  0.650    7  0.000  0.363    48.31    29.46    19.70    15.22    12.43  3 -2.12e-08      0.00 6.877e-01 2.969e-01 1.739e-03 1.795e-03 6.381e-03 -1.000 1.541e-02 -3.123 -2.190 -0.959 -3.279
0.01471 0.00000 9.40000 1.5892336369 2.5457635207    1.562  3.196  3.5514  0.594    7  0.000  0.363    54.17    32.64    21.72    16.81    13.73  2  -2.5e-08      0.00 6.877e-01 2.969e-01 1.739e-03 1.795e-03 6.381e-03 -1.000 1.541e-02 -3.219 -2.217 -0.909 -3.333
0.01471 0.00000 9.40000 1.5892585516 2.5457653177    1.559  3.231  3.5472  0.541    7  0.000  0.363    60.24    35.88    23.77    18.43    15.05  2 -2.93e-08      0.00 6.877e-01 2.969e-01 1.739e-03 1.795e-03 6.381e-03 -1.000 1.541e-02 -3.307 -2.231 -0.842 -3.375
0.01471 0.00000 9.40000 1.5892637968 2.5457656960    1.558  3.184  3.5525  0.609    7  0.000  0.363    52.45    31.71    21.13    16.35    13.35  2  -2.4e-08      0.00 6.877e-01 2.969e-01 1.739e-03 1.795e-03 6.381e-03 -1.000 1.541e-02 -3.189 -2.205 -0.917 -3.314
0.01471 0.00000 9.40000 1.5892639160 2.5457657046    1.558  3.173  3.5536  0.624    7  0.000  0.363    50.89    30.86    20.59    15.92    13.00  3 -2.29e-08      0.00 6.877e-01 2.969e-01 1.739e-03 1.795e-03 6.381e-03 -1.000 1.541e-02 -3.163 -2.196 -0.928 -3.298
0.01471 0.00000 9.40000 1.5892640352 2.5457657132    1.558  3.178  3.5531  0.617    7  0.000  0.363    51.61    31.25    20.83    16.12    13.16  3 -2.34e-08      0.00 6.877e-01 2.969e-01 1.739e-03 1.795e-03 6.381e-03 -1.000 1.541e-02 -3.175 -2.200 -0.923 -3.305
0.01471 0.00000 9.40000 1.5892641544 2.5457657218    1.558  3.187  3.5521  0.604    7  0.000  0.363    53.03    32.02    21.32    16.50    13.48  2 -2.44e-08      0.00 6.877e-01 2.969e-01 1.739e-03 1.795e-03 6.381e-03 -1.000 1.541e-02 -3.198 -2.208 -0.913 -3.319
0.01471 0.00000 9.40000 1.5892646313 2.5457657562    1.558  3.192  3.5516  0.597    7  0.000  0.363    53.73    32.40    21.56    16.69    13.63  2 -2.49e-08      0.00 6.877e-01 2.969e-01 1.739e-03 1.795e-03 6.381e-03 -1.000 1.541e-02 -3.210 -2.212 -0.910 -3.327
0.01471 0.00000 9.40000 1.5892654657 2.5457658163    1.558  3.189  3.5520  0.602    7  0.000  0.363    53.25    32.14    21.40    16.56    13.52  2 -2.46e-08      0.00 6.877e-01 2.969e-01 1.739e-03 1.795e-03 6.381e-03 -1.000 1.541e-02 -3.202 -2.210 -0.914 -3.322
0.01471 0.00000 9.40000 1.5892661810 2.5457658679    1.558  3.183  3.5528  0.611    7  0.000  0.363    52.25    31.60    21.06    16.29    13.30  2 -2.38e-08      0.00 6.877e-01 2.969e-01 1.739e-03 1.795e-03 6.381e-03 -1.000 1.541e-02 -3.186 -2.207 -0.923 -3.314
0.01471 0.00000 9.40000 1.5892672539 2.5457659453    1.558  3.185  3.5525  0.608    7  0.000  0.363    52.57    31.77    21.17    16.38    13.37  2 -2.41e-08      0.00 6.877e-01 2.969e-01 1.739e-03 1.795e-03 6.381e-03 -1.000 1.541e-02 -3.191 -2.207 -0.920 -3.316
0.01471 0.00000 9.40000 1.5892683268 2.5457660227    1.558  3.214  3.5490  0.564    7  0.000  0.363    57.43    34.39    22.82    17.68    14.44  2 -2.73e-08      0.00 6.877e-01 2.969e-01 1.739e-03 1.795e-03 6.381e-03 -1.000 1.541e-02 -3.266 -2.224 -0.874 -3.356
0.01471 0.00000 9.40000 1.5892697573 2.5457661259    1.558  3.251  3.5448  0.510    7  0.000  0.363    64.10    37.93    25.07    19.45    15.89  2 -3.19e-08      0.00 6.877e-01 2.969e-01 1.739e-03 1.795e-03 6.381e-03 -1.000 1.541e-02 -3.359 -2.237 -0.796 -3.397
0.01471 0.00000 9.40000 1.5892716646 2.5457662634    1.557  3.292  3.5398  0.449    7  0.000  0.363    72.49    42.33    27.84    21.63    17.68  2 -3.81e-08      0.00 6.877e-01 2.969e-01 1.739e-03 1.795e-03 6.381e-03 -1.000 1.541e-02 -3.461 -2.247 -0.696 -3.440
0.01471 0.00000 9.40000 1.5892741680 2.5457664440    1.557  3.339  3.5341  0.379    7  0.000  0.363    83.53    48.04    31.41    24.46    19.99  2 -4.66e-08      0.00 6.877e-01 2.969e-01 1.739e-03 1.795e-03 6.381e-03 -1.000 1.541e-02 -3.578 -2.239 -0.542 -3.472
0.01471 0.00000 9.40000 1.5892773867 2.5457666761    1.556  3.385  3.5284  0.311    7  0.525  0.363    95.86    54.33    35.33    27.56    22.53  2 -5.63e-08      0.00 6.877e-01 2.969e-01 1.739e-03 1.795e-03 6.381e-03 -1.000 1.541e-02 -3.691 -2.222 -0.377 -3.493
0.01471 0.00000 9.40000 1.5892827511 2.5457670630    1.555  3.424  3.5233  0.251    7  0.525  0.363   108.35    60.60    39.21    30.64    25.05  2 -6.72e-08      0.00 6.877e-01 2.969e-01 1.739e-03 1.795e-03 6.381e-03 -1.000 1.541e-02 -3.790 -2.187 -0.196 -3.490
0.01471 0.00000 9.40000 1.5892829895 2.5457670802    1.554  3.424  3.5233  0.251    8  0.525  0.382   108.35    60.60    39.21    30.64    25.06  2 -6.69e-08      0.00 6.877e-01 2.974e-01 1.839e-03 1.796e-03 6.418e-03 -1.000 1.488e-02 -3.790 -2.187 -0.196 -3.490
0.01471 0.00000 9.40000 1.5892833471 2.5457671060    1.554  3.162  3.5543  0.636    8  0.525  0.382    49.61    30.17    20.14    15.58    12.72  3 -2.21e-08      0.00 6.877e-01 2.974e-01 1.839e-03 1.796e-03 6.418e-03 -1.000 1.488e-02 -3.136 -2.180 -0.924 -3.278
0.01471 0.00000 9.40000 1.5892834663 2.5457671146    1.554  3.084  3.5634  0.752    8  0.525  0.382    39.28    24.49    16.51    12.73    10.39  3 -1.57e-08      0.00 6.877e-01 2.974e-01 1.839e-03 1.796e-03 6.418e-03 -1.000 1.488e-02 -2.939 -2.121 -1.007 -3.162
0.01471 0.00000 9.40000 1.5892843008 2.5457671748    1.554  2.873  3.5878  1.060    8  0.525  0.382    21.06    14.04     9.70     7.42     6.04  4 -6.11e-09      0.00 6.877e-01 2.974e-01 1.839e-03 1.796e-03 6.418e-03 -1.000 1.488e-02 -2.413 -1.870 -0.997 -2.792
0.01471 0.00000 9.40000 1.5892852545 2.5457672436    1.554  2.884  3.5865  1.044    8  0.526  0.382    21.74    14.44     9.97     7.62     6.21  4 -6.41e-09      0.00 6.877e-01 2.974e-01 1.839e-03 1.796e-03 6.418e-03 -1.000 1.488e-02 -2.439 -1.884 -1.001 -2.811
0.01471 0.00000 9.40000 1.5892866850 2.5457673467    1.553  2.990  3.5740  0.887    8  0.526  0.382    29.85    19.17    13.06    10.03     8.18  3 -1.04e-08      0.00 6.877e-01 2.974e-01 1.839e-03 1.796e-03 6.418e-03 -1.000 1.488e-02 -2.705 -2.020 -1.032 -3.004
0.01471 0.00000 9.40000 1.5892885923 2.5457674843    1.553  3.150  3.5551  0.651    8  0.526  0.382    48.13    29.37    19.63    15.18    12.39  3  -2.1e-08      0.00 6.877e-01 2.974e-01 1.839e-03 1.796e-03 6.418e-03 -1.000 1.488e-02 -3.106 -2.163 -0.920 -3.255
0.01471 0.00000 9.40000 1.5892907381 2.5457676390    1.552  3.293  3.5383  0.441    8  0.526  0.382    73.61    42.91    28.20    21.92    17.91  2 -3.87e-08      0.00 6.877e-01 2.974e-01 1.839e-03 1.796e-03 6.418e-03 -1.000 1.488e-02 -3.462 -2.213 -0.625 -3.418
0.01471 0.00000 9.40000 1.5892932415 2.5457678196    1.552  3.388  3.5269  0.301    8  0.526  0.382    97.81    55.31    35.93    28.04    22.93  2 -5.77e-08      0.00 6.877e-01 2.974e-01 1.839e-03 1.796e-03 6.418e-03 -1.000 1.488e-02 -3.699 -2.191 -0.306 -3.471
0.01471 0.00000 9.40000 1.5892962217 2.5457680345    1.551  3.438  3.5208  0.226    8  0.527  0.382   113.81    63.32    40.89    31.97    26.15  2 -7.11e-08      0.00 6.877e-01 2.974e-01 1.839e-03 1.796e-03 6.418e-03 -1.000 1.488e-02 -3.824 -2.154 -0.092 -3.474
0.01471 0.00000 9.40000 1.5892995596 2.5457682753    1.550  3.460  3.5178  0.191    8  0.527  0.382   122.09    67.41    43.41    33.97    27.79  2 -7.82e-08      0.00 6.877e-01 2.974e-01 1.839e-03 1.796e-03 6.418e-03 -1.000 1.488e-02 -3.880 -2.117 0.040 -3.455
0.01471 0.00000 9.40000 1.5893033743 2.5457685504    1.549  3.472  3.5159  0.172    8  0.527  0.382   127.04    69.85    44.90    35.16    28.76  2 -8.22e-08      0.00 6.877e-01 2.974e-01 1.839e-03 1.796e-03 6.418e-03 -1.000 1.488e-02 -3.910 -2.087 0.130 -3.436
0.01471 0.00000 9.40000 1.5893034935 2.5457685590    1.549  3.285  3.5377  0.446    8  0.527  0.382    72.82    42.50    27.94    21.72    17.74  2 -3.75e-08      0.00 6.877e-01 2.974e-01 1.839e-03 1.796e-03 6.418e-03 -1.000 1.488e-02 -3.441 -2.181 -0.581 -3.389
0.01471 0.00000 9.40000 1.5893039703 2.5457685934    1.549  3.138  3.5548  0.661    8  0.527  0.382    47.15    28.83    19.29    14.91    12.17  3    -2e-08      0.00 6.877e-01 2.974e-01 1.839e-03 1.796e-03 6.418e-03 -1.000 1.488e-02 -3.075 -2.127 -0.879 -3.221
0.01471 0.00000 9.40000 1.5893046856 2.5457686449    1.548  2.928  3.5792  0.969    8  0.527  0.382    25.25    16.51    11.33     8.68     7.08  3  -7.9e-09      0.00 6.877e-01 2.974e-01 1.839e-03 1.796e-03 6.418e-03 -1.000 1.488e-02 -2.549 -1.925 -0.988 -2.882
0.01471 0.00000 9.40000 1.5893058777 2.5457687309    1.548  2.937  3.5780  0.954    8  0.528  0.382    26.01    16.96    11.62     8.91     7.26  3 -8.27e-09      0.00 6.877e-01 2.974e-01 1.839e-03 1.796e-03 6.418e-03 -1.000 1.488e-02 -2.574 -1.935 -0.988 -2.899
0.01471 0.00000 9.40000 1.5893074274 2.5457688427    1.548  3.042  3.5658  0.801    8  0.528  0.382    35.51    22.38    15.15    11.66     9.51  3 -1.32e-08      0.00 6.877e-01 2.974e-01 1.839e-03 1.796e-03 6.418e-03 -1.000 1.488e-02 -2.835 -2.048 -0.966 -3.076
0.01471 0.00000 9.40000 1.5893093348 2.5457689802    1.547  3.199  3.5473  0.570    8  0.528  0.382    56.72    34.00    22.58    17.50    14.29  2 -2.62e-08      0.00 6.877e-01 2.974e-01 1.839e-03 1.796e-03 6.418e-03 -1.000 1.488e-02 -3.228 -2.155 -0.770 -3.297
0.01471 0.00000 9.40000 1.5893117189 2.5457691522    1.546  3.339  3.5309  0.364    8  0.528  0.382    85.94    49.27    32.18    25.07    20.49  2 -4.73e-08      0.00 6.877e-01 2.974e-01 1.839e-03 1.796e-03 6.418e-03 -1.000 1.488e-02 -3.577 -2.169 -0.397 -3.423
0.01471 0.00000 9.40000 1.5893144608 2.5457693499    1.545  3.431  3.5200  0.228    8  0.529  0.382   113.24    63.02    40.70    31.83    26.03  2 -6.97e-08      0.00 6.877e-01 2.974e-01 1.839e-03 1.796e-03 6.418e-03 -1.000 1.488e-02 -3.808 -2.118 -0.036 -3.442
0.01471 0.00000 9.40000 1.5893176794 2.5457695820    1.544  3.479  3.5142  0.157    8  0.529  0.382   130.75    71.65    46.01    36.04    29.49  2 -8.51e-08      0.00 6.877e-01 2.974e-01 1.839e-03 1.796e-03 6.418e-03 -1.000 1.488e-02 -3.927 -2.049 0.222 -3.408
0.01471 0.00000 9.40000 1.5893213749 2.5457698486    1.543  3.499  3.5116  0.126    8  0.529  0.382   139.24    75.78    48.54    38.06    31.14  2 -9.27e-08      0.00 6.877e-01 2.974e-01 1.839e-03 1.796e-03 6.418e-03 -1.000 1.488e-02 -3.978 -2.015 0.341 -3.389
0.01471 0.00000 9.40000 1.5893254280 2.5457701409    1.542  3.509  3.5103  0.110    8  0.530  0.382   143.75    77.97    49.87    39.12    32.01  2 -9.67e-08      0.00 6.877e-01 2.974e-01 1.838e-03 1.796e-03 6.418e-03 -1.000 1.488e-02 -4.003 -1.994 0.408 -3.376
0.01471 0.00000 9.40000 1.5893255472 2.5457701495    1.542  3.329  3.5314  0.374    8  0.530  0.382    84.15    48.35    31.60    24.61    20.12  2 -4.58e-08      0.00 6.877e-01 2.974e-01 1.838e-03 1.796e-03 6.418e-03 -1.000 1.488e-02 -3.553 -2.154 -0.392 -3.405
0.01471 0.00000 9.40000 1.5893260241 2.5457701838    1.542  3.184  3.5484  0.588    8  0.530  0.382    54.57    32.85    21.85    16.92    13.82  2 -2.47e-08      0.00 6.877e-01 2.974e-01 1.838e-03 1.796e-03 6.418e-03 -1.000 1.488e-02 -3.189 -2.135 -0.772 -3.270
0.01471 0.00000 9.40000 1.5893268585 2.5457702440    1.541  2.973  3.5731  0.897    8  0.530  0.382    29.19    18.80    12.82     9.85     8.03  3 -9.84e-09      0.00 6.877e-01 2.974e-01 1.838e-03 1.796e-03 6.418e-03 -1.000 1.488e-02 -2.663 -1.969 -0.972 -2.956
0.01471 0.00000 9.40000 1.5893281698 2.5457703386    1.541  2.983  3.5719  0.882    8  0.530  0.382    30.05    19.29    13.14    10.10     8.24  3 -1.03e-08      0.00 6.877e-01 2.974e-01 1.838e-03 1.796e-03 6.418e-03 -1.000 1.488e-02 -2.687 -1.980 -0.972 -2.973
0.01471 0.00000 9.40000 1.5893298388 2.5457704589    1.540  3.086  3.5598  0.731    8  0.530  0.382    40.84    25.37    17.06    13.17    10.74  3 -1.62e-08      0.00 6.877e-01 2.974e-01 1.838e-03 1.796e-03 6.418e-03 -1.000 1.488e-02 -2.944 -2.075 -0.914 -3.138
0.01471 0.00000 9.40000 1.5893319845 2.5457706137    1.540  3.240  3.5415  0.504    8  0.531  0.382    64.74    38.26    25.27    19.62    16.02  2 -3.15e-08      0.00 6.877e-01 2.974e-01 1.838e-03 1.796e-03 6.418e-03 -1.000 1.488e-02 -3.330 -2.148 -0.641 -3.329
0.01471 0.00000 9.40000 1.5893346071 2.5457708028    1.539  3.377  3.5253  0.302    8  0.531  0.382    97.38    55.08    35.78    27.93    22.83  2 -5.61e-08      0.00 6.877e-01 2.974e-01 1.838e-03 1.796e-03 6.418e-03 -1.000 1.488e-02 -3.671 -2.122 -0.195 -3.412
0.01471 0.00000 9.40000 1.5893375874 2.5457710177    1.538  3.467  3.5146  0.169    8  0.531  0.382   127.57    70.08    45.04    35.28    28.86  2 -8.17e-08      0.00 6.877e-01 2.974e-01 1.838e-03 1.796e-03 6.418e-03 -1.000 1.488e-02 -3.896 -2.030 0.228 -3.386
0.01471 0.00000 9.40000 1.5893411636 2.5457712757    1.536  3.513  3.5090  0.100    8  0.532  0.382   146.66    79.36    50.72    39.80    32.57  2  -9.9e-08      0.00 6.877e-01 2.974e-01 1.838e-03 1.796e-03 6.418e-03 -1.000 1.488e-02 -4.012 -1.964 0.470 -3.353
0.01471 0.00000 9.40000 1.5893450975 2.5457715594    1.535  3.532  3.5065  0.070    8  0.533  0.382   155.64    83.67    53.35    41.90    34.29  2 -1.07e-07      0.00 6.877e-01 2.974e-01 1.838e-03 1.796e-03 6.418e-03 -1.000 1.488e-02 -4.060 -1.940 0.558 -3.340
0.01471 0.00000 9.40000 1.5893496275 2.5457718860    1.533  3.541  3.5053  0.056    8  0.533  0.382   160.15    85.83    54.66    42.94    35.15  2 -1.12e-07      0.00 6.877e-01 2.974e-01 1.838e-03 1.796e-03 6.418e-03 -1.000 1.488e-02 -4.082 -1.924 0.605 -3.331
0.01471 0.00000 9.40000 1.5893497467 2.5457718946    1.533  3.370  3.5256  0.308    8  0.533  0.382    96.20    54.47    35.41    27.63    22.59  2 -5.52e-08      0.00 6.877e-01 2.974e-01 1.838e-03 1.796e-03 6.418e-03 -1.000 1.488e-02 -3.656 -2.113 -0.193 -3.401
0.01471 0.00000 9.40000 1.5893503428 2.5457719376    1.533  3.226  3.5427  0.520    8  0.533  0.382    62.48    37.07    24.51    19.02    15.54  2 -3.01e-08      0.00 6.877e-01 2.974e-01 1.838e-03 1.796e-03 6.418e-03 -1.000 1.488e-02 -3.295 -2.135 -0.653 -3.309
0.01471 0.00000 9.40000 1.5893511772 2.5457719978    1.533  3.016  3.5677  0.830    8  0.533  0.382    33.37    21.19    14.37    11.06     9.02  3 -1.21e-08      0.00 6.877e-01 2.974e-01 1.838e-03 1.796e-03 6.418e-03 -1.000 1.488e-02 -2.771 -2.010 -0.953 -3.026
0.01471 0.00000 9.40000 1.5893526077 2.5457721009    1.532  3.026  3.5665  0.815    8  0.534  0.382    34.36    21.75    14.73    11.34     9.25  3 -1.27e-08      0.00 6.877e-01 2.974e-01 1.838e-03 1.796e-03 6.418e-03 -1.000 1.488e-02 -2.795 -2.018 -0.946 -3.041
0.01471 0.00000 9.40000 1.5893543959 2.5457722299    1.531  3.127  3.5545  0.666    8  0.534  0.382    46.49    28.48    19.06    14.73    12.03  3 -1.97e-08      0.00 6.877e-01 2.974e-01 1.838e-03 1.796e-03 6.418e-03 -1.000 1.488e-02 -3.047 -2.093 -0.840 -3.190
0.01471 0.00000 9.40000 1.5893566608 2.5457723932    1.530  3.278  3.5364  0.443    8  0.534  0.382    73.13    42.65    28.03    21.80    17.81  2 -3.76e-08      0.00 6.877e-01 2.974e-01 1.838e-03 1.796e-03 6.418e-03 -1.000 1.488e-02 -3.424 -2.134 -0.500 -3.351
0.01471 0.00000 9.40000 1.5893595219 2.5457725996    1.529  3.411  3.5203  0.245    8  0.535  0.382   109.22    61.00    39.44    30.84    25.22  2 -6.59e-08      0.00 6.877e-01 2.974e-01 1.838e-03 1.796e-03 6.418e-03 -1.000 1.488e-02 -3.757 -2.076 -0.004 -3.398
0.01471 0.00000 9.40000 1.5893627405 2.5457728317    1.528  3.499  3.5096  0.114    8  0.535  0.382   142.34    77.24    49.42    38.77    31.72  2 -9.49e-08      0.00 6.877e-01 2.974e-01 1.838e-03 1.796e-03 6.418e-03 -1.000 1.488e-02 -3.977 -1.949 0.467 -3.335
0.01471 0.00000 9.40000 1.5893665552 2.5457731068    1.526  3.543  3.5041  0.047    8  0.536  0.382   163.12    87.22    55.50    43.62    35.70  2 -1.14e-07      0.00 6.877e-01 2.974e-01 1.838e-03 1.796e-03 6.418e-03 -1.000 1.488e-02 -4.089 -1.894 0.667 -3.306
0.01471 0.00000 9.40000 1.5893708467 2.5457734162    1.525  3.562  3.5017  0.018    8  0.536  0.382   172.80    91.81    58.28    45.85    37.53  2 -1.24e-07      0.00 6.877e-01 2.974e-01 1.838e-03 1.796e-03 6.418e-03 -1.000 1.488e-02 -4.135 -1.862 0.764 -3.287
0.01471 0.00000 9.40000 1.5893756151 2.5457737601    1.523  3.570  3.5006  0.004    8  0.537  0.382   177.58    94.07    59.65    46.94    38.42  2 -1.28e-07      0.00 6.877e-01 2.974e-01 1.838e-03 1.796e-03 6.418e-03 -1.000 1.488e-02 -4.156 -1.845 0.814 -3.275
0.01471 0.00000 9.40000 1.5893757343 2.5457737687    1.523  3.411  3.5199  0.241    8  0.537  0.382   110.01    61.38    39.67    31.03    25.37  2 -6.68e-08      0.00 6.877e-01 2.974e-01 1.838e-03 1.796e-03 6.418e-03 -1.000 1.488e-02 -3.759 -2.065 0.020 -3.389
0.01471 0.00000 9.40000 1.5893763304 2.5457738117    1.522  3.269  3.5372  0.452    8  0.537  0.382    71.59    41.85    27.52    21.40    17.48  2 -3.68e-08      0.00 6.877e-01 2.974e-01 1.838e-03 1.796e-03 6.418e-03 -1.000 1.488e-02 -3.402 -2.129 -0.516 -3.340
0.01471 0.00000 9.40000 1.5893772840 2.5457738804    1.522  3.060  3.5625  0.762    8  0.538  0.382    38.18    23.89    16.11    12.43    10.14  3  -1.5e-08      0.00 6.877e-01 2.974e-01 1.838e-03 1.796e-03 6.418e-03 -1.000 1.488e-02 -2.880 -2.048 -0.923 -3.095
0.01471 0.00000 9.40000 1.5893787146 2.5457739836    1.521  3.070  3.5613  0.748    8  0.538  0.382    39.33    24.53    16.52    12.75    10.40  3 -1.57e-08      0.00 6.877e-01 2.974e-01 1.838e-03 1.796e-03 6.418e-03 -1.000 1.488e-02 -2.904 -2.056 -0.915 -3.110
0.01471 0.00000 9.40000 1.5893806219 2.5457741211    1.520  3.168  3.5492  0.600    8  0.538  0.382    53.01    32.01    21.31    16.50    13.47  2 -2.41e-08      0.00 6.877e-01 2.974e-01 1.838e-03 1.796e-03 6.418e-03 -1.000 1.488e-02 -3.151 -2.112 -0.767 -3.242
0.01471 0.00000 9.40000 1.5893831253 2.5457743017    1.519  3.316  3.5312  0.381    8  0.539  0.382    82.71    47.59    31.12    24.25    19.81  2 -4.51e-08      0.00 6.877e-01 2.974e-01 1.838e-03 1.796e-03 6.418e-03 -1.000 1.488e-02 -3.519 -2.117 -0.354 -3.369
0.01471 0.00000 9.40000 1.5893861055 2.5457745166    1.518  3.446  3.5152  0.187    8  0.539  0.382   122.65    67.62    43.51    34.08    27.88  2 -7.76e-08      0.00 6.877e-01 2.974e-01 1.838e-03 1.796e-03 6.418e-03 -1.000 1.488e-02 -3.844 -1.999 0.235 -3.352
0.01471 0.00000 9.40000 1.5893895626 2.5457747659    1.516  3.531  3.5046  0.058    8  0.540  0.382   159.13    85.28    54.31    42.68    34.93  2 -1.11e-07      0.00 6.877e-01 2.974e-01 1.838e-03 1.796e-03 6.418e-03 -1.000 1.488e-02 -4.058 -1.880 0.664 -3.290
0.01471 0.00000 9.40000 1.5893934965 2.5457750495    1.514  3.575  3.4991 -0.008    8  0.540  0.382   182.07    96.14    60.89    47.95    39.25  1 -1.33e-07      0.00 6.877e-01 2.974e-01 1.838e-03 1.796e-03 6.418e-03 -1.000 1.488e-02 -4.167 -1.811 0.881 -3.247
0.01471 0.00000 9.40000 1.5893980265 2.5457753762    1.512  3.593  3.4967 -0.037    8  0.541  0.382   192.93   101.23    63.96    50.41    41.27  0 -1.44e-07      0.00 6.877e-01 2.974e-01 1.838e-03 1.796e-03 6.418e-03 -1.000 1.488e-02 -4.213 -1.785 0.958 -3.230
0.01471 0.00000 9.40000 1.5894031525 2.5457757458    1.510  3.602  3.4954 -0.051    8  0.542  0.382   198.54   103.83    65.53    51.67    42.30  0 -1.49e-07      0.00 6.877e-01 2.974e-01 1.838e-03 1.796e-03 6.418e-03 -1.000 1.488e-02 -4.235 -1.770 0.998 -3.220
0.01471 0.00000 9.40000 1.5894032717 2.5457757544    1.509  3.456  3.5136  0.167    8  0.542  0.382   127.37    69.91    44.92    35.21    28.79  2 -8.22e-08      0.00 6.877e-01 2.974e-01 1.838e-03 1.796e-03 6.418e-03 -1.000 1.488e-02 -3.869 -1.970 0.319 -3.332
0.01471 0.00000 9.40000 1.5894038677 2.5457757974    1.509  3.315  3.5310  0.378    8  0.542  0.382    83.09    47.78    31.23    24.34    19.89  2 -4.59e-08      0.00 6.877e-01 2.974e-01 1.838e-03 1.796e-03 6.418e-03 -1.000 1.488e-02 -3.517 -2.111 -0.341 -3.364
0.01471 0.00000 9.40000 1.5894049406 2.5457758748    1.509  3.107  3.5568  0.688    8  0.542  0.382    44.24    27.25    18.26    14.12    11.52  3  -1.9e-08      0.00 6.877e-01 2.974e-01 1.838e-03 1.796e-03 6.418e-03 -1.000 1.488e-02 -2.998 -2.081 -0.867 -3.163
0.01471 0.00000 9.40000 1.5894063711 2.5457759779    1.508  3.117  3.5555  0.673    8  0.543  0.382    45.62    28.00    18.75    14.50    11.83  3 -1.98e-08      0.00 6.877e-01 2.974e-01 1.838e-03 1.796e-03 6.418e-03 -1.000 1.488e-02 -3.023 -2.086 -0.850 -3.175
0.01471 0.00000 9.40000 1.5894083977 2.5457761241    1.507  3.214  3.5434  0.528    8  0.543  0.382    61.25    36.41    24.09    18.70    15.27  2 -3.01e-08      0.00 6.877e-01 2.974e-01 1.838e-03 1.796e-03 6.418e-03 -1.000 1.488e-02 -3.264 -2.117 -0.650 -3.286
0.01471 0.00000 9.40000 1.5894107819 2.5457762960    1.505  3.357  3.5255  0.313    8  0.544  0.382    94.77    53.71    34.92    27.27    22.29  2 -5.51e-08      0.00 6.877e-01 2.974e-01 1.838e-03 1.796e-03 6.418e-03 -1.000 1.488e-02 -3.622 -2.077 -0.156 -3.366
0.01471 0.00000 9.40000 1.5894138813 2.5457765195    1.503  3.483  3.5096  0.122    8  0.544  0.382   139.50    75.80    48.52    38.08    31.15  2 -9.31e-08      0.00 6.877e-01 2.974e-01 1.838e-03 1.796e-03 6.418e-03 -1.000 1.488e-02 -3.938 -1.909 0.507 -3.295
0.01471 0.00000 9.40000 1.5894174576 2.5457767774    1.501  3.567  3.4989 -0.004    8  0.545  0.382   180.26    95.23    60.33    47.51    38.89  1 -1.31e-07      0.00 6.877e-01 2.974e-01 1.838e-03 1.796e-03 6.418e-03 -1.000 1.488e-02 -4.146 -1.787 0.906 -3.224
0.01471 0.00000 9.40000 1.5894215107 2.5457770696    1.499  3.610  3.4933 -0.070    8  0.546  0.382   206.08   107.28    67.60    53.33    43.66  0 -1.57e-07      0.00 6.877e-01 2.974e-01 1.838e-03 1.796e-03 6.418e-03 -1.000 1.488e-02 -4.254 -1.727 1.083 -3.185
0.01471 0.00000 9.40000 1.5894261599 2.5457774048    1.496  3.628  3.4907 -0.100    8  0.547  0.382   218.76   113.12    71.10    56.15    45.97  0  -1.7e-07      0.00 6.877e-01 2.974e-01 1.838e-03 1.796e-03 6.418e-03 -1.000 1.488e-02 -4.300 -1.696 1.167 -3.163
0.01471 0.00000 9.40000 1.5894314051 2.5457777831    1.493  3.637  3.4893 -0.116    8  0.548  0.382   225.82   116.35    73.04    57.70    47.25  0 -1.77e-07      0.00 6.877e-01 2.974e-01 1.838e-03 1.796e-03 6.418e-03 -1.000 1.488e-02 -4.323 -1.683 1.201 -3.154
0.01471 0.00000 9.40000 1.5894315243 2.5457777917    1.493  3.505  3.5062  0.084    8  0.548  0.382   150.41    81.02    51.70    40.63    33.24  2 -1.04e-07      0.00 6.877e-01 2.974e-01 1.838e-03 1.796e-03 6.418e-03 -1.000 1.488e-02 -3.991 -1.863 0.639 -3.265
0.01471 0.00000 9.40000 1.5894321203 2.5457778346    1.493  3.366  3.5238  0.294    8  0.548  0.382    98.32    55.49    36.01    28.14    23.00  2 -5.85e-08      0.00 6.877e-01 2.974e-01 1.838e-03 1.796e-03 6.418e-03 -1.000 1.488e-02 -3.644 -2.055 -0.085 -3.354
0.01471 0.00000 9.40000 1.5894330740 2.5457779034    1.492  3.159  3.5501  0.605    8  0.548  0.382    52.19    31.57    21.02    16.29    13.30  2 -2.45e-08      0.00 6.877e-01 2.974e-01 1.838e-03 1.796e-03 6.418e-03 -1.000 1.488e-02 -3.126 -2.103 -0.775 -3.227
0.01471 0.00000 9.40000 1.5894345045 2.5457780066    1.491  3.168  3.5488  0.591    8  0.548  0.382    53.76    32.42    21.56    16.71    13.64  2 -2.56e-08      0.00 6.877e-01 2.974e-01 1.838e-03 1.796e-03 6.418e-03 -1.000 1.488e-02 -3.150 -2.104 -0.750 -3.237
0.01471 0.00000 9.40000 1.5894362926 2.5457781355    1.490  3.262  3.5368  0.449    8  0.549  0.382    71.69    41.89    27.53    21.43    17.50  2 -3.81e-08      0.00 6.877e-01 2.974e-01 1.838e-03 1.796e-03 6.418e-03 -1.000 1.488e-02 -3.384 -2.105 -0.484 -3.318
0.01471 0.00000 9.40000 1.5894386768 2.5457783074    1.488  3.399  3.5192  0.240    8  0.549  0.382   109.57    61.10    39.48    30.90    25.26  2 -6.79e-08      0.00 6.877e-01 2.974e-01 1.838e-03 1.796e-03 6.418e-03 -1.000 1.488e-02 -3.728 -2.013 0.093 -3.341
0.01471 0.00000 9.40000 1.5894415379 2.5457785137    1.486  3.521  3.5035  0.055    8  0.550  0.382   159.40    85.29    54.29    42.70    34.94  2 -1.12e-07      0.00 6.877e-01 2.974e-01 1.838e-03 1.796e-03 6.418e-03 -1.000 1.488e-02 -4.032 -1.820 0.752 -3.235
0.01471 0.00000 9.40000 1.5894448757 2.5457787544    1.483  3.600  3.4931 -0.067    8  0.550  0.382   204.09   106.26    66.97    52.85    43.26  0 -1.55e-07      0.00 6.877e-01 2.974e-01 1.838e-03 1.796e-03 6.418e-03 -1.000 1.488e-02 -4.231 -1.699 1.113 -3.157
0.01471 0.00000 9.40000 1.5894488096 2.5457790380    1.480  3.641  3.4877 -0.130    8  0.551  0.382   231.83   119.00    74.62    58.99    48.30  0 -1.85e-07      0.00 6.877e-01 2.974e-01 1.838e-03 1.796e-03 6.418e-03 -1.000 1.488e-02 -4.332 -1.659 1.235 -3.133
0.01471 0.00000 9.40000 1.5894532204 2.5457793561    1.477  3.657  3.4853 -0.157    8  0.552  0.382   244.96   124.96    78.17    61.85    50.65  0 -2.22e-07      0.00 6.877e-01 2.974e-01 1.838e-03 1.796e-03 6.418e-03 -1.000 1.488e-02 -4.374 -1.651 1.260 -3.129
0.01471 0.00000 9.40000 1.5894581079 2.5457797085    1.473  3.665  3.4840 -0.171    8  0.553  0.382   251.82   128.04    80.01    63.33    51.86  0 -2.42e-07      0.00 6.877e-01 2.974e-01 1.838e-03 1.796e-03 6.418e-03 -1.000 1.488e-02 -4.393 -1.644 1.275 -3.126
0.01471 0.00000 9.40000 1.5894582272 2.5457797171    1.473  3.546  3.4996  0.011    8  0.553  0.382   174.06    92.18    58.46    46.05    37.68  1 -1.27e-07      0.00 6.877e-01 2.974e-01 1.838e-03 1.796e-03 6.418e-03 -1.000 1.488e-02 -4.094 -1.757 0.919 -3.191
0.01471 0.00000 9.40000 1.5894588232 2.5457797600    1.473  3.409  3.5174  0.219    8  0.553  0.382   113.99    63.26    40.80    31.96    26.13  2 -7.28e-08      0.00 6.877e-01 2.974e-01 1.838e-03 1.796e-03 6.418e-03 -1.000 1.488e-02 -3.752 -1.980 0.182 -3.319
0.01471 0.00000 9.40000 1.5894597769 2.5457798288    1.472  3.203  3.5443  0.532    8  0.554  0.382    60.32    35.91    23.76    18.46    15.07  2 -3.08e-08      0.00 6.877e-01 2.974e-01 1.838e-03 1.796e-03 6.418e-03 -1.000 1.488e-02 -3.237 -2.106 -0.656 -3.269
0.01471 0.00000 9.40000 1.5894610882 2.5457799234    1.470  3.212  3.5430  0.518    8  0.554  0.382    62.12    36.86    24.36    18.93    15.46  2 -3.22e-08      0.00 6.877e-01 2.974e-01 1.838e-03 1.796e-03 6.418e-03 -1.000 1.488e-02 -3.260 -2.106 -0.630 -3.277
0.01471 0.00000 9.40000 1.5894629955 2.5457800609    1.469  3.303  3.5311  0.379    8  0.554  0.382    82.39    47.38    30.96    24.15    19.73  2 -4.73e-08      0.00 6.877e-01 2.974e-01 1.838e-03 1.796e-03 6.418e-03 -1.000 1.488e-02 -3.487 -2.083 -0.315 -3.335
0.01471 0.00000 9.40000 1.5894652605 2.5457802242    1.466  3.435  3.5136  0.175    8  0.555  0.382   124.56    68.43    43.98    34.50    28.21  2 -8.23e-08      0.00 6.877e-01 2.974e-01 1.838e-03 1.796e-03 6.418e-03 -1.000 1.488e-02 -3.819 -1.920 0.367 -3.282
0.01471 0.00000 9.40000 1.5894681215 2.5457804305    1.463  3.552  3.4981 -0.004    8  0.556  0.382   179.31    94.60    59.91    47.22    38.64  1 -1.33e-07      0.00 6.877e-01 2.974e-01 1.838e-03 1.796e-03 6.418e-03 -1.000 1.488e-02 -4.110 -1.728 0.978 -3.167
0.01471 0.00000 9.40000 1.5894714594 2.5457806712    1.460  3.628  3.4879 -0.122    8  0.556  0.382   227.80   117.01    73.40    58.04    47.52  0 -1.82e-07      0.00 6.877e-01 2.974e-01 1.838e-03 1.796e-03 6.418e-03 -1.000 1.488e-02 -4.300 -1.632 1.257 -3.106
0.01471 0.00000 9.40000 1.5894752741 2.5457809462    1.456  3.666  3.4826 -0.183    8  0.557  0.382   255.33   130.45    81.42    64.49    52.82  0 -2.56e-07      0.00 6.877e-01 2.974e-01 1.838e-03 1.796e-03 6.418e-03 -1.000 1.488e-02 -4.396 -1.617 1.310 -3.101
0.01471 0.00000 9.40000 1.5894796848 2.5457812642    1.452  3.682  3.4803 -0.209    8  0.558  0.382   264.89   136.60    85.08    67.44    55.24  0 -3.04e-07      0.00 6.877e-01 2.974e-01 1.838e-03 1.796e-03 6.418e-03 -1.000 1.488e-02 -4.434 -1.607 1.337 -3.095
0.01471 0.00000 9.40000 1.5894845724 2.5457816166    1.447  3.689  3.4792 -0.221    8  0.559  0.382   269.51   139.66    86.89    68.91    56.44  0  -3.3e-07      0.00 6.877e-01 2.974e-01 1.838e-03 1.796e-03 6.418e-03 -1.000 1.488e-02 -4.452 -1.603 1.348 -3.094
0.01471 0.00000 9.40000 1.5894846916 2.5457816252    1.446  3.583  3.4934 -0.059    8  0.559  0.382   199.80   104.05    65.60    51.80    42.40  0 -1.56e-07      0.00 6.877e-01 2.974e-01 1.838e-03 1.796e-03 6.418e-03 -1.000 1.488e-02 -4.187 -1.666 1.138 -3.122
0.01471 0.00000 9.40000 1.5894852877 2.5457816682    1.446  3.448  3.5115  0.148    8  0.560  0.382   131.13    71.57    45.89    36.04    29.47  2 -9.03e-08      0.00 6.877e-01 2.974e-01 1.838e-03 1.796e-03 6.418e-03 -1.000 1.488e-02 -3.850 -1.883 0.473 -3.257
0.01471 0.00000 9.40000 1.5894861221 2.5457817284    1.444  3.243  3.5390  0.462    8  0.560  0.382    69.18    40.55    26.67    20.77    16.96  2 -3.88e-08      0.00 6.877e-01 2.974e-01 1.838e-03 1.796e-03 6.418e-03 -1.000 1.488e-02 -3.338 -2.105 -0.535 -3.304
0.01471 0.00000 9.40000 1.5894875526 2.5457818315    1.442  3.252  3.5376  0.447    8  0.560  0.382    71.34    41.67    27.38    21.33    17.42  2 -4.06e-08      0.00 6.877e-01 2.974e-01 1.838e-03 1.796e-03 6.418e-03 -1.000 1.488e-02 -3.361 -2.099 -0.496 -3.307
0.01471 0.00000 9.40000 1.5894893408 2.5457819604    1.440  3.341  3.5256  0.310    8  0.561  0.382    94.33    53.40    34.69    27.13    22.17  2  -5.9e-08      0.00 6.877e-01 2.974e-01 1.838e-03 1.796e-03 6.418e-03 -1.000 1.488e-02 -3.582 -2.040 -0.120 -3.328
0.01471 0.00000 9.40000 1.5894916058 2.5457821237    1.436  3.469  3.5081  0.110    8  0.561  0.382   141.48    76.54    48.92    38.46    31.45  2    -1e-07      0.00 6.877e-01 2.974e-01 1.838e-03 1.796e-03 6.418e-03 -1.000 1.488e-02 -3.903 -1.831 0.622 -3.223
0.01471 0.00000 9.40000 1.5894943476 2.5457823214    1.432  3.582  3.4925 -0.065    8  0.562  0.382   202.21   105.08    66.20    52.30    42.80  0 -1.59e-07      0.00 6.877e-01 2.974e-01 1.838e-03 1.796e-03 6.418e-03 -1.000 1.488e-02 -4.184 -1.637 1.183 -3.097
0.01471 0.00000 9.40000 1.5894976854 2.5457825621    1.427  3.655  3.4822 -0.181    8  0.563  0.382   252.84   129.48    80.81    64.05    52.44  0 -2.44e-07      0.00 6.877e-01 2.974e-01 1.838e-03 1.796e-03 6.418e-03 -1.000 1.488e-02 -4.367 -1.583 1.344 -3.068
0.01471 0.00000 9.40000 1.5895013809 2.5457828285    1.422  3.692  3.4768 -0.242    8  0.564  0.382   275.89   144.29    89.61    71.15    58.27  0 -3.64e-07      0.00 6.877e-01 2.974e-01 1.838e-03 1.796e-03 6.418e-03 -1.000 1.488e-02 -4.460 -1.573 1.393 -3.067
0.01471 0.00000 9.40000 1.5895056725 2.5457831379    1.415  3.707  3.4743 -0.269    8  0.565  0.382   286.73   151.44    93.84    74.57    61.07  0 -4.34e-07      0.00 6.877e-01 2.974e-01 1.838e-03 1.796e-03 6.418e-03 -1.000 1.488e-02 -4.498 -1.567 1.415 -3.066
0.01471 0.00000 9.40000 1.5895104408 2.5457834817    1.408  3.715  3.4729 -0.284    8  0.566  0.382   292.59   155.42    96.17    76.47    62.63  0 -4.76e-07      0.01 6.877e-01 2.974e-01 1.838e-03 1.796e-03 6.418e-03 -1.000 1.488e-02 -4.517 -1.560 1.432 -3.061
0.01471 0.00000 9.40000 1.5895105600 2.5457834903    1.408  3.622  3.4857 -0.141    8  0.566  0.382   235.01   119.88    75.06    59.45    48.66  0 -1.96e-07      0.00 6.877e-01 2.974e-01 1.838e-03 1.796e-03 6.418e-03 -1.000 1.488e-02 -4.285 -1.574 1.329 -3.052
0.01471 0.00000 9.40000 1.5895110369 2.5457835247    1.407  3.490  3.5040  0.065    8  0.566  0.382   154.51    82.64    52.61    41.45    33.90  2 -1.16e-07      0.00 6.877e-01 2.974e-01 1.838e-03 1.796e-03 6.418e-03 -1.000 1.488e-02 -3.954 -1.759 0.798 -3.171
0.01471 0.00000 9.40000 1.5895118713 2.5457835849    1.405  3.286  3.5321  0.380    8  0.566  0.382    81.19    46.71    30.51    23.83    19.46  2 -5.05e-08      0.00 6.877e-01 2.974e-01 1.838e-03 1.796e-03 6.418e-03 -1.000 1.488e-02 -3.445 -2.064 -0.322 -3.309
0.01471 0.00000 9.40000 1.5895131826 2.5457836794    1.403  3.295  3.5308  0.365    8  0.567  0.382    83.77    48.02    31.32    24.48    19.99  2 -5.28e-08      0.00 6.877e-01 2.974e-01 1.838e-03 1.796e-03 6.418e-03 -1.000 1.488e-02 -3.468 -2.056 -0.279 -3.311
0.01471 0.00000 9.40000 1.5895148516 2.5457837997    1.399  3.381  3.5186  0.229    8  0.567  0.382   110.36    61.30    39.55    31.03    25.35  2 -7.58e-08      0.00 6.877e-01 2.974e-01 1.838e-03 1.796e-03 6.418e-03 -1.000 1.488e-02 -3.683 -1.949 0.175 -3.281
0.01471 0.00000 9.40000 1.5895169973 2.5457839544    1.394  3.504  3.5011  0.034    8  0.568  0.382   164.08    87.11    55.31    43.62    35.68  1 -1.26e-07      0.00 6.877e-01 2.974e-01 1.838e-03 1.796e-03 6.418e-03 -1.000 1.488e-02 -3.991 -1.704 0.930 -3.131
0.01471 0.00000 9.40000 1.5895196199 2.5457841435    1.389  3.612  3.4857 -0.137    8  0.568  0.382   232.59   118.62    74.28    58.86    48.17  0 -1.96e-07      0.00 6.877e-01 2.974e-01 1.838e-03 1.797e-03 6.418e-03 -1.000 1.488e-02 -4.261 -1.550 1.352 -3.027
0.01471 0.00000 9.40000 1.5895226002 2.5457843584    1.382  3.682  3.4753 -0.250    8  0.569  0.382   276.31   145.41    90.22    71.71    58.72  0 -3.63e-07      0.00 6.877e-01 2.974e-01 1.838e-03 1.797e-03 6.418e-03 -1.000 1.488e-02 -4.436 -1.526 1.446 -3.023
0.01471 0.00000 9.40000 1.5895261765 2.5457846162    1.375  3.718  3.4698 -0.310    8  0.570  0.382   301.12   161.75    99.86    79.51    65.12  0 -5.35e-07      0.01 6.877e-01 2.974e-01 1.838e-03 1.797e-03 6.418e-03 -1.000 1.488e-02 -4.524 -1.516 1.493 -3.021
0.01471 0.00000 9.40000 1.5895301104 2.5457848998    1.367  3.732  3.4672 -0.338    8  0.571  0.382   313.07   169.84   104.61    83.38    68.29  0 -6.36e-07      0.01 6.877e-01 2.974e-01 1.838e-03 1.797e-03 6.418e-03 -1.000 1.488e-02 -4.560 -1.512 1.517 -3.022
0.01471 0.00000 9.40000 1.5895346403 2.5457852264    1.357  3.739  3.4656 -0.354    8  0.572  0.382   319.87   174.58   107.38    85.64    70.14  0    -7e-07      0.01 6.877e-01 2.974e-01 1.838e-03 1.797e-03 6.418e-03 -1.000 1.488e-02 -4.577 -1.504 1.538 -3.016
0.01471 0.00000 9.40000 1.5895347595 2.5457852350    1.357  3.659  3.4770 -0.229    8  0.572  0.382   265.76   139.17    86.48    68.74    56.27  0 -3.04e-07      0.00 6.877e-01 2.974e-01 1.838e-03 1.797e-03 6.418e-03 -1.000 1.488e-02 -4.378 -1.498 1.461 -2.992
0.01471 0.00000 9.40000 1.5895352364 2.5457852694    1.356  3.529  3.4956 -0.024    8  0.572  0.382   183.86    96.11    60.72    48.01    39.27  0 -1.51e-07      0.00 6.877e-01 2.974e-01 1.838e-03 1.797e-03 6.418e-03 -1.000 1.488e-02 -4.051 -1.598 1.156 -3.046
0.01471 0.00000 9.40000 1.5895360708 2.5457853296    1.353  3.326  3.5245  0.293    8  0.573  0.382    96.10    54.14    35.10    27.52    22.47  2 -6.68e-08      0.00 6.877e-01 2.974e-01 1.838e-03 1.797e-03 6.418e-03 -1.000 1.488e-02 -3.546 -1.975 -0.026 -3.270
0.01471 0.00000 9.40000 1.5895371437 2.5457854069    1.349  3.335  3.5231  0.277    8  0.573  0.382    99.22    55.68    36.05    28.28    23.10  2 -6.99e-08      0.00 6.877e-01 2.974e-01 1.838e-03 1.797e-03 6.418e-03 -1.000 1.488e-02 -3.568 -1.959 0.032 -3.264
0.01471 0.00000 9.40000 1.5895388126 2.5457855272    1.344  3.418  3.5108  0.143    8  0.573  0.382   130.37    70.87    45.39    35.73    29.20  2 -9.92e-08      0.00 6.877e-01 2.974e-01 1.838e-03 1.797e-03 6.418e-03 -1.000 1.488e-02 -3.776 -1.786 0.592 -3.165
0.01471 0.00000 9.40000 1.5895407200 2.5457856647    1.338  3.537  3.4933 -0.047    8  0.574  0.382   192.41    99.94    63.01    49.87    40.79  0 -1.62e-07      0.00 6.877e-01 2.974e-01 1.838e-03 1.797e-03 6.418e-03 -1.000 1.488e-02 -4.073 -1.550 1.251 -3.007
0.01471 0.00000 9.40000 1.5895431042 2.5457858366    1.331  3.640  3.4778 -0.215    8  0.575  0.382   258.52   135.09    84.02    66.80    54.68  0 -2.68e-07      0.00 6.877e-01 2.974e-01 1.838e-03 1.797e-03 6.418e-03 -1.000 1.488e-02 -4.331 -1.467 1.484 -2.959
0.01471 0.00000 9.40000 1.5895459652 2.5457860429    1.322  3.707  3.4675 -0.326    8  0.575  0.382   304.02   164.83   101.58    81.03    66.34  0 -5.51e-07      0.01 6.877e-01 2.974e-01 1.838e-03 1.797e-03 6.418e-03 -1.000 1.488e-02 -4.498 -1.459 1.563 -2.967
0.01471 0.00000 9.40000 1.5895491838 2.5457862749    1.312  3.740  3.4619 -0.385    8  0.576  0.382   330.96   183.03   112.25    89.70    73.46  0 -8.02e-07      0.02 6.877e-01 2.974e-01 1.838e-03 1.797e-03 6.418e-03 -1.000 1.488e-02 -4.581 -1.450 1.619 -2.968
0.01471 0.00000 9.40000 1.5895528793 2.5457865414    1.301  3.754  3.4591 -0.413    8  0.577  0.382   344.26   192.27   117.64    94.10    77.07  0 -9.52e-07      0.02 6.877e-01 2.974e-01 1.838e-03 1.797e-03 6.418e-03 -1.000 1.488e-02 -4.615 -1.438 1.659 -2.962
0.01471 0.00000 9.40000 1.5895570517 2.5457868422    1.289  3.760  3.4573 -0.431    8  0.578  0.382   352.13   197.92   120.91    96.79    79.28  0 -1.05e-06      0.02 6.877e-01 2.974e-01 1.838e-03 1.797e-03 6.418e-03 -1.000 1.488e-02 -4.630 -1.424 1.696 -2.952
0.01471 0.00000 9.40000 1.5895571709 2.5457868508    1.288  3.692  3.4674 -0.322    8  0.579  0.382   299.70   162.73   100.29    80.06    65.54  0 -5.16e-07      0.01 6.877e-01 2.974e-01 1.838e-03 1.797e-03 6.418e-03 -1.000 1.488e-02 -4.460 -1.423 1.597 -2.931
0.01471 0.00000 9.40000 1.5895576477 2.5457868851    1.286  3.563  3.4864 -0.119    8  0.579  0.382   221.14   112.55    70.52    55.99    45.79  0 -2.01e-07      0.00 6.877e-01 2.974e-01 1.838e-03 1.797e-03 6.418e-03 -1.000 1.488e-02 -4.139 -1.445 1.448 -2.921
0.01471 0.00000 9.40000 1.5895583630 2.5457869367    1.282  3.362  3.5161  0.200    8  0.579  0.382   114.87    63.18    40.63    31.99    26.12  2 -9.09e-08      0.00 6.877e-01 2.974e-01 1.838e-03 1.797e-03 6.418e-03 -1.000 1.488e-02 -3.636 -1.821 0.384 -3.167
0.01471 0.00000 9.40000 1.5895594358 2.5457870140    1.277  3.371  3.5145  0.183    8  0.579  0.382   118.86    65.09    41.79    32.92    26.89  2 -9.54e-08      0.00 6.877e-01 2.974e-01 1.838e-03 1.797e-03 6.418e-03 -1.000 1.488e-02 -3.658 -1.790 0.467 -3.146
0.01471 0.00000 9.40000 1.5895609856 2.5457871258    1.270  3.452  3.5020  0.049    8  0.580  0.382   156.25    82.78    52.58    41.57    33.97  0 -1.34e-07      0.00 6.877e-01 2.974e-01 1.838e-03 1.797e-03 6.418e-03 -1.000 1.488e-02 -3.861 -1.602 1.007 -3.024
0.01471 0.00000 9.40000 1.5895628929 2.5457872633    1.261  3.567  3.4842 -0.139    8  0.580  0.382   226.30   116.20    72.67    57.77    47.24  0 -2.15e-07      0.00 6.877e-01 2.974e-01 1.838e-03 1.797e-03 6.418e-03 -1.000 1.488e-02 -4.147 -1.409 1.498 -2.889
0.01471 0.00000 9.40000 1.5895651579 2.5457874266    1.250  3.666  3.4685 -0.305    8  0.581  0.382   288.89   156.43    96.52    77.08    63.08  0 -4.35e-07      0.00 6.877e-01 2.974e-01 1.838e-03 1.797e-03 6.418e-03 -1.000 1.488e-02 -4.394 -1.377 1.631 -2.883
0.01471 0.00000 9.40000 1.5895677805 2.5457876156    1.238  3.730  3.4579 -0.416    8  0.582  0.382   339.71   190.60   116.53    93.37    76.44  0 -8.81e-07      0.02 6.877e-01 2.974e-01 1.838e-03 1.797e-03 6.418e-03 -1.000 1.488e-02 -4.554 -1.368 1.736 -2.893
0.01471 0.00000 9.40000 1.5895708799 2.5457878391    1.224  3.761  3.4519 -0.476    8  0.583  0.382   370.53   212.01   128.97   103.55    84.79  0 -1.28e-06      0.04 6.877e-01 2.974e-01 1.838e-03 1.797e-03 6.418e-03 -1.000 1.488e-02 -4.634 -1.344 1.842 -2.883
0.01471 0.00000 9.40000 1.5895744562 2.5457880969    1.208  3.774  3.4487 -0.508    8  0.584  0.382   386.77   223.64   135.68   109.07    89.31  0 -1.54e-06      0.05 6.877e-01 2.974e-01 1.838e-03 1.797e-03 6.418e-03 -1.000 1.488e-02 -4.666 -1.324 1.910 -2.871
0.01471 0.00000 9.40000 1.5895783901 2.5457883805    1.190  3.780  3.4465 -0.529    8  0.585  0.382   397.41   231.47   140.16   112.79    92.36  0 -1.72e-06      0.06 6.877e-01 2.974e-01 1.838e-03 1.797e-03 6.418e-03 -1.000 1.488e-02 -4.681 -1.302 1.970 -2.855
0.01471 0.00000 9.40000 1.5895785093 2.5457883891    1.189  3.723  3.4553 -0.437    8  0.585  0.382   346.20   196.09   119.63    96.04    78.61  0 -9.49e-07      0.02 6.877e-01 2.974e-01 1.838e-03 1.797e-03 6.418e-03 -1.000 1.488e-02 -4.538 -1.319 1.814 -2.848
0.01471 0.00000 9.40000 1.5895788670 2.5457884149    1.186  3.597  3.4747 -0.234    8  0.585  0.382   254.87   135.72    84.18    67.22    54.97  0 -2.88e-07      0.00 6.877e-01 2.974e-01 1.838e-03 1.797e-03 6.418e-03 -1.000 1.488e-02 -4.222 -1.311 1.656 -2.807
0.01471 0.00000 9.40000 1.5895795822 2.5457884664    1.181  3.397  3.5055  0.088    8  0.585  0.382   142.41    75.82    48.27    38.22    31.21  0 -1.33e-07      0.00 6.877e-01 2.974e-01 1.838e-03 1.797e-03 6.418e-03 -1.000 1.488e-02 -3.722 -1.575 0.940 -2.980
0.01471 0.00000 9.40000 1.5895806551 2.5457885438    1.174  3.405  3.5037  0.069    8  0.585  0.382   147.79    78.28    49.75    39.42    32.19  0  -1.4e-07      0.00 6.877e-01 2.974e-01 1.838e-03 1.797e-03 6.418e-03 -1.000 1.488e-02 -3.743 -1.542 1.021 -2.955
0.01471 0.00000 9.40000 1.5895819664 2.5457886383    1.164  3.484  3.4908 -0.065    8  0.586  0.382   194.83    99.62    62.62    49.81    40.70  0 -1.96e-07      0.00 6.877e-01 2.974e-01 1.838e-03 1.797e-03 6.418e-03 -1.000 1.488e-02 -3.941 -1.345 1.505 -2.811
0.01471 0.00000 9.40000 1.5895837545 2.5457887672    1.152  3.595  3.4726 -0.253    8  0.586  0.382   259.60   139.46    86.33    69.04    56.45  0 -3.11e-07      0.00 6.877e-01 2.974e-01 1.838e-03 1.797e-03 6.418e-03 -1.000 1.488e-02 -4.217 -1.270 1.709 -2.769
0.01471 0.00000 9.40000 1.5895859003 2.5457889219    1.137  3.690  3.4565 -0.418    8  0.587  0.382   331.58   187.31   114.39    91.92    75.20  0 -7.81e-07      0.02 6.877e-01 2.974e-01 1.838e-03 1.797e-03 6.418e-03 -1.000 1.488e-02 -4.454 -1.259 1.853 -2.785
0.01471 0.00000 9.40000 1.5895882845 2.5457890938    1.120  3.751  3.4455 -0.530    8  0.588  0.382   390.62   228.27   138.12   111.38    91.15  0 -1.56e-06      0.05 6.877e-01 2.974e-01 1.838e-03 1.797e-03 6.418e-03 -1.000 1.488e-02 -4.607 -1.233 2.042 -2.785
0.01471 0.00000 9.40000 1.5895911455 2.5457893000    1.101  3.781  3.4392 -0.593    8  0.589  0.382   407.16    -1.00    -1.00    -1.00    -1.00  0 -2.28e-06      0.09 6.877e-01 2.974e-01 1.838e-03 1.797e-03 6.418e-03 -1.000 1.488e-02 -4.682 -1.177 2.229 -2.748
0.01471 0.00000 9.40000 1.5895943642 2.5457895321    1.079  3.793  3.4356 -0.628    8  0.590  0.382   403.14    -1.00    -1.00    -1.00    -1.00  0 -2.78e-06      0.13 6.877e-01 2.974e-01 1.838e-03 1.797e-03 6.418e-03 -1.000 1.488e-02 -4.713 -1.121 2.376 -2.706
0.01471 0.00000 9.40000 1.5895980597 2.5457897985    1.056  3.799  3.4329 -0.654    8  0.591  0.382   398.69    -1.00    -1.00    -1.00    -1.00  0 -3.18e-06      0.16 6.877e-01 2.974e-01 1.838e-03 1.797e-03 6.418e-03 -1.000 1.488e-02 -4.727 -1.063 2.504 -2.659
0.01471 0.00000 9.40000 1.5896195173 2.5457913453    0.597 -9.999  4.0000  1.427    9  0.598  0.000     0.00     0.00     0.00     0.00     0.00 -1    -1e-30      0.00 6.877e-01 2.974e-01 1.838e-03 1.797e-03 6.418e-03 -1.000 1.488e-02 29.767 29.981 29.971 29.987
# Zini     MH   logAge Mini        int_IMF         Mass   logL    logTe  logg  label   McoreTP C_O  period0  period1  period2  period3  period4  pmode  Mloss  tau1m   X   Y   Xc  Xn  Xo  Cexcess  Z 	 mbolmag  Gmag    G_BPmag  G_RPmag
0.01471 0.00000 9.60000 0.0900000036 1.0816895926    0.090 -3.422  3.3632  5.220    1  0.000  0.545     0.00     0.00     0.00     0.00     0.00 -1  -3.9e-17      0.00 7.103e-01 2.750e-01 2.655e-03 7.163e-04 6.496e-03 -1.000 1.476e-02 13.326 15.376 18.311 13.885
0.01471 0.00000 9.60000 0.1000000015 1.1711064122    0.100 -3.239  3.3894  5.186    1  0.000  0.545     0.00     0.00     0.00     0.00     0.00 -1 -5.86e-17      0.00 7.101e-01 2.751e-01 2.655e-03 7.163e-04 6.496e-03 -1.000 1.476e-02 12.867 14.915 17.837 13.425
0.01471 0.00000 9.60000 0.1198265776 1.3181714123    0.120 -2.975  3.4243  5.140    1  0.000  0.545     0.00     0.00     0.00     0.00     0.00 -1 -1.04e-16      0.00 7.097e-01 2.755e-01 2.655e-03 7.163e-04 6.496e-03 -1.000 1.476e-02 12.206 14.154 16.921 12.689
0.01471 0.00000 9.60000 0.1200000048 1.3193154741    0.120 -2.972  3.4246  5.140    1  0.000  0.545     0.00     0.00     0.00     0.00     0.00 -1 -1.04e-16      0.00 7.097e-01 2.755e-01 2.655e-03 7.163e-04 6.496e-03 -1.000 1.476e-02 12.201 14.145 16.905 12.680
0.01471 0.00000 9.60000 0.1400000006 1.4384526719    0.140 -2.790  3.4444  5.104    1  0.000  0.545     0.00     0.00     0.00     0.00     0.00 -1 -1.53e-16      0.00 7.095e-01 2.758e-01 2.655e-03 7.163e-04 6.496e-03 -1.000 1.476e-02 11.745 13.421 15.819 12.021
0.01471 0.00000 9.60000 0.1599999964 1.5372931554    0.160 -2.649  3.4580  5.075    1  0.000  0.545     0.00     0.00     0.00     0.00     0.00 -1 -2.05e-16      0.00 7.092e-01 2.761e-01 2.655e-03 7.163e-04 6.496e-03 -1.000 1.476e-02 11.392 12.895 15.056 11.541
0.01471 0.00000 9.60000 0.1602966189 1.5386364924    0.160 -2.647  3.4581  5.074    1  0.000  0.545     0.00     0.00     0.00     0.00     0.00 -1 -2.06e-16      0.00 7.092e-01 2.761e-01 2.655e-03 7.163e-04 6.496e-03 -1.000 1.476e-02 11.387 12.889 15.047 11.535
0.01471 0.00000 9.60000 0.2000000030 1.6938790862    0.200 -2.433  3.4767  5.030    1  0.000  0.545     0.00     0.00     0.00     0.00     0.00 -1 -3.17e-16      0.00 7.087e-01 2.766e-01 2.655e-03 7.163e-04 6.496e-03 -1.000 1.476e-02 10.851 12.139 14.009 10.848
0.01471 0.00000 9.60000 0.2500000000 1.8403257998    0.250 -2.227  3.4931  4.988    1  0.000  0.545     0.00     0.00     0.00     0.00     0.00 -1 -4.78e-16      0.00 7.082e-01 2.771e-01 2.655e-03 7.163e-04 6.496e-03 -1.000 1.476e-02 10.338 11.451 13.093 10.220
0.01471 0.00000 9.60000 0.3000000119 1.9529139769    0.300 -2.068  3.5038  4.950    1  0.000  0.545     0.00     0.00     0.00     0.00     0.00 -1 -5.22e-16      0.00 7.080e-01 2.773e-01 2.655e-03 7.163e-04 6.496e-03 -1.000 1.476e-02 9.939 10.958 12.481 9.760
0.01471 0.00000 9.60000 0.3445004523 2.0343106915    0.345 -1.927  3.5115  4.900    1  0.000  0.545     0.00     0.00     0.00     0.00     0.00 -1 -8.99e-16      0.00 7.104e-01 2.748e-01 2.655e-03 7.163e-04 6.496e-03 -1.000 1.476e-02 9.587 10.543 11.990 9.370
0.01471 0.00000 9.60000 0.3500000238 2.0434175133    0.350 -1.910  3.5123  4.894    0  0.000  0.545     0.00     0.00     0.00     0.00     0.00 -1 -9.33e-16      0.00 7.106e-01 2.747e-01 2.655e-03 7.163e-04 6.496e-03 -1.000 1.476e-02 9.546 10.495 11.934 9.325
0.01471 0.00000 9.60000 0.4000000358 2.1185024810    0.400 -1.768  3.5235  4.854    0  0.000  0.545     0.00     0.00     0.00     0.00     0.00 -1 -1.27e-15      0.00 7.107e-01 2.746e-01 2.655e-03 7.163e-04 6.496e-03 -1.000 1.476e-02 9.190 10.055 11.396 8.918
0.01471 0.00000 9.60000 0.4500000179 2.1822809362    0.450 -1.618  3.5355  4.803    1  0.000  0.545     0.00     0.00     0.00     0.00     0.00 -1 -1.79e-15      0.00 7.107e-01 2.745e-01 2.655e-03 7.163e-04 6.496e-03 -1.000 1.476e-02 8.815 9.599 10.849 8.497
0.01471 0.00000 9.60000 0.5000000000 2.2374541529    0.500 -1.462  3.5505  4.753    1  0.000  0.545     0.00     0.00     0.00     0.00     0.00 -1 -2.58e-15      0.00 7.107e-01 2.745e-01 2.655e-03 7.163e-04 6.496e-03 -1.000 1.476e-02 8.425 9.116 10.265 8.055
0.01471 0.00000 9.60000 0.5284609795 2.2649861333    0.528 -1.366  3.5616  4.725    1  0.000  0.545     0.00     0.00     0.00     0.00     0.00 -1 -3.23e-15      0.00 7.158e-01 2.697e-01 2.610e-03 7.043e-04 6.388e-03 -1.000 1.452e-02 8.184 8.806 9.886 7.778
0.01471 0.00000 9.60000 0.5500000119 2.2836582633    0.550 -1.296  3.5697  4.705    1  0.000  0.545     0.00     0.00     0.00     0.00     0.00 -1 -3.81e-15      0.00 7.201e-01 2.656e-01 2.574e-03 6.944e-04 6.299e-03 -1.000 1.433e-02 8.009 8.582 9.612 7.577
0.01471 0.00000 9.60000 0.6000000238 2.3211213258    0.600 -1.130  3.5933  4.671    1  0.000  0.545     0.00     0.00     0.00     0.00     0.00 -1 -5.56e-15      0.00 7.215e-01 2.642e-01 2.562e-03 6.914e-04 6.271e-03 -1.000 1.426e-02 7.594 8.036 8.942 7.098
0.01471 0.00000 9.60000 0.6499999762 2.3520353107    0.650 -0.963  3.6216  4.652    1  0.000  0.545     0.00     0.00     0.00     0.00     0.00 -1 -8.02e-15      0.00 7.228e-01 2.629e-01 2.552e-03 6.885e-04 6.246e-03 -1.000 1.423e-02 7.177 7.483 8.264 6.619
0.01471 0.00000 9.60000 0.7000000477 2.3779267258    0.700 -0.802  3.6507  4.640    1  0.000  0.545     0.00     0.00     0.00     0.00     0.00 -1 -1.13e-14      0.00 7.241e-01 2.618e-01 2.541e-03 6.859e-04 6.222e-03 -1.000 1.412e-02 6.775 6.940 7.592 6.162
0.01471 0.00000 9.60000 0.7283515334 2.3908053731    0.728 -0.714  3.6671  4.635    1  0.000  0.540     0.00     0.00     0.00     0.00     0.00 -1 -1.37e-14      0.00 7.249e-01 2.610e-01 2.515e-03 6.836e-04 6.208e-03 -1.000 1.413e-02 6.555 6.647 7.234 5.916
0.01471 0.00000 9.60000 0.7500000000 2.3998889087    0.750 -0.648  3.6792  4.630    1  0.000  0.537     0.00     0.00     0.00     0.00     0.00 -1 -1.58e-14      0.00 7.254e-01 2.605e-01 2.497e-03 6.821e-04 6.198e-03 -1.000 1.410e-02 6.391 6.435 6.981 5.738
0.01471 0.00000 9.60000 0.7917318344 2.4157981155    0.792 -0.530  3.6973  4.608    1  0.000  0.537     0.00     0.00     0.00     0.00     0.00 -1 -2.07e-14      0.00 7.271e-01 2.589e-01 2.484e-03 6.786e-04 6.166e-03 -1.000 1.404e-02 6.096 6.084 6.575 5.432
0.01471 0.00000 9.60000 0.8000000119 2.4187244405    0.800 -0.507  3.7008  4.604    1  0.000  0.537     0.00     0.00     0.00     0.00     0.00 -1 -2.18e-14      0.00 7.274e-01 2.586e-01 2.481e-03 6.779e-04 6.160e-03 -1.000 1.404e-02 6.038 6.018 6.498 5.374
0.01471 0.00000 9.60000 0.8068339825 2.4210911689    0.807 -0.488  3.7036  4.600    1  0.000  0.537     0.00     0.00     0.00     0.00     0.00 -1 -2.27e-14      0.00 7.277e-01 2.583e-01 2.479e-03 6.772e-04 6.154e-03 -1.000 1.402e-02 5.991 5.963 6.436 5.326
0.01471 0.00000 9.60000 0.8500000238 2.4350346840    0.850 -0.371  3.7208  4.574    1  0.000  0.537     0.00     0.00     0.00     0.00     0.00 -1 -2.99e-14      0.00 7.297e-01 2.564e-01 2.463e-03 6.731e-04 6.116e-03 -1.000 1.392e-02 5.698 5.630 6.059 5.034
0.01471 0.00000 9.60000 0.8689163327 2.4406453671    0.868 -0.321  3.7278  4.560    1  0.000  0.537     0.00     0.00     0.00     0.00     0.00 -1 -3.37e-14      0.00 7.308e-01 2.554e-01 2.455e-03 6.708e-04 6.095e-03 -1.000 1.386e-02 5.571 5.491 5.905 4.910
0.01471 0.00000 9.60000 0.8999999762 2.4492786016    0.899 -0.239  3.7388  4.538    1  0.000  0.537     0.00     0.00     0.00     0.00     0.00 -1  -4.1e-14      0.00 7.326e-01 2.537e-01 2.440e-03 6.668e-04 6.061e-03 -1.000 1.373e-02 5.367 5.269 5.656 4.712
0.01471 0.00000 9.60000 0.9085977077 2.4515469433    0.908 -0.216  3.7417  4.531    1  0.000  0.537     0.00     0.00     0.00     0.00     0.00 -1 -4.34e-14      0.00 7.332e-01 2.531e-01 2.435e-03 6.655e-04 6.049e-03 -1.000 1.371e-02 5.311 5.208 5.589 4.659
0.01471 0.00000 9.60000 0.9315975308 2.4573790044    0.931 -0.156  3.7491  4.512    1  0.000  0.537     0.00     0.00     0.00     0.00     0.00 -1 -5.03e-14      0.00 7.349e-01 2.514e-01 2.421e-03 6.618e-04 6.016e-03 -1.000 1.366e-02 5.161 5.051 5.414 4.519
0.01471 0.00000 9.60000 0.9499999881 2.4618121868    0.949 -0.109  3.7548  4.495    1  0.000  0.537     0.00     0.00     0.00     0.00     0.00 -1 -5.67e-14      0.00 7.364e-01 2.500e-01 2.410e-03 6.587e-04 5.988e-03 -1.000 1.360e-02 5.042 4.928 5.277 4.409
0.01471 0.00000 9.60000 0.9528456926 2.4624801639    0.952 -0.102  3.7556  4.493    1  0.000  0.537     0.00     0.00     0.00     0.00     0.00 -1 -5.77e-14      0.00 7.367e-01 2.498e-01 2.407e-03 6.581e-04 5.983e-03 -1.000 1.359e-02 5.024 4.908 5.256 4.391
0.01471 0.00000 9.60000 0.9724608064 2.4669624219    0.972 -0.051  3.7611  4.473    1  0.000  0.536     0.00     0.00     0.00     0.00     0.00 -1 -6.57e-14      0.00 7.386e-01 2.478e-01 2.391e-03 6.538e-04 5.944e-03 -1.000 1.352e-02 4.897 4.777 5.113 4.273
0.01471 0.00000 9.60000 0.9907349944 2.4709551349    0.991 -0.004  3.7661  4.454    1  0.000  0.536     0.00     0.00     0.00     0.00     0.00 -1 -7.41e-14      0.00 7.406e-01 2.460e-01 2.376e-03 6.495e-04 5.906e-03 -1.000 1.343e-02 4.779 4.657 4.982 4.165
0.01471 0.00000 9.60000 1.0000000000 2.4729154477    1.000  0.020  3.7685  4.444    1  0.000  0.536     0.00     0.00     0.00     0.00     0.00 -1 -7.88e-14      0.00 7.417e-01 2.450e-01 2.368e-03 6.473e-04 5.885e-03 -1.000 1.337e-02 4.720 4.597 4.915 4.110
0.01471 0.00000 9.60000 1.0002955198 2.4729772876    1.000  0.021  3.7686  4.444    1  0.000  0.536     0.00     0.00     0.00     0.00     0.00 -1 -7.89e-14      0.00 7.417e-01 2.449e-01 2.367e-03 6.472e-04 5.885e-03 -1.000 1.337e-02 4.718 4.595 4.913 4.108
0.01471 0.00000 9.60000 1.0194982290 2.4769073978    1.019  0.070  3.7733  4.421    1  0.000  0.536     0.00     0.00     0.00     0.00     0.00 -1 -8.73e-14      0.00 7.446e-01 2.421e-01 2.344e-03 6.409e-04 5.828e-03 -1.000 1.327e-02 4.595 4.469 4.777 3.995
0.01471 0.00000 9.60000 1.0372538567 2.4803928346    1.037  0.116  3.7774  4.400    1  0.000  0.536     0.00     0.00     0.00     0.00     0.00 -1  -9.6e-14      0.00 7.475e-01 2.394e-01 2.321e-03 6.347e-04 5.773e-03 -1.000 1.315e-02 4.481 4.354 4.653 3.890
0.01471 0.00000 9.60000 1.0499999523 2.4828114860    1.049  0.148  3.7802  4.384    1  0.000  0.536     0.00     0.00     0.00     0.00     0.00 -1 -1.03e-13      0.00 7.497e-01 2.373e-01 2.303e-03 6.300e-04 5.731e-03 -1.000 1.306e-02 4.400 4.272 4.564 3.815
0.01471 0.00000 9.60000 1.0642480850 2.4854364476    1.063  0.185  3.7831  4.365    1  0.000  0.536     0.00     0.00     0.00     0.00     0.00 -1 -1.11e-13      0.00 7.530e-01 2.341e-01 2.276e-03 6.228e-04 5.666e-03 -1.000 1.290e-02 4.309 4.180 4.467 3.730
0.01471 0.00000 9.60000 1.0805826187 2.4883480588    1.080  0.226  3.7862  4.342    1  0.000  0.535     0.00     0.00     0.00     0.00     0.00 -1 -1.21e-13      0.00 7.572e-01 2.301e-01 2.244e-03 6.140e-04 5.587e-03 -1.000 1.271e-02 4.204 4.076 4.356 3.633
0.01471 0.00000 9.60000 1.0956604481 2.4909472421    1.095  0.264  3.7888  4.320    1  0.000  0.535     0.00     0.00     0.00     0.00     0.00 -1 -1.31e-13      0.00 7.612e-01 2.263e-01 2.212e-03 6.054e-04 5.510e-03 -1.000 1.253e-02 4.109 3.980 4.255 3.544
0.01471 0.00000 9.60000 1.1000000238 2.4916801480    1.099  0.275  3.7895  4.314    1  0.000  0.535     0.00     0.00     0.00     0.00     0.00 -1 -1.35e-13      0.00 7.624e-01 2.251e-01 2.202e-03 6.028e-04 5.487e-03 -1.000 1.248e-02 4.082 3.953 4.226 3.519
0.01471 0.00000 9.60000 1.1038167477 2.4923192754    1.103  0.285  3.7901  4.308    1  0.000  0.535     0.00     0.00     0.00     0.00     0.00 -1 -1.37e-13      0.00 7.629e-01 2.246e-01 2.200e-03 6.022e-04 5.482e-03 -1.000 1.247e-02 4.058 3.930 4.201 3.497
0.01471 0.00000 9.60000 1.1185051203 2.4947321814    1.117  0.320  3.7921  4.287    1  0.000  0.535     0.00     0.00     0.00     0.00     0.00 -1 -1.48e-13      0.00 7.645e-01 2.230e-01 2.192e-03 6.004e-04 5.465e-03 -1.000 1.245e-02 3.970 3.841 4.108 3.413
0.01471 0.00000 9.60000 1.1322162151 2.4969196975    1.131  0.352  3.7936  4.266    1  0.000  0.534     0.00     0.00     0.00     0.00     0.00 -1 -1.58e-13      0.00 7.658e-01 2.218e-01 2.187e-03 5.997e-04 5.456e-03 -1.000 1.243e-02 3.890 3.761 4.025 3.337
0.01471 0.00000 9.60000 1.1444461346 2.4988201251    1.143  0.381  3.7948  4.246    1  0.000  0.534     0.00     0.00     0.00     0.00     0.00 -1 -1.69e-13      0.00 7.667e-01 2.209e-01 2.185e-03 5.996e-04 5.454e-03 -1.000 1.242e-02 3.817 3.688 3.950 3.267
0.01471 0.00000 9.60000 1.1499999762 2.4996678137    1.149  0.395  3.7954  4.237    1  0.000  0.534     0.00     0.00     0.00     0.00     0.00 -1 -1.74e-13      0.00 7.670e-01 2.206e-01 2.185e-03 5.997e-04 5.454e-03 -1.000 1.242e-02 3.783 3.654 3.915 3.234
0.01471 0.00000 9.60000 1.1501561403 2.4996915132    1.149  0.395  3.7954  4.237    1  0.000  0.534     0.00     0.00     0.00     0.00     0.00 -1 -1.74e-13      0.00 7.670e-01 2.206e-01 2.185e-03 5.998e-04 5.455e-03 -1.000 1.242e-02 3.782 3.653 3.914 3.234
0.01471 0.00000 9.60000 1.1745952368 2.5033112634    1.173  0.444  3.7950  4.195    1  0.000  0.534     0.00     0.00     0.00     0.00     0.00 -1 -1.93e-13      0.00 7.655e-01 2.219e-01 2.204e-03 6.043e-04 5.506e-03 -1.000 1.256e-02 3.659 3.530 3.790 3.110
0.01471 0.00000 9.60000 1.1903015375 2.5055475570    1.189  0.473  3.7940  4.169    1  0.000  0.533     0.00     0.00     0.00     0.00     0.00 -1 -2.05e-13      0.00 7.650e-01 2.224e-01 2.214e-03 6.057e-04 5.534e-03 -1.000 1.258e-02 3.589 3.459 3.722 3.037
0.01471 0.00000 9.60000 1.1946924925 2.5061606676    1.194  0.490  3.7950  4.157    1  0.000  0.533     0.00     0.00     0.00     0.00     0.00 -1 -2.13e-13      0.00 7.649e-01 2.225e-01 2.216e-03 6.060e-04 5.540e-03 -1.000 1.259e-02 3.546 3.416 3.677 2.996
0.01471 0.00000 9.60000 1.1979562044 2.5066130336    1.197  0.507  3.7964  4.147    1  0.000  0.533     0.00     0.00     0.00     0.00     0.00 -1 -2.22e-13      0.00 7.651e-01 2.223e-01 2.216e-03 6.058e-04 5.542e-03 -1.000 1.259e-02 3.503 3.374 3.631 2.957
0.01471 0.00000 9.60000 1.2000000477 2.5068948796    1.199  0.522  3.7981  4.139    1  0.000  0.533     0.00     0.00     0.00     0.00     0.00 -1 -2.31e-13      0.00 7.653e-01 2.222e-01 2.215e-03 6.054e-04 5.541e-03 -1.000 1.258e-02 3.464 3.335 3.589 2.923
0.01471 0.00000 9.60000 1.2065448761 2.5077900277    1.206  0.546  3.7993  4.122    1  0.000  0.533     0.00     0.00     0.00     0.00     0.00 -1 -2.45e-13      0.00 7.651e-01 2.223e-01 2.217e-03 6.055e-04 5.546e-03 -1.000 1.258e-02 3.404 3.274 3.526 2.865
0.01471 0.00000 9.60000 1.2106455564 2.5083452172    1.210  0.575  3.8015  4.103    1  0.000  0.533     0.00     0.00     0.00     0.00     0.00 -1 -2.66e-13      0.00 7.649e-01 2.225e-01 2.218e-03 6.059e-04 5.550e-03 -1.000 1.259e-02 3.332 3.202 3.449 2.799
0.01471 0.00000 9.60000 1.2351903915 2.5115798972    1.234  0.647  3.7989  4.030    2  0.000  0.532     0.00     0.00     0.00     0.00     0.00 -1  -3.2e-13      0.00 7.635e-01 2.239e-01 2.229e-03 6.082e-04 5.583e-03 -1.000 1.265e-02 3.153 3.022 3.274 2.613
0.01471 0.00000 9.60000 1.2500000000 2.5134610955    1.249  0.687  3.7957  3.983    2  0.000  0.532     0.00     0.00     0.00     0.00     0.00 -1 -3.57e-13      0.00 7.627e-01 2.247e-01 2.236e-03 6.096e-04 5.602e-03 -1.000 1.269e-02 3.053 2.922 3.180 2.506
0.01471 0.00000 9.60000 1.2675950527 2.5156305404    1.267  0.728  3.7874  3.914    2  0.000  0.532     0.00     0.00     0.00     0.00     0.00 -1 -4.05e-13      0.00 7.605e-01 2.267e-01 2.252e-03 6.139e-04 5.641e-03 -1.000 1.280e-02 2.950 2.818 3.093 2.382
0.01471 0.00000 9.60000 1.2780026197 2.5168814924    1.277  0.743  3.7770  3.861    2  0.000  0.533     0.00     0.00     0.00     0.00     0.00 -1 -4.34e-13      0.00 7.533e-01 2.336e-01 2.303e-03 6.275e-04 5.762e-03 -1.000 1.308e-02 2.912 2.784 3.079 2.323
0.01471 0.00000 9.60000 1.2868902683 2.5179313562    1.286  0.724  3.7591  3.811    2  0.000  0.534     0.00     0.00     0.00     0.00     0.00 -1 -4.31e-13      0.00 7.382e-01 2.481e-01 2.412e-03 6.564e-04 6.022e-03 -1.000 1.364e-02 2.959 2.842 3.176 2.339
0.01471 0.00000 9.60000 1.2927800417 2.5186179541    1.292  0.688  3.7400  3.774    2  0.000  0.535     0.00     0.00     0.00     0.00     0.00 -1 -4.08e-13      0.00 7.262e-01 2.597e-01 2.502e-03 6.803e-04 6.236e-03 -1.000 1.415e-02 3.051 2.955 3.330 2.410
0.01471 0.00000 9.60000 1.2955518961 2.5189385987    1.295  0.670  3.7295  3.750    2  0.000  0.535     0.00     0.00     0.00     0.00     0.00 -1 -3.99e-13      0.00 7.218e-01 2.639e-01 2.534e-03 6.889e-04 6.313e-03 -1.000 1.433e-02 3.095 3.016 3.413 2.448
0.01471 0.00000 9.60000 1.2971659899 2.5191245891    1.296  0.661  3.7233  3.735    2  0.000  0.535     0.00     0.00     0.00     0.00     0.00 -1 -3.96e-13      0.00 7.196e-01 2.659e-01 2.549e-03 6.931e-04 6.349e-03 -1.000 1.442e-02 3.117 3.050 3.461 2.469
0.01471 0.00000 9.60000 1.2984815836 2.5192757904    1.298  0.660  3.7189  3.719    2  0.000  0.535     0.00     0.00     0.00     0.00     0.00 -1 -4.01e-13      0.00 7.182e-01 2.673e-01 2.558e-03 6.956e-04 6.371e-03 -1.000 1.447e-02 3.119 3.060 3.481 2.470
0.01471 0.00000 9.60000 1.2994422913 2.5193859822    1.299  0.665  3.7164  3.704    2  0.000  0.535     0.00     0.00     0.00     0.00     0.00 -1  -4.1e-13      0.00 7.174e-01 2.682e-01 2.561e-03 6.970e-04 6.381e-03 -1.000 1.449e-02 3.107 3.054 3.480 2.458
0.01471 0.00000 9.60000 1.2999999523 2.5194498592    1.299  0.668  3.7150  3.695    2  0.000  0.535     0.00     0.00     0.00     0.00     0.00 -1 -4.16e-13      0.00 7.169e-01 2.686e-01 2.563e-03 6.977e-04 6.387e-03 -1.000 1.450e-02 3.099 3.049 3.479 2.450
0.01471 0.00000 9.60000 1.3034909964 2.5198483113    1.303  0.687  3.7072  3.647    2  0.000  0.534     0.00     0.00     0.00     0.00     0.00 -1 -4.53e-13      0.00 7.142e-01 2.712e-01 2.573e-03 7.017e-04 6.419e-03 -1.000 1.456e-02 3.052 3.019 3.467 2.404
0.01471 0.00000 9.60000 1.3040380478 2.5199105269    1.303  0.693  3.7064  3.638    2  0.000  0.534     0.00     0.00     0.00     0.00     0.00 -1 -4.62e-13      0.00 7.138e-01 2.717e-01 2.574e-03 7.023e-04 6.423e-03 -1.000 1.457e-02 3.039 3.008 3.458 2.391
0.01471 0.00000 9.60000 1.3070764542 2.5202549924    1.306  0.736  3.7032  3.582    3  0.000  0.518     0.00     0.00     0.00     0.00     0.00 -1 -5.39e-13      0.00 7.107e-01 2.747e-01 2.503e-03 7.605e-04 6.439e-03 -1.000 1.462e-02 2.929 2.907 3.364 2.283
0.01471 0.00000 9.60000 1.3099884987 2.5205834082    1.309  0.785  3.7006  3.525    3  0.000  0.486     0.00     0.00     0.00     0.00     0.00 -1 -6.38e-13      0.00 7.073e-01 2.781e-01 2.355e-03 9.221e-04 6.451e-03 -1.000 1.465e-02 2.809 2.793 3.255 2.164
0.01471 0.00000 9.60000 1.3129547834 2.5209162193    1.312  0.840  3.6984  3.461    3  0.000  0.451     0.00     0.00     0.00     0.00     0.00 -1 -7.72e-13      0.00 7.035e-01 2.818e-01 2.188e-03 1.127e-03 6.462e-03 -1.000 1.472e-02 2.669 2.659 3.127 2.025
0.01471 0.00000 9.60000 1.3154509068 2.5211949423    1.315  0.893  3.6966  3.402    3  0.000  0.430     0.00     0.00     0.00     0.00     0.00 -1 -9.26e-13      0.00 7.005e-01 2.848e-01 2.089e-03 1.251e-03 6.469e-03 -1.000 1.473e-02 2.538 2.533 3.006 1.895
0.01471 0.00000 9.60000 1.3177386522 2.5214493311    1.317  0.946  3.6948  3.343    3  0.000  0.417     0.00     0.00     0.00     0.00     0.00 -1 -1.11e-12      0.00 6.979e-01 2.873e-01 2.025e-03 1.332e-03 6.473e-03 -1.000 1.478e-02 2.405 2.405 2.882 1.763
0.01471 0.00000 9.60000 1.3197499514 2.5216721424    1.319  0.998  3.6930  3.284    3  0.000  0.409     0.00     0.00     0.00     0.00     0.00 -1 -1.33e-12      0.00 6.962e-01 2.890e-01 1.987e-03 1.381e-03 6.476e-03 -1.000 1.483e-02 2.275 2.280 2.762 1.634
0.01471 0.00000 9.60000 1.3216323853 2.5218799718    1.321  1.052  3.6911  3.223    3  0.000  0.404     0.00     0.00     0.00     0.00     0.00 -1 -1.61e-12      0.00 6.950e-01 2.902e-01 1.962e-03 1.412e-03 6.478e-03 -1.000 1.483e-02 2.141 2.151 2.638 1.501
0.01471 0.00000 9.60000 1.3231977224 2.5220522744    1.322  1.101  3.6892  3.167    3  0.000  0.401     0.00     0.00     0.00     0.00     0.00 -1 -1.91e-12      0.00 6.943e-01 2.909e-01 1.948e-03 1.429e-03 6.480e-03 -1.000 1.480e-02 2.018 2.033 2.525 1.379
0.01471 0.00000 9.60000 1.3246428967 2.5222109345    1.324  1.151  3.6872  3.110    3  0.000  0.399     0.00     0.00     0.00     0.00     0.00 -1 -2.28e-12      0.00 6.939e-01 2.914e-01 1.940e-03 1.440e-03 6.481e-03 -1.000 1.478e-02 1.893 1.915 2.412 1.256
0.01471 0.00000 9.60000 1.3259049654 2.5223491669    1.325  1.198  3.6852  3.055    3  0.000  0.398     0.00     0.00     0.00     0.00     0.00 -1 -2.71e-12      0.00 6.936e-01 2.916e-01 1.934e-03 1.447e-03 6.482e-03 -1.000 1.482e-02 1.774 1.803 2.305 1.139
0.01471 0.00000 9.60000 1.3270212412 2.5224711789    1.326  1.244  3.6832  3.001    3  0.000  0.397     0.00     0.00     0.00     0.00     0.00 -1 -3.19e-12      0.00 6.935e-01 2.917e-01 1.931e-03 1.451e-03 6.482e-03 -1.000 1.480e-02 1.659 1.693 2.201 1.025
0.01471 0.00000 9.60000 1.3280085325 2.5225788960    1.327  1.289  3.6811  2.948    3  0.000  0.397     0.00     0.00     0.00     0.00     0.00 -1 -3.75e-12      0.00 6.934e-01 2.918e-01 1.930e-03 1.453e-03 6.482e-03 -1.000 1.476e-02 1.547 1.588 2.101 0.914
0.01471 0.00000 9.60000 1.3288832903 2.5226741814    1.328  1.333  3.6791  2.897    3  0.000  0.397     0.00     0.00     0.00     0.00     0.00 -1 -4.38e-12      0.00 6.934e-01 2.918e-01 1.928e-03 1.454e-03 6.482e-03 -1.000 1.476e-02 1.439 1.486 2.005 0.808
0.01471 0.00000 9.60000 1.3296875954 2.5227616654    1.329  1.376  3.6770  2.845    3  0.000  0.396     0.00     0.00     0.00     0.00     0.00 -1 -5.13e-12      0.00 6.934e-01 2.918e-01 1.928e-03 1.455e-03 6.483e-03 -1.000 1.476e-02 1.330 1.385 1.909 0.702
0.01471 0.00000 9.60000 1.3304260969 2.5228418849    1.329  1.419  3.6748  2.794    3  0.000  0.396     0.00     0.00     0.00     0.00     0.00 -1    -6e-12      0.00 6.934e-01 2.918e-01 1.927e-03 1.456e-03 6.483e-03 -1.000 1.476e-02 1.222 1.285 1.815 0.597
0.01471 0.00000 9.60000 1.3310782909 2.5229126441    1.330  1.460  3.6727  2.745    3  0.000  0.396     0.00     0.00     0.00     0.00     0.00 -1 -6.95e-12      0.00 6.934e-01 2.918e-01 1.926e-03 1.456e-03 6.483e-03 -1.000 1.476e-02 1.121 1.191 1.727 0.499
0.01471 0.00000 9.60000 1.3316929340 2.5229792563    1.331  1.500  3.6706  2.697    3  0.000  0.396     0.00     0.00     0.00     0.00     0.00 -1 -8.04e-12      0.00 6.934e-01 2.918e-01 1.926e-03 1.457e-03 6.483e-03 -1.000 1.476e-02 1.021 1.098 1.639 0.401
0.01471 0.00000 9.60000 1.3322662115 2.5230413218    1.331  1.535  3.6687  2.654    3  0.000  0.396     0.00     0.00     0.00     0.00     0.00 -1 -9.15e-12      0.00 6.934e-01 2.918e-01 1.925e-03 1.458e-03 6.483e-03 -1.000 1.476e-02 0.933 1.017 1.564 0.316
0.01471 0.00000 9.60000 1.3328588009 2.5231054136    1.332  1.569  3.6669  2.613    3  0.000  0.396     0.00     0.00     0.00     0.00     0.00 -1 -1.04e-11      0.00 6.934e-01 2.918e-01 1.925e-03 1.459e-03 6.483e-03 -1.000 1.476e-02 0.848 0.938 1.491 0.233
0.01471 0.00000 9.60000 1.3333715200 2.5231608141    1.332  1.590  3.6658  2.588    3  0.000  0.396     0.00     0.00     0.00     0.00     0.00 -1 -1.12e-11      0.00 6.934e-01 2.918e-01 1.924e-03 1.459e-03 6.484e-03 -1.000 1.476e-02 0.796 0.891 1.446 0.183
0.01471 0.00000 9.60000 1.3337209225 2.5231985398    1.332  1.573  3.6670  2.610    3  0.000  0.395     0.00     0.00     0.00     0.00     0.00 -1 -1.06e-11      0.00 6.934e-01 2.918e-01 1.924e-03 1.459e-03 6.484e-03 -1.000 1.476e-02 0.838 0.929 1.481 0.224
0.01471 0.00000 9.60000 1.3342058659 2.5232508624    1.333  1.537  3.6693  2.655    3  0.000  0.395     0.00     0.00     0.00     0.00     0.00 -1 -9.32e-12      0.00 6.934e-01 2.918e-01 1.923e-03 1.460e-03 6.484e-03 -1.000 1.476e-02 0.927 1.008 1.553 0.309
0.01471 0.00000 9.60000 1.3342361450 2.5232541279    1.333  1.535  3.6695  2.658    3  0.000  0.395     0.00     0.00     0.00     0.00     0.00 -1 -9.21e-12      0.00 6.934e-01 2.918e-01 1.923e-03 1.460e-03 6.484e-03 -1.000 1.476e-02 0.932 1.013 1.558 0.314
0.01471 0.00000 9.60000 1.3343144655 2.5232625737    1.333  1.541  3.6691  2.650    3  0.000  0.395     0.00     0.00     0.00     0.00     0.00 -1 -9.38e-12      0.00 6.934e-01 2.918e-01 1.923e-03 1.460e-03 6.484e-03 -1.000 1.476e-02 0.917 0.999 1.545 0.299
0.01471 0.00000 9.60000 1.3348423243 2.5233194664    1.333  1.586  3.6666  2.595    3  0.000  0.395     0.00     0.00     0.00     0.00     0.00 -1  -1.1e-11      0.00 6.934e-01 2.918e-01 1.923e-03 1.461e-03 6.484e-03 -1.000 1.476e-02 0.805 0.897 1.450 0.191
0.01471 0.00000 9.60000 1.3353828192 2.5233776673    1.334  1.632  3.6639  2.538    3  0.000  0.395     0.00     0.00     0.00     0.00     0.00 -1  -1.3e-11      0.00 6.934e-01 2.918e-01 1.922e-03 1.461e-03 6.484e-03 -1.000 1.476e-02 0.689 0.791 1.352 0.079
0.01471 0.00000 9.60000 1.3358739614 2.5234305070    1.334  1.677  3.6613  2.483    3  0.000  0.395     0.00     0.00     0.00     0.00     0.00 -1 -1.53e-11      0.00 6.934e-01 2.918e-01 1.922e-03 1.462e-03 6.484e-03 -1.000 1.476e-02 0.577 0.689 1.257 -0.029
0.01471 0.00000 9.60000 1.3363280296 2.5234793183    1.335  1.722  3.6586  2.428    3  0.000  0.395     0.00     0.00     0.00     0.00     0.00 -1 -1.81e-11      0.00 6.934e-01 2.918e-01 1.921e-03 1.462e-03 6.484e-03 -1.000 1.476e-02 0.465 0.588 1.165 -0.137
0.01471 0.00000 9.60000 1.3367494345 2.5235245843    1.335  1.767  3.6559  2.372    3  0.000  0.395     0.00     0.00     0.00     0.00     0.00 -1 -2.13e-11      0.00 6.934e-01 2.918e-01 1.921e-03 1.463e-03 6.484e-03 -1.000 1.476e-02 0.353 0.487 1.074 -0.245
0.01471 0.00000 9.60000 1.3371316195 2.5235656090    1.335  1.811  3.6531  2.317    3  0.000  0.395     0.00     0.00     0.00     0.00     0.00 -1 -2.51e-11      0.00 6.934e-01 2.918e-01 1.920e-03 1.463e-03 6.485e-03 -1.000 1.476e-02 0.244 0.389 0.986 -0.351
0.01471 0.00000 9.60000 1.3374847174 2.5236034875    1.336  1.855  3.6503  2.262    3  0.000  0.395     0.00     0.00     0.00     0.00     0.00 -1 -2.96e-11      0.00 6.934e-01 2.918e-01 1.920e-03 1.464e-03 6.485e-03 -1.000 1.476e-02 0.134 0.290 0.897 -0.456
0.01471 0.00000 9.60000 1.3378176689 2.5236391837    1.336  1.899  3.6475  2.207    3  0.000  0.395     0.00     0.00     0.00     0.00     0.00 -1 -3.49e-11      0.00 6.934e-01 2.918e-01 1.920e-03 1.464e-03 6.485e-03 -1.000 1.476e-02 0.022 0.192 0.809 -0.562
0.01471 0.00000 9.60000 1.3381156921 2.5236711178    1.336  1.942  3.6447  2.152    3  0.000  0.395     0.00     0.00     0.00     0.00     0.00 -1 -4.11e-11      0.00 6.934e-01 2.918e-01 1.919e-03 1.464e-03 6.485e-03 -1.000 1.476e-02 -0.086 0.097 0.725 -0.665
0.01471 0.00000 9.60000 1.3383888006 2.5237003680    1.336  1.985  3.6418  2.098    3  0.000  0.394     0.00     0.00     0.00     0.00     0.00 -1 -4.83e-11      0.00 6.934e-01 2.918e-01 1.919e-03 1.465e-03 6.485e-03 -1.000 1.476e-02 -0.194 0.002 0.641 -0.768
0.01471 0.00000 9.60000 1.3386392593 2.5237271802    1.336  2.028  3.6390  2.043    3  0.000  0.394     0.00     0.00     0.00     0.00     0.00 -1 -5.67e-11      0.00 6.934e-01 2.918e-01 1.919e-03 1.465e-03 6.485e-03 -1.000 1.476e-02 -0.301 -0.091 0.559 -0.868
0.01471 0.00000 9.60000 1.3388735056 2.5237522464    1.336  2.072  3.6360  1.988    3  0.000  0.394     0.00     0.00     0.00     0.00     0.00 -1 -6.67e-11      0.00 6.934e-01 2.918e-01 1.919e-03 1.465e-03 6.485e-03 -1.000 1.476e-02 -0.409 -0.184 0.478 -0.969
0.01471 0.00000 9.60000 1.3390828371 2.5237746380    1.336  2.114  3.6331  1.935    3  0.000  0.394     0.00     0.00     0.00     0.00     0.00 -1 -7.82e-11      0.00 6.934e-01 2.918e-01 1.919e-03 1.466e-03 6.485e-03 -1.000 1.476e-02 -0.514 -0.274 0.398 -1.066
0.01471 0.00000 9.60000 1.3392823935 2.5237959765    1.336  2.157  3.6301  1.879    3  0.000  0.394     0.00     0.00     0.00     0.00     0.00 -1 -9.21e-11      0.00 6.934e-01 2.918e-01 1.918e-03 1.466e-03 6.485e-03 -1.000 1.476e-02 -0.622 -0.366 0.316 -1.166
0.01471 0.00000 9.60000 1.3394608498 2.5238150526    1.336  2.199  3.6271  1.826    3  0.000  0.394     0.00     0.00     0.00     0.00     0.00 -1 -1.08e-10      0.00 6.934e-01 2.918e-01 1.918e-03 1.466e-03 6.485e-03 -1.000 1.476e-02 -0.727 -0.454 0.239 -1.260
0.01471 0.00000 9.60000 1.3396275043 2.5238328619    1.336  2.241  3.6241  1.772    3  0.000  0.394     0.00     0.00     0.00     0.00     0.00 -1 -1.26e-10      0.00 6.934e-01 2.918e-01 1.918e-03 1.466e-03 6.485e-03 -1.000 1.476e-02 -0.832 -0.542 0.161 -1.355
0.01471 0.00000 9.60000 1.3397814035 2.5238493035    1.336  2.283  3.6211  1.718    3  0.000  0.394     0.00     0.00     0.00     0.00     0.00 -1 -1.48e-10      0.00 6.934e-01 2.918e-01 1.918e-03 1.466e-03 6.485e-03 -1.000 1.476e-02 -0.937 -0.630 0.083 -1.450
0.01471 0.00000 9.60000 1.3399235010 2.5238644805    1.336  2.324  3.6180  1.664    3  0.000  0.394     0.00     0.00     0.00     0.00     0.00 -1 -1.74e-10      0.00 6.934e-01 2.918e-01 1.918e-03 1.467e-03 6.485e-03 -1.000 1.476e-02 -1.041 -0.716 0.007 -1.543
0.01471 0.00000 9.60000 1.3400548697 2.5238785082    1.336  2.366  3.6149  1.610    3  0.000  0.394     0.00     0.00     0.00     0.00     0.00 -1 -2.03e-10      0.00 6.934e-01 2.918e-01 1.918e-03 1.467e-03 6.485e-03 -1.000 1.476e-02 -1.145 -0.801 -0.068 -1.635
0.01471 0.00000 9.60000 1.3401756287 2.5238914003    1.336  2.407  3.6118  1.556    3  0.000  0.394     0.00     0.00     0.00     0.00     0.00 -1 -2.38e-10      0.00 6.934e-01 2.918e-01 1.917e-03 1.467e-03 6.485e-03 -1.000 1.476e-02 -1.248 -0.885 -0.143 -1.726
0.01471 0.00000 9.60000 1.3402868509 2.5239032719    1.336  2.448  3.6087  1.503    3  0.000  0.394     0.00     0.00     0.00     0.00     0.00 -1 -2.78e-10      0.00 6.934e-01 2.918e-01 1.917e-03 1.467e-03 6.485e-03 -1.000 1.476e-02 -1.349 -0.967 -0.214 -1.815
0.01471 0.00000 9.60000 1.3403916359 2.5239144543    1.336  2.489  3.6056  1.449    3  0.000  0.394     0.00     0.00     0.00     0.00     0.00 -1 -3.26e-10      0.00 6.934e-01 2.918e-01 1.917e-03 1.467e-03 6.485e-03 -1.000 1.476e-02 -1.453 -1.048 -0.280 -1.907
0.01471 0.00000 9.60000 1.3404855728 2.5239244773    1.335  2.529  3.6024  1.396    3  0.000  0.394    10.03     7.35     5.21     3.97     3.22  4  -3.8e-10      0.00 6.934e-01 2.918e-01 1.917e-03 1.467e-03 6.485e-03 -1.000 1.476e-02 -1.553 -1.126 -0.342 -1.995
0.01471 0.00000 9.60000 1.3405723572 2.5239337357    1.335  2.569  3.5992  1.344    3  0.000  0.394    11.17     8.08     5.70     4.35     3.54  4 -4.42e-10      0.00 6.934e-01 2.918e-01 1.917e-03 1.467e-03 6.485e-03 -1.000 1.476e-02 -1.652 -1.202 -0.401 -2.081
0.01471 0.00000 9.60000 1.3406553268 2.5239425858    1.335  2.609  3.5960  1.290    3  0.000  0.394    12.46     8.90     6.26     4.78     3.88  4 -5.17e-10      0.00 6.934e-01 2.918e-01 1.917e-03 1.467e-03 6.486e-03 -1.000 1.476e-02 -1.753 -1.278 -0.458 -2.168
0.01471 0.00000 9.60000 1.3407292366 2.5239504685    1.334  2.648  3.5928  1.239    3  0.000  0.394    13.85     9.77     6.84     5.23     4.25  4    -6e-10      0.00 6.934e-01 2.918e-01 1.917e-03 1.467e-03 6.486e-03 -1.000 1.476e-02 -1.850 -1.348 -0.510 -2.251
0.01471 0.00000 9.60000 1.3407995701 2.5239579689    1.334  2.687  3.5894  1.186    3  0.000  0.394    15.42    10.74     7.49     5.74     4.67  4 -6.99e-10      0.00 6.934e-01 2.918e-01 1.917e-03 1.468e-03 6.486e-03 -1.000 1.476e-02 -1.948 -1.419 -0.560 -2.334
0.01471 0.00000 9.60000 1.3408663273 2.5239650870    1.334  2.727  3.5861  1.133    3  0.000  0.394    17.19    11.82     8.21     6.29     5.12  4 -8.15e-10      0.00 6.934e-01 2.918e-01 1.917e-03 1.468e-03 6.486e-03 -1.000 1.476e-02 -2.047 -1.487 -0.604 -2.416
0.01471 0.00000 9.60000 1.3409256935 2.5239714164    1.333  2.764  3.5829  1.082    3  0.000  0.394    19.07    12.96     8.96     6.88     5.60  3 -9.44e-10      0.00 6.934e-01 2.918e-01 1.917e-03 1.468e-03 6.486e-03 -1.000 1.476e-02 -2.141 -1.551 -0.644 -2.492
0.01471 0.00000 9.60000 1.3409820795 2.5239774274    1.333  2.802  3.5795  1.030    3  0.000  0.394    21.19    14.23     9.79     7.53     6.13  3 -1.09e-09      0.00 6.934e-01 2.918e-01 1.917e-03 1.468e-03 6.486e-03 -1.000 1.476e-02 -2.235 -1.613 -0.681 -2.569
0.01471 0.00000 9.60000 1.3410354853 2.5239831202    1.332  2.840  3.5760  0.978    3  0.000  0.394    23.56    15.63    10.71     8.25     6.72  3 -1.27e-09      0.00 6.934e-01 2.918e-01 1.917e-03 1.468e-03 6.486e-03 -1.000 1.476e-02 -2.331 -1.670 -0.704 -2.642
0.01471 0.00000 9.60000 1.3410966396 2.5239896383    1.331  2.887  3.5717  0.914    3  0.000  0.394    26.87    17.55    11.97     9.23     7.52  3 -1.53e-09      0.00 6.934e-01 2.918e-01 1.917e-03 1.468e-03 6.486e-03 -1.000 1.476e-02 -2.448 -1.737 -0.729 -2.732
0.01471 0.00000 9.60000 1.3411518335 2.5239955205    1.330  2.932  3.5674  0.851    3  0.000  0.394    30.55    19.66    13.33    10.30     8.39  3 -1.82e-09      0.00 6.934e-01 2.918e-01 1.916e-03 1.468e-03 6.486e-03 -1.000 1.476e-02 -2.560 -1.795 -0.735 -2.813
0.01471 0.00000 9.60000 1.3412029743 2.5240009703    1.329  2.977  3.5630  0.789    3  0.000  0.394    34.72    22.01    14.85    11.50     9.37  3 -2.18e-09      0.00 6.934e-01 2.918e-01 1.916e-03 1.468e-03 6.486e-03 -1.000 1.476e-02 -2.672 -1.847 -0.729 -2.891
0.01471 0.00000 9.60000 1.3412503004 2.5240060131    1.328  3.021  3.5585  0.727    3  0.000  0.394    39.41    24.62    16.53    12.82    10.45  3  -2.6e-09      0.00 6.934e-01 2.918e-01 1.916e-03 1.468e-03 6.486e-03 -1.000 1.476e-02 -2.782 -1.893 -0.711 -2.964
0.01471 0.00000 9.60000 1.3412942886 2.5240107000    1.327  3.064  3.5541  0.665    3  0.000  0.394    44.73    27.53    18.39    14.28    11.65  2  -3.1e-09      0.00 6.934e-01 2.918e-01 1.916e-03 1.468e-03 6.486e-03 -1.000 1.476e-02 -2.891 -1.931 -0.672 -3.030
0.01471 0.00000 9.60000 1.3413349390 2.5240150308    1.326  3.107  3.5495  0.603    3  0.000  0.394    50.71    30.75    20.44    15.90    12.97  2 -3.68e-09      0.00 6.934e-01 2.918e-01 1.916e-03 1.468e-03 6.486e-03 -1.000 1.476e-02 -2.999 -1.966 -0.627 -3.093
0.01471 0.00000 9.60000 1.3413733244 2.5240191201    1.324  3.150  3.5449  0.541    3  0.000  0.394    57.55    34.39    22.74    17.72    14.46  2 -4.39e-09      0.00 6.934e-01 2.918e-01 1.916e-03 1.468e-03 6.486e-03 -1.000 1.476e-02 -3.106 -1.988 -0.552 -3.146
0.01471 0.00000 9.60000 1.3414084911 2.5240228662    1.323  3.192  3.5403  0.480    3  0.000  0.394    65.18    38.38    25.26    19.72    16.09  2 -5.21e-09      0.00 6.934e-01 2.918e-01 1.916e-03 1.468e-03 6.486e-03 -1.000 1.476e-02 -3.211 -2.006 -0.470 -3.196
0.01471 0.00000 9.60000 1.3414417505 2.5240264090    1.321  3.234  3.5356  0.419    3  0.000  0.394    73.84    42.85    28.06    21.94    17.91  2 -6.19e-09      0.00 6.934e-01 2.918e-01 1.916e-03 1.468e-03 6.486e-03 -1.000 1.476e-02 -3.315 -2.009 -0.355 -3.231
0.01471 0.00000 9.60000 1.3414727449 2.5240297103    1.319  3.275  3.5309  0.359    3  0.000  0.394    83.57    47.80    31.14    24.39    19.91  2 -7.34e-09      0.00 6.934e-01 2.918e-01 1.916e-03 1.468e-03 6.486e-03 -1.000 1.476e-02 -3.418 -2.009 -0.234 -3.263
0.01471 0.00000 9.60000 1.3415018320 2.5240328083    1.317  3.316  3.5261  0.298    3  0.000  0.394    94.54    53.29    34.55    27.11    22.13  2  -8.7e-09      0.00 6.934e-01 2.918e-01 1.916e-03 1.468e-03 6.486e-03 -1.000 1.476e-02 -3.519 -1.990 -0.082 -3.275
0.01471 0.00000 9.60000 1.3415285349 2.5240356522    1.314  3.355  3.5213  0.239    3  0.000  0.394   106.59    59.24    38.22    30.04    24.53  2 -1.03e-08      0.00 6.934e-01 2.918e-01 1.916e-03 1.468e-03 6.486e-03 -1.000 1.476e-02 -3.616 -1.961 0.085 -3.277
0.01471 0.00000 9.60000 1.3415545225 2.5240384198    1.311  3.391  3.5167  0.183    3  0.000  0.394   119.56    65.54    42.10    33.14    27.07  2  -1.2e-08      0.00 6.934e-01 2.918e-01 1.916e-03 1.468e-03 6.486e-03 -1.000 1.476e-02 -3.709 -1.912 0.279 -3.256
0.01471 0.00000 9.60000 1.3415619135 2.5240392069    1.310  3.401  3.5155  0.168    3  0.000  0.394   123.32    67.36    43.21    34.03    27.80  2 -1.26e-08      0.00 6.934e-01 2.918e-01 1.916e-03 1.468e-03 6.486e-03 -1.000 1.476e-02 -3.734 -1.896 0.335 -3.247
0.01471 0.00000 9.60000 1.3415619135 2.5240392069    1.310  1.732  3.6739  2.471    4  0.000  0.399     0.00     0.00     0.00     0.00     0.00 -1    -1e-30      0.00 6.895e-01 2.956e-01 1.944e-03 1.468e-03 6.497e-03 -1.000 1.487e-02 0.439 0.504 1.035 -0.184
0.01471 0.00000 9.60000 1.3418780565 2.5240728651    1.311  1.745  3.6729  2.455    4  0.000  0.399     0.00     0.00     0.00     0.00     0.00 -1    -1e-30      0.00 6.895e-01 2.956e-01 1.944e-03 1.469e-03 6.497e-03 -1.000 1.487e-02 0.408 0.477 1.011 -0.214
0.01471 0.00000 9.60000 1.3422061205 2.5241077732    1.311  1.750  3.6727  2.448    4  0.000  0.399     0.00     0.00     0.00     0.00     0.00 -1    -1e-30      0.00 6.895e-01 2.956e-01 1.944e-03 1.469e-03 6.497e-03 -1.000 1.487e-02 0.396 0.465 1.000 -0.226
0.01471 0.00000 9.60000 1.3425359726 2.5241428518    1.311  1.750  3.6729  2.449    4  0.000  0.399     0.00     0.00     0.00     0.00     0.00 -1    -1e-30      0.00 6.895e-01 2.957e-01 1.943e-03 1.469e-03 6.497e-03 -1.000 1.487e-02 0.396 0.464 0.998 -0.226
0.01471 0.00000 9.60000 1.3428671360 2.5241780499    1.312  1.748  3.6732  2.452    4  0.000  0.399     0.00     0.00     0.00     0.00     0.00 -1    -1e-30      0.00 6.895e-01 2.957e-01 1.943e-03 1.470e-03 6.497e-03 -1.000 1.487e-02 0.399 0.466 1.000 -0.223
0.01471 0.00000 9.60000 1.3432060480 2.5242140509    1.312  1.747  3.6736  2.455    4  0.000  0.399     0.00     0.00     0.00     0.00     0.00 -1    -1e-30      0.00 6.895e-01 2.957e-01 1.943e-03 1.470e-03 6.497e-03 -1.000 1.487e-02 0.403 0.469 1.001 -0.220
0.01471 0.00000 9.60000 1.3435342312 2.5242488924    1.313  1.745  3.6739  2.458    4  0.000  0.399     0.00     0.00     0.00     0.00     0.00 -1    -1e-30      0.00 6.895e-01 2.957e-01 1.942e-03 1.471e-03 6.497e-03 -1.000 1.487e-02 0.407 0.471 1.003 -0.216
0.01471 0.00000 9.60000 1.3438670635 2.5242842074    1.313  1.744  3.6743  2.461    4  0.000  0.398     0.00     0.00     0.00     0.00     0.00 -1    -1e-30      0.00 6.895e-01 2.957e-01 1.942e-03 1.471e-03 6.497e-03 -1.000 1.487e-02 0.410 0.474 1.004 -0.213
0.01471 0.00000 9.60000 1.3441983461 2.5243193380    1.313  1.743  3.6746  2.464    4  0.000  0.398     0.00     0.00     0.00     0.00     0.00 -1    -1e-30      0.00 6.895e-01 2.957e-01 1.941e-03 1.472e-03 6.497e-03 -1.000 1.487e-02 0.413 0.476 1.005 -0.210
0.01471 0.00000 9.60000 1.3445132971 2.5243527183    1.314  1.741  3.6749  2.467    4  0.000  0.398     0.00     0.00     0.00     0.00     0.00 -1    -1e-30      0.00 6.895e-01 2.957e-01 1.941e-03 1.472e-03 6.497e-03 -1.000 1.487e-02 0.416 0.478 1.006 -0.208
0.01471 0.00000 9.60000 1.3448225260 2.5243854746    1.314  1.741  3.6752  2.469    4  0.000  0.398     0.00     0.00     0.00     0.00     0.00 -1    -1e-30      0.00 6.895e-01 2.957e-01 1.941e-03 1.472e-03 6.497e-03 -1.000 1.487e-02 0.418 0.479 1.006 -0.206
0.01471 0.00000 9.60000 1.3451517820 2.5244203333    1.314  1.740  3.6754  2.470    4  0.000  0.398     0.00     0.00     0.00     0.00     0.00 -1    -1e-30      0.00 6.895e-01 2.957e-01 1.940e-03 1.473e-03 6.497e-03 -1.000 1.487e-02 0.420 0.480 1.007 -0.205
0.01471 0.00000 9.60000 1.3454651833 2.5244534953    1.315  1.740  3.6756  2.472    4  0.000  0.398     0.00     0.00     0.00     0.00     0.00 -1    -1e-30      0.00 6.895e-01 2.957e-01 1.940e-03 1.473e-03 6.497e-03 -1.000 1.487e-02 0.421 0.480 1.006 -0.204
0.01471 0.00000 9.60000 1.3457792997 2.5244867151    1.315  1.739  3.6759  2.473    4  0.000  0.398     0.00     0.00     0.00     0.00     0.00 -1    -1e-30      0.00 6.895e-01 2.957e-01 1.940e-03 1.474e-03 6.497e-03 -1.000 1.487e-02 0.422 0.480 1.006 -0.203
0.01471 0.00000 9.60000 1.3461246490 2.5245232174    1.316  1.739  3.6761  2.474    4  0.000  0.398     0.00     0.00     0.00     0.00     0.00 -1    -1e-30      0.00 6.895e-01 2.957e-01 1.939e-03 1.474e-03 6.497e-03 -1.000 1.487e-02 0.422 0.480 1.005 -0.203
0.01471 0.00000 9.60000 1.3461629152 2.5245272607    1.316  1.739  3.6761  2.474    4  0.000  0.398     0.00     0.00     0.00     0.00     0.00 -1    -1e-30      0.00 6.895e-01 2.957e-01 1.939e-03 1.474e-03 6.497e-03 -1.000 1.487e-02 0.422 0.480 1.005 -0.203
0.01471 0.00000 9.60000 1.3461996317 2.5245311400    1.316  1.739  3.6761  2.474    4  0.000  0.398     0.00     0.00     0.00     0.00     0.00 -1    -1e-30      0.00 6.895e-01 2.957e-01 1.939e-03 1.474e-03 6.497e-03 -1.000 1.487e-02 0.422 0.480 1.005 -0.203
0.01471 0.00000 9.60000 1.3465348482 2.5245665462    1.316  1.739  3.6763  2.475    4  0.000  0.398     0.00     0.00     0.00     0.00     0.00 -1    -1e-30      0.00 6.895e-01 2.957e-01 1.939e-03 1.475e-03 6.497e-03 -1.000 1.487e-02 0.422 0.479 1.004 -0.203
0.01471 0.00000 9.60000 1.3468711376 2.5246020453    1.316  1.739  3.6764  2.476    4  0.000  0.398     0.00     0.00     0.00     0.00     0.00 -1    -1e-30      0.00 6.895e-01 2.957e-01 1.939e-03 1.475e-03 6.497e-03 -1.000 1.487e-02 0.422 0.478 1.002 -0.203
0.01471 0.00000 9.60000 1.3472036123 2.5246371217    1.317  1.740  3.6766  2.476    4  0.000  0.398     0.00     0.00     0.00     0.00     0.00 -1    -1e-30      0.00 6.895e-01 2.957e-01 1.938e-03 1.475e-03 6.497e-03 -1.000 1.487e-02 0.421 0.477 1.000 -0.205
0.01471 0.00000 9.60000 1.3475508690 2.5246737364    1.317  1.740  3.6767  2.476    4  0.000  0.398     0.00     0.00     0.00     0.00     0.00 -1    -1e-30      0.00 6.895e-01 2.957e-01 1.938e-03 1.476e-03 6.497e-03 -1.000 1.487e-02 0.420 0.475 0.998 -0.206
0.01471 0.00000 9.60000 1.3478957415 2.5247100782    1.318  1.741  3.6768  2.476    4  0.000  0.398     0.00     0.00     0.00     0.00     0.00 -1    -1e-30      0.00 6.895e-01 2.957e-01 1.937e-03 1.476e-03 6.497e-03 -1.000 1.487e-02 0.417 0.473 0.996 -0.208
0.01471 0.00000 9.60000 1.3482463360 2.5247470011    1.318  1.742  3.6768  2.475    4  0.000  0.397     0.00     0.00     0.00     0.00     0.00 -1    -1e-30      0.00 6.895e-01 2.957e-01 1.937e-03 1.477e-03 6.497e-03 -1.000 1.487e-02 0.414 0.469 0.992 -0.212
0.01471 0.00000 9.60000 1.3485502005 2.5247789847    1.318  1.744  3.6768  2.473    4  0.000  0.397     0.00     0.00     0.00     0.00     0.00 -1    -1e-30      0.00 6.895e-01 2.957e-01 1.937e-03 1.477e-03 6.497e-03 -1.000 1.487e-02 0.411 0.466 0.989 -0.215
0.01471 0.00000 9.60000 1.3485891819 2.5247830866    1.318  1.744  3.6768  2.473    4  0.000  0.397     0.00     0.00     0.00     0.00     0.00 -1    -1e-30      0.00 6.895e-01 2.957e-01 1.937e-03 1.477e-03 6.497e-03 -1.000 1.487e-02 0.410 0.466 0.989 -0.216
0.01471 0.00000 9.60000 1.3489030600 2.5248161046    1.319  1.746  3.6767  2.471    4  0.000  0.397     0.00     0.00     0.00     0.00     0.00 -1    -1e-30      0.00 6.895e-01 2.957e-01 1.936e-03 1.478e-03 6.497e-03 -1.000 1.487e-02 0.406 0.461 0.984 -0.220
0.01471 0.00000 9.60000 1.3492231369 2.5248497565    1.319  1.748  3.6766  2.468    4  0.000  0.397     0.00     0.00     0.00     0.00     0.00 -1    -1e-30      0.00 6.895e-01 2.957e-01 1.936e-03 1.478e-03 6.497e-03 -1.000 1.487e-02 0.400 0.456 0.979 -0.226
0.01471 0.00000 9.60000 1.3495494127 2.5248840413    1.319  1.751  3.6764  2.465    4  0.000  0.397     0.00     0.00     0.00     0.00     0.00 -1    -1e-30      0.00 6.895e-01 2.957e-01 1.936e-03 1.478e-03 6.497e-03 -1.000 1.487e-02 0.393 0.449 0.974 -0.233
0.01471 0.00000 9.60000 1.3498651981 2.5249172056    1.320  1.754  3.6761  2.461    4  0.000  0.397     0.00     0.00     0.00     0.00     0.00 -1    -1e-30      0.00 6.895e-01 2.957e-01 1.935e-03 1.479e-03 6.497e-03 -1.000 1.487e-02 0.385 0.442 0.967 -0.241
0.01471 0.00000 9.60000 1.3501888514 2.5249511776    1.320  1.758  3.6758  2.455    4  0.000  0.397     0.00     0.00     0.00     0.00     0.00 -1    -1e-30      0.00 6.895e-01 2.957e-01 1.935e-03 1.479e-03 6.497e-03 -1.000 1.487e-02 0.374 0.432 0.958 -0.251
0.01471 0.00000 9.60000 1.3505054712 2.5249843933    1.320  1.763  3.6754  2.449    4  0.000  0.397     0.00     0.00     0.00     0.00     0.00 -1    -1e-30      0.00 6.895e-01 2.957e-01 1.935e-03 1.480e-03 6.497e-03 -1.000 1.487e-02 0.362 0.422 0.949 -0.263
0.01471 0.00000 9.60000 1.3508172035 2.5250170788    1.321  1.769  3.6750  2.442    4  0.000  0.397     0.00     0.00     0.00     0.00     0.00 -1    -1e-30      0.00 6.895e-01 2.957e-01 1.934e-03 1.480e-03 6.497e-03 -1.000 1.487e-02 0.349 0.410 0.938 -0.276
0.01471 0.00000 9.60000 1.3511352539 2.5250504089    1.321  1.776  3.6744  2.433    4  0.000  0.397     0.00     0.00     0.00     0.00     0.00 -1    -1e-30      0.00 6.895e-01 2.957e-01 1.934e-03 1.480e-03 6.497e-03 -1.000 1.488e-02 0.331 0.394 0.924 -0.293
0.01471 0.00000 9.60000 1.3514580727 2.5250842202    1.322  1.785  3.6735  2.420    4  0.000  0.397     0.00     0.00     0.00     0.00     0.00 -1    -1e-30      0.00 6.895e-01 2.957e-01 1.934e-03 1.481e-03 6.497e-03 -1.000 1.488e-02 0.307 0.373 0.906 -0.316
0.01471 0.00000 9.60000 1.3517879248 2.5251187489    1.322  1.796  3.6726  2.406    4  0.000  0.397     0.00     0.00     0.00     0.00     0.00 -1    -1e-30      0.00 6.895e-01 2.957e-01 1.933e-03 1.481e-03 6.497e-03 -1.000 1.488e-02 0.281 0.350 0.886 -0.341
0.01471 0.00000 9.60000 1.3521077633 2.5251522110    1.322  1.814  3.6709  2.381    4  0.000  0.397     0.00     0.00     0.00     0.00     0.00 -1    -1e-30      0.00 6.895e-01 2.957e-01 1.933e-03 1.482e-03 6.497e-03 -1.000 1.488e-02 0.235 0.310 0.850 -0.386
0.01471 0.00000 9.60000 1.3523467779 2.5251772052    1.323  1.851  3.6675  2.330    4  0.000  0.397     0.00     0.00     0.00     0.00     0.00 -1    -1e-30      0.00 6.895e-01 2.957e-01 1.933e-03 1.482e-03 6.497e-03 -1.000 1.488e-02 0.141 0.229 0.780 -0.476
0.01471 0.00000 9.60000 1.3524670601 2.5251897795    1.323  1.893  3.6638  2.274    4  0.000  0.396     0.00     0.00     0.00     0.00     0.00 -1    -1e-30      0.00 6.895e-01 2.957e-01 1.932e-03 1.482e-03 6.497e-03 -1.000 1.488e-02 0.039 0.139 0.703 -0.574
0.01471 0.00000 9.60000 1.3525292873 2.5251962838    1.323  1.936  3.6600  2.216    4  0.000  0.396     0.00     0.00     0.00     0.00     0.00 -1    -1e-30      0.00 6.895e-01 2.957e-01 1.932e-03 1.482e-03 6.497e-03 -1.000 1.488e-02 -0.070 0.046 0.621 -0.677
0.01471 0.00000 9.60000 1.3525577784 2.5251992615    1.323  1.976  3.6566  2.162    4  0.000  0.396     0.00     0.00     0.00     0.00     0.00 -1    -1e-30      0.00 6.895e-01 2.957e-01 1.932e-03 1.482e-03 6.497e-03 -1.000 1.488e-02 -0.169 -0.039 0.548 -0.771
0.01471 0.00000 9.60000 1.3525736332 2.5252009185    1.323  2.015  3.6531  2.109    4  0.000  0.396     0.00     0.00     0.00     0.00     0.00 -1    -1e-30      0.00 6.895e-01 2.957e-01 1.932e-03 1.482e-03 6.497e-03 -1.000 1.488e-02 -0.269 -0.125 0.475 -0.865
0.01471 0.00000 9.60000 1.3525829315 2.5252018903    1.323  2.054  3.6498  2.057    4  0.000  0.396     0.00     0.00     0.00     0.00     0.00 -1    -1e-30      0.00 6.895e-01 2.957e-01 1.932e-03 1.482e-03 6.497e-03 -1.000 1.488e-02 -0.365 -0.208 0.403 -0.957
0.01471 0.00000 9.60000 1.3525890112 2.5252025257    1.323  2.090  3.6468  2.009    4  0.000  0.396     0.00     0.00     0.00     0.00     0.00 -1    -1e-30      0.00 6.895e-01 2.957e-01 1.932e-03 1.482e-03 6.497e-03 -1.000 1.488e-02 -0.455 -0.284 0.338 -1.041
0.01471 0.00000 9.60000 1.3525898457 2.5252026129    1.323  2.095  3.6464  2.002    7  0.000  0.396     0.00     0.00     0.00     0.00     0.00 -1    -1e-30      0.00 6.895e-01 2.957e-01 1.932e-03 1.482e-03 6.497e-03 -1.000 1.488e-02 -0.469 -0.295 0.329 -1.053
0.01471 0.00000 9.60000 1.3525956869 2.5252032233    1.323  2.137  3.6429  1.946    7  0.000  0.396     0.00     0.00     0.00     0.00     0.00 -1    -1e-30      0.00 6.895e-01 2.957e-01 1.932e-03 1.482e-03 6.497e-03 -1.000 1.488e-02 -0.574 -0.383 0.252 -1.150
0.01471 0.00000 9.60000 1.3526005745 2.5252037341    1.323  2.171  3.6401  1.901    7  0.000  0.396     0.00     0.00     0.00     0.00     0.00 -1    -1e-30      0.00 6.895e-01 2.957e-01 1.932e-03 1.482e-03 6.497e-03 -1.000 1.488e-02 -0.657 -0.454 0.191 -1.227
0.01471 0.00000 9.60000 1.3526054621 2.5252042449    1.323  2.190  3.6386  1.876    7  0.000  0.396     0.00     0.00     0.00     0.00     0.00 -1    -1e-30      0.00 6.895e-01 2.957e-01 1.932e-03 1.482e-03 6.497e-03 -1.000 1.488e-02 -0.704 -0.493 0.157 -1.270
0.01471 0.00000 9.60000 1.3526105881 2.5252047806    1.323  2.204  3.6374  1.858    7  0.000  0.396     0.00     0.00     0.00     0.00     0.00 -1    -1e-30      0.00 6.895e-01 2.957e-01 1.932e-03 1.482e-03 6.497e-03 -1.000 1.488e-02 -0.739 -0.522 0.131 -1.302
0.01471 0.00000 9.60000 1.3526241779 2.5252062008    1.323  2.205  3.6373  1.856    7  0.000  0.396     0.00     0.00     0.00     0.00     0.00 -1 -1.01e-30      0.00 6.895e-01 2.957e-01 1.932e-03 1.482e-03 6.497e-03 -1.000 1.488e-02 -0.743 -0.526 0.128 -1.305
0.01471 0.00000 9.60000 1.3526320457 2.5252070230    1.323  2.191  3.6385  1.875    7  0.000  0.396     0.00     0.00     0.00     0.00     0.00 -1 -1.02e-30      0.00 6.895e-01 2.957e-01 1.932e-03 1.482e-03 6.497e-03 -1.000 1.488e-02 -0.707 -0.496 0.154 -1.273
0.01471 0.00000 9.60000 1.3526494503 2.5252088417    1.323  2.169  3.6404  1.905    7  0.000  0.396     0.00     0.00     0.00     0.00     0.00 -1 -1.07e-30      0.00 6.895e-01 2.957e-01 1.932e-03 1.482e-03 6.497e-03 -1.000 1.488e-02 -0.652 -0.450 0.194 -1.222
0.01471 0.00000 9.60000 1.3526822329 2.5252122673    1.323  2.154  3.6417  1.925    7  0.000  0.396     0.00     0.00     0.00     0.00     0.00 -1  -3.9e-30      0.00 6.895e-01 2.957e-01 1.932e-03 1.482e-03 6.497e-03 -1.000 1.490e-02 -0.614 -0.418 0.221 -1.188
0.01471 0.00000 9.60000 1.3528609276 2.5252309365    1.323  2.141  3.6427  1.941    7  0.000  0.396     0.00     0.00     0.00     0.00     0.00 -1 -9.85e-21      0.00 6.895e-01 2.953e-01 1.932e-03 1.483e-03 6.497e-03 -1.000 1.523e-02 -0.583 -0.392 0.245 -1.159
0.01471 0.00000 9.60000 1.3530281782 2.5252484049    1.323  2.163  3.6408  1.912    7  0.000  0.396     0.00     0.00     0.00     0.00     0.00 -1  -1.3e-10      0.00 6.895e-01 2.949e-01 1.932e-03 1.483e-03 6.497e-03 -1.000 1.560e-02 -0.637 -0.437 0.205 -1.208
0.01471 0.00000 9.60000 1.3531680107 2.5252630058    1.323  2.203  3.6375  1.859    7  0.000  0.396     0.00     0.00     0.00     0.00     0.00 -1 -3.96e-10      0.00 6.895e-01 2.949e-01 1.932e-03 1.483e-03 6.497e-03 -1.000 1.561e-02 -0.736 -0.520 0.134 -1.299
0.01471 0.00000 9.60000 1.3532876968 2.5252755004    1.322  2.245  3.6340  1.803    7  0.000  0.396     0.00     0.00     0.00     0.00     0.00 -1 -4.94e-10      0.00 6.894e-01 2.949e-01 1.932e-03 1.483e-03 6.497e-03 -1.000 1.562e-02 -0.842 -0.607 0.058 -1.395
0.01471 0.00000 9.60000 1.3533873558 2.5252859022    1.322  2.287  3.6305  1.747    7  0.000  0.396     0.00     0.00     0.00     0.00     0.00 -1 -6.08e-10      0.00 6.894e-01 2.949e-01 1.931e-03 1.483e-03 6.497e-03 -1.000 1.561e-02 -0.946 -0.694 -0.017 -1.489
0.01471 0.00000 9.60000 1.3534709215 2.5252946230    1.321  2.328  3.6271  1.692    7  0.000  0.396     0.00     0.00     0.00     0.00     0.00 -1 -7.47e-10      0.00 6.894e-01 2.949e-01 1.931e-03 1.483e-03 6.497e-03 -1.000 1.561e-02 -1.049 -0.777 -0.089 -1.581
0.01471 0.00000 9.60000 1.3535430431 2.5253021486    1.321  2.368  3.6236  1.637    7  0.000  0.396     0.00     0.00     0.00     0.00     0.00 -1 -9.15e-10      0.00 6.894e-01 2.949e-01 1.931e-03 1.484e-03 6.497e-03 -1.000 1.561e-02 -1.151 -0.860 -0.161 -1.671
0.01471 0.00000 9.60000 1.3536057472 2.5253086906    1.320  2.409  3.6202  1.583    7  0.000  0.396     0.00     0.00     0.00     0.00     0.00 -1 -1.12e-09      0.00 6.894e-01 2.949e-01 1.931e-03 1.484e-03 6.497e-03 -1.000 1.561e-02 -1.252 -0.942 -0.233 -1.761
0.01471 0.00000 9.60000 1.3536615372 2.5253145108    1.320  2.450  3.6168  1.528    7  0.000  0.396     0.00     0.00     0.00     0.00     0.00 -1 -1.37e-09      0.00 6.894e-01 2.949e-01 1.931e-03 1.484e-03 6.497e-03 -1.000 1.561e-02 -1.354 -1.023 -0.302 -1.850
0.01471 0.00000 9.60000 1.3537125587 2.5253198330    1.319  2.491  3.6133  1.473    7  0.000  0.396     0.00     0.00     0.00     0.00     0.00 -1 -1.67e-09      0.00 6.894e-01 2.949e-01 1.931e-03 1.484e-03 6.497e-03 -1.000 1.561e-02 -1.457 -1.104 -0.370 -1.940
0.01471 0.00000 9.60000 1.3537594080 2.5253247196    1.319  2.532  3.6098  1.417    7  0.000  0.396     9.56     7.05     5.01     3.81     3.10  4 -2.05e-09      0.00 6.894e-01 2.949e-01 1.931e-03 1.484e-03 6.497e-03 -1.000 1.561e-02 -1.559 -1.184 -0.435 -2.031
0.01471 0.00000 9.60000 1.3538029194 2.5253292576    1.318  2.573  3.6058  1.360    7  0.000  0.396    10.75     7.82     5.52     4.21     3.42  4 -2.51e-09      0.00 6.894e-01 2.949e-01 1.930e-03 1.484e-03 6.497e-03 -1.000 1.561e-02 -1.662 -1.259 -0.490 -2.118
0.01471 0.00000 9.60000 1.3538341522 2.5253325149    1.317  2.604  3.6004  1.307    7  0.000  0.396    11.98     8.60     6.05     4.62     3.76  4 -2.92e-09      0.00 6.894e-01 2.949e-01 1.930e-03 1.484e-03 6.497e-03 -1.000 1.561e-02 -1.741 -1.300 -0.505 -2.176
0.01471 0.00000 9.60000 1.3538730145 2.5253365676    1.316  2.646  3.5962  1.248    7  0.000  0.396    13.51     9.57     6.70     5.13     4.17  4 -3.54e-09      0.00 6.894e-01 2.949e-01 1.929e-03 1.485e-03 6.497e-03 -1.000 1.561e-02 -1.845 -1.370 -0.550 -2.261
0.01471 0.00000 9.60000 1.3539092541 2.5253403465    1.315  2.687  3.5925  1.192    7  0.000  0.395    15.15    10.58     7.38     5.65     4.60  4 -4.34e-09      0.00 6.894e-01 2.949e-01 1.926e-03 1.487e-03 6.497e-03 -1.000 1.561e-02 -1.947 -1.444 -0.602 -2.348
0.01471 0.00000 9.60000 1.3539434671 2.5253439139    1.313  2.728  3.5888  1.135    7  0.000  0.394    17.01    11.73     8.14     6.25     5.08  4 -5.26e-09      0.00 6.894e-01 2.949e-01 1.922e-03 1.491e-03 6.497e-03 -1.000 1.563e-02 -2.051 -1.516 -0.651 -2.434
0.01471 0.00000 9.60000 1.3539781570 2.5253475308    1.311  2.770  3.5849  1.077    7  0.000  0.393    19.16    13.02     9.00     6.91     5.63  3 -6.44e-09      0.00 6.894e-01 2.949e-01 1.917e-03 1.497e-03 6.497e-03 -1.000 1.563e-02 -2.156 -1.585 -0.692 -2.518
0.01471 0.00000 9.60000 1.3540104628 2.5253508990    1.309  2.811  3.5810  1.020    7  0.000  0.393    21.50    14.42     9.91     7.63     6.21  3 -7.81e-09      0.00 6.894e-01 2.949e-01 1.913e-03 1.502e-03 6.497e-03 -1.000 1.562e-02 -2.256 -1.650 -0.729 -2.599
0.01471 0.00000 9.60000 1.3540351391 2.5253534716    1.307  2.847  3.5774  0.969    7  0.000  0.392    23.86    15.81    10.82     8.34     6.79  3 -9.21e-09      0.00 6.894e-01 2.950e-01 1.910e-03 1.506e-03 6.497e-03 -1.000 1.559e-02 -2.347 -1.702 -0.749 -2.668
0.01471 0.00000 9.60000 1.3540508747 2.5253551120    1.306  2.878  3.5744  0.926    7  0.000  0.391    26.08    17.10    11.67     9.01     7.33  3 -1.07e-08      0.00 6.894e-01 2.950e-01 1.908e-03 1.510e-03 6.497e-03 -1.000 1.560e-02 -2.424 -1.744 -0.761 -2.725
0.01471 0.00000 9.60000 1.3540633917 2.5253564169    1.305  2.907  3.5713  0.884    7  0.000  0.391    28.42    18.45    12.54     9.69     7.89  3 -1.23e-08      0.00 6.894e-01 2.950e-01 1.905e-03 1.512e-03 6.497e-03 -1.000 1.562e-02 -2.498 -1.784 -0.771 -2.780
0.01471 0.00000 9.60000 1.3540744781 2.5253575726    1.304  2.941  3.5678  0.835    7  0.000  0.390    31.37    20.13    13.63    10.55     8.59  3 -1.43e-08      0.00 6.894e-01 2.950e-01 1.903e-03 1.515e-03 6.497e-03 -1.000 1.563e-02 -2.583 -1.824 -0.769 -2.840
0.01471 0.00000 9.60000 1.3540847301 2.5253586413    1.302  2.977  3.5640  0.783    7  0.000  0.390    34.89    22.10    14.91    11.55     9.41  3 -1.67e-08      0.00 6.894e-01 2.950e-01 1.901e-03 1.518e-03 6.497e-03 -1.000 1.563e-02 -2.673 -1.862 -0.757 -2.900
0.01471 0.00000 9.60000 1.3540939093 2.5253595981    1.301  3.013  3.5601  0.732    7  0.000  0.390    38.76    24.25    16.29    12.64    10.30  3 -1.96e-08      0.00 6.894e-01 2.950e-01 1.899e-03 1.520e-03 6.497e-03 -1.000 1.563e-02 -2.762 -1.898 -0.742 -2.959
0.01471 0.00000 9.60000 1.3541027308 2.5253605177    1.299  3.049  3.5560  0.678    7  0.000  0.389    43.23    26.71    17.86    13.88    11.31  2 -2.31e-08      0.00 6.894e-01 2.950e-01 1.898e-03 1.521e-03 6.497e-03 -1.000 1.563e-02 -2.853 -1.925 -0.699 -3.012
0.01471 0.00000 9.60000 1.3541120291 2.5253614869    1.297  3.089  3.5515  0.620    7  0.000  0.389    48.67    29.65    19.73    15.36    12.52  2 -2.76e-08      0.00 6.894e-01 2.950e-01 1.897e-03 1.523e-03 6.497e-03 -1.000 1.563e-02 -2.952 -1.952 -0.649 -3.067
0.01471 0.00000 9.60000 1.3541225195 2.5253625804    1.294  3.134  3.5462  0.553    7  0.000  0.389    55.89    33.49    22.17    17.28    14.10  2  -3.4e-08      0.00 6.894e-01 2.950e-01 1.896e-03 1.523e-03 6.497e-03 -1.000 1.563e-02 -3.065 -1.970 -0.560 -3.120
0.01471 0.00000 9.60000 1.3541342020 2.5253637981    1.290  3.179  3.5407  0.485    7  0.000  0.389    64.20    37.84    24.91    19.46    15.87  2 -4.14e-08      0.00 6.894e-01 2.950e-01 1.896e-03 1.524e-03 6.497e-03 -1.000 1.563e-02 -3.177 -1.979 -0.452 -3.167
0.01471 0.00000 9.60000 1.3541452885 2.5253649537    1.285  3.217  3.5359  0.425    7  0.000  0.389    72.46    42.10    27.57    21.58    17.61  2 -4.91e-08      0.00 6.894e-01 2.950e-01 1.896e-03 1.524e-03 6.497e-03 -1.000 1.563e-02 -3.273 -1.972 -0.325 -3.193
0.01471 0.00000 9.60000 1.3541495800 2.5253654010    1.283  3.207  3.5371  0.440    7  0.000  0.389    70.27    40.97    26.87    21.02    17.15  2 -4.74e-08      0.00 6.894e-01 2.950e-01 1.896e-03 1.524e-03 6.497e-03 -1.000 1.563e-02 -3.246 -1.972 -0.354 -3.184
0.01471 0.00000 9.60000 1.3541511297 2.5253655625    1.282  3.230  3.5342  0.404    7  0.000  0.389    75.55    43.67    28.55    22.36    18.24  2 -5.25e-08      0.00 6.894e-01 2.950e-01 1.896e-03 1.524e-03 6.497e-03 -1.000 1.563e-02 -3.306 -1.969 -0.278 -3.200
0.01471 0.00000 9.60000 1.3541513681 2.5253655874    1.282  3.231  3.5341  0.403    7  0.000  0.389    75.74    43.77    28.61    22.41    18.28  2 -5.26e-08      0.00 6.894e-01 2.950e-01 1.896e-03 1.524e-03 6.497e-03 -1.000 1.563e-02 -3.308 -1.969 -0.276 -3.201
0.01471 0.00000 9.60000 1.3541514874 2.5253655998    1.282  3.229  3.5344  0.407    7  0.000  0.389    75.16    43.47    28.43    22.26    18.16  2 -5.22e-08      0.00 6.894e-01 2.950e-01 1.896e-03 1.524e-03 6.497e-03 -1.000 1.563e-02 -3.301 -1.969 -0.285 -3.200
0.01471 0.00000 9.60000 1.3541516066 2.5253656122    1.282  3.224  3.5350  0.414    7  0.000  0.389    74.07    42.92    28.08    21.98    17.94  2 -5.11e-08      0.00 6.894e-01 2.950e-01 1.896e-03 1.524e-03 6.497e-03 -1.000 1.563e-02 -3.290 -1.970 -0.301 -3.196
0.01471 0.00000 9.60000 1.3541517258 2.5253656247    1.282  3.223  3.5351  0.416    7  0.000  0.389    73.79    42.77    27.99    21.91    17.88  2 -5.08e-08      0.00 6.894e-01 2.950e-01 1.896e-03 1.524e-03 6.497e-03 -1.000 1.563e-02 -3.286 -1.970 -0.304 -3.195
0.01471 0.00000 9.60000 1.3541519642 2.5253656495    1.282  3.230  3.5342  0.405    7  0.000  0.389    75.45    43.62    28.52    22.33    18.22  2 -5.24e-08      0.00 6.894e-01 2.950e-01 1.896e-03 1.524e-03 6.497e-03 -1.000 1.563e-02 -3.304 -1.969 -0.280 -3.200
0.01471 0.00000 9.60000 1.3541522026 2.5253656744    1.282  3.236  3.5334  0.395    7  0.000  0.389    77.03    44.43    29.02    22.73    18.55  2 -5.38e-08      0.00 6.894e-01 2.950e-01 1.896e-03 1.524e-03 6.497e-03 -1.000 1.563e-02 -3.321 -1.967 -0.257 -3.204
0.01471 0.00000 9.60000 1.3541524410 2.5253656992    1.282  3.244  3.5324  0.383    7  0.000  0.389    78.88    45.37    29.61    23.20    18.93  2 -5.55e-08      0.00 6.894e-01 2.950e-01 1.896e-03 1.524e-03 6.497e-03 -1.000 1.563e-02 -3.340 -1.965 -0.230 -3.209
0.01471 0.00000 9.60000 1.3541527987 2.5253657365    1.282  3.252  3.5315  0.372    7  0.000  0.389    80.77    46.32    30.20    23.67    19.32  2 -5.73e-08      0.00 6.894e-01 2.950e-01 1.896e-03 1.524e-03 6.497e-03 -1.000 1.563e-02 -3.359 -1.963 -0.203 -3.213
0.01471 0.00000 9.60000 1.3541531563 2.5253657738    1.281  3.260  3.5304  0.360    7  0.000  0.389    82.80    47.35    30.84    24.18    19.73  2 -5.92e-08      0.00 6.894e-01 2.950e-01 1.896e-03 1.524e-03 6.497e-03 -1.000 1.563e-02 -3.379 -1.960 -0.174 -3.217
0.01471 0.00000 9.60000 1.3541538715 2.5253658483    1.281  3.269  3.5291  0.345    7  0.000  0.389    85.37    48.64    31.64    24.82    20.26  2 -6.19e-08      0.00 6.894e-01 2.950e-01 1.896e-03 1.524e-03 6.497e-03 -1.000 1.563e-02 -3.403 -1.952 -0.130 -3.218
0.01471 0.00000 9.60000 1.3541547060 2.5253659353    1.280  3.271  3.5287  0.341    7  0.000  0.389    85.96    48.93    31.83    24.97    20.38  2 -6.24e-08      0.00 6.894e-01 2.950e-01 1.896e-03 1.524e-03 6.497e-03 -1.000 1.563e-02 -3.407 -1.946 -0.114 -3.215
0.01471 0.00000 9.60000 1.3541557789 2.5253660471    1.280  3.249  3.5314  0.374    7  0.000  0.389    80.45    46.15    30.10    23.59    19.25  2  -5.7e-08      0.00 6.894e-01 2.950e-01 1.894e-03 1.526e-03 6.497e-03 -1.000 1.559e-02 -3.353 -1.955 -0.194 -3.206
0.01471 0.00000 9.60000 1.3541573286 2.5253662087    1.279  3.262  3.5292  0.351    7  0.000  0.389    84.23    48.06    31.28    24.53    20.02  2 -6.04e-08      0.00 6.894e-01 2.950e-01 1.894e-03 1.526e-03 6.497e-03 -1.000 1.559e-02 -3.386 -1.938 -0.120 -3.203
0.01471 0.00000 9.60000 1.3541594744 2.5253664323    1.277  3.348  3.5183  0.222    7  0.529  0.389   109.76    60.68    39.09    30.76    25.12  2 -8.58e-08      0.00 6.894e-01 2.950e-01 1.894e-03 1.526e-03 6.497e-03 -1.000 1.559e-02 -3.599 -1.855 0.280 -3.188
0.01471 0.00000 9.60000 1.3541620970 2.5253667057    1.274  3.401  3.5110  0.138    7  0.528  0.389   130.36    70.60    45.16    35.62    29.10  1 -1.08e-07      0.00 6.894e-01 2.950e-01 1.894e-03 1.526e-03 6.497e-03 -1.000 1.559e-02 -3.733 -1.749 0.625 -3.126
0.01471 0.00000 9.60000 1.3541622162 2.5253667181    1.274  3.401  3.5110  0.138    8  0.528  0.409   130.37    70.60    45.17    35.63    29.10  1 -1.09e-07      0.00 6.894e-01 2.958e-01 1.998e-03 1.528e-03 6.512e-03 -1.000 1.485e-02 -3.733 -1.749 0.625 -3.126
0.01471 0.00000 9.60000 1.3541623354 2.5253667305    1.274  3.148  3.5434  0.521    8  0.528  0.409    59.41    35.33    23.32    18.21    14.85  2 -3.78e-08      0.00 6.894e-01 2.958e-01 1.998e-03 1.528e-03 6.512e-03 -1.000 1.485e-02 -3.100 -1.953 -0.485 -3.122
0.01471 0.00000 9.60000 1.3541624546 2.5253667429    1.274  3.050  3.5557  0.668    8  0.528  0.409    43.95    27.09    18.10    14.07    11.47  2 -2.49e-08      0.00 6.894e-01 2.958e-01 1.998e-03 1.528e-03 6.512e-03 -1.000 1.485e-02 -2.855 -1.921 -0.689 -3.010
0.01471 0.00000 9.60000 1.3541629314 2.5253667926    1.274  2.861  3.5793  0.951    8  0.528  0.409    24.55    16.22    11.09     8.56     6.97  3 -1.08e-08      0.00 6.894e-01 2.958e-01 1.998e-03 1.528e-03 6.512e-03 -1.000 1.485e-02 -2.382 -1.759 -0.823 -2.716
0.01471 0.00000 9.60000 1.3541634083 2.5253668423    1.273  2.878  3.5770  0.924    8  0.528  0.409    25.95    17.03    11.62     8.97     7.30  3 -1.17e-08      0.00 6.894e-01 2.958e-01 1.998e-03 1.528e-03 6.512e-03 -1.000 1.485e-02 -2.426 -1.776 -0.816 -2.744
0.01471 0.00000 9.60000 1.3541642427 2.5253669293    1.272  2.994  3.5622  0.749    8  0.528  0.409    37.15    23.37    15.71    12.19     9.93  3 -1.95e-08      0.00 6.894e-01 2.958e-01 1.998e-03 1.528e-03 6.512e-03 -1.000 1.485e-02 -2.715 -1.880 -0.751 -2.929
0.01471 0.00000 9.60000 1.3541650772 2.5253670163    1.272  3.153  3.5420  0.509    8  0.528  0.409    60.79    36.05    23.77    18.57    15.14  2 -3.88e-08      0.00 6.894e-01 2.958e-01 1.998e-03 1.528e-03 6.512e-03 -1.000 1.485e-02 -3.113 -1.940 -0.443 -3.118
0.01471 0.00000 9.60000 1.3541661501 2.5253671281    1.270  3.290  3.5246  0.303    8  0.529  0.409    92.88    52.36    33.95    26.66    21.77  2 -6.91e-08      0.00 6.894e-01 2.958e-01 1.998e-03 1.528e-03 6.512e-03 -1.000 1.485e-02 -3.454 -1.885 0.062 -3.180
0.01471 0.00000 9.60000 1.3541674614 2.5253672648    1.269  3.380  3.5129  0.165    8  0.529  0.409   123.12    67.11    43.03    33.92    27.70  2 -1.01e-07      0.00 6.894e-01 2.958e-01 1.998e-03 1.528e-03 6.512e-03 -1.000 1.485e-02 -3.679 -1.758 0.552 -3.124
0.01471 0.00000 9.60000 1.3541690111 2.5253674263    1.268  3.428  3.5064  0.090    8  0.529  0.409   143.64    76.86    48.98    38.69    31.61  1 -1.23e-07      0.00 6.894e-01 2.958e-01 1.998e-03 1.528e-03 6.512e-03 -1.000 1.485e-02 -3.801 -1.679 0.817 -3.079
0.01471 0.00000 9.60000 1.3541705608 2.5253675878    1.266  3.452  3.5029  0.052    8  0.529  0.409   155.36    82.34    52.31    41.36    33.80  0 -1.36e-07      0.00 6.894e-01 2.958e-01 1.998e-03 1.528e-03 6.512e-03 -1.000 1.485e-02 -3.861 -1.631 0.956 -3.049
0.01471 0.00000 9.60000 1.3541724682 2.5253677866    1.264  3.467  3.5005  0.027    8  0.530  0.409   163.47    86.11    54.59    43.20    35.30  0 -1.45e-07      0.00 6.894e-01 2.958e-01 1.998e-03 1.528e-03 6.512e-03 -1.000 1.485e-02 -3.898 -1.591 1.060 -3.020
0.01471 0.00000 9.60000 1.3541725874 2.5253677990    1.264  3.281  3.5239  0.307    8  0.530  0.409    92.00    51.91    33.67    26.44    21.58  2 -6.73e-08      0.00 6.894e-01 2.958e-01 1.998e-03 1.528e-03 6.512e-03 -1.000 1.485e-02 -3.432 -1.846 0.118 -3.144
0.01471 0.00000 9.60000 1.3541728258 2.5253678239    1.264  3.122  3.5438  0.545    8  0.530  0.409    56.38    33.73    22.31    17.41    14.19  2 -3.45e-08      0.00 6.894e-01 2.958e-01 1.998e-03 1.528e-03 6.512e-03 -1.000 1.485e-02 -3.034 -1.895 -0.437 -3.061
0.01471 0.00000 9.60000 1.3541731834 2.5253678612    1.263  2.932  3.5676  0.830    8  0.530  0.409    31.40    20.15    13.64    10.56     8.60  3 -1.51e-08      0.00 6.894e-01 2.958e-01 1.998e-03 1.528e-03 6.512e-03 -1.000 1.485e-02 -2.560 -1.798 -0.741 -2.815
0.01471 0.00000 9.60000 1.3541738987 2.5253679357    1.263  2.948  3.5656  0.806    8  0.530  0.409    33.03    21.07    14.23    11.03     8.98  3 -1.63e-08      0.00 6.894e-01 2.958e-01 1.998e-03 1.528e-03 6.512e-03 -1.000 1.485e-02 -2.600 -1.810 -0.725 -2.839
0.01471 0.00000 9.60000 1.3541746140 2.5253680103    1.262  3.061  3.5513  0.635    8  0.530  0.409    46.84    28.65    19.08    14.86    12.11  2 -2.67e-08      0.00 6.894e-01 2.958e-01 1.998e-03 1.528e-03 6.512e-03 -1.000 1.485e-02 -2.882 -1.878 -0.571 -2.994
0.01471 0.00000 9.60000 1.3541756868 2.5253681221    1.261  3.215  3.5317  0.402    8  0.531  0.409    75.63    43.68    28.55    22.37    18.25  2 -5.16e-08      0.00 6.894e-01 2.958e-01 1.998e-03 1.528e-03 6.512e-03 -1.000 1.485e-02 -3.269 -1.878 -0.128 -3.126
0.01471 0.00000 9.60000 1.3541768789 2.5253682463    1.259  3.348  3.5149  0.202    8  0.531  0.409   113.97    62.66    40.29    31.74    25.92  2 -8.97e-08      0.00 6.894e-01 2.958e-01 1.998e-03 1.528e-03 6.512e-03 -1.000 1.485e-02 -3.599 -1.744 0.498 -3.098
0.01471 0.00000 9.60000 1.3541783094 2.5253683954    1.258  3.433  3.5039  0.072    8  0.531  0.409   149.02    79.33    50.47    39.90    32.60  1 -1.28e-07      0.00 6.894e-01 2.958e-01 1.998e-03 1.528e-03 6.512e-03 -1.000 1.485e-02 -3.814 -1.616 0.942 -3.029
0.01471 0.00000 9.60000 1.3541799784 2.5253685694    1.256  3.478  3.4980  0.003    8  0.531  0.409   171.47    89.75    56.78    44.97    36.75  0 -1.54e-07      0.00 6.894e-01 2.958e-01 1.998e-03 1.528e-03 6.512e-03 -1.000 1.485e-02 -3.925 -1.542 1.163 -2.981
0.01471 0.00000 9.60000 1.3541818857 2.5253687682    1.254  3.498  3.4953 -0.028    8  0.532  0.409   182.83    94.94    59.91    47.50    38.82  0 -1.67e-07      0.00 6.894e-01 2.958e-01 1.998e-03 1.528e-03 6.512e-03 -1.000 1.485e-02 -3.974 -1.510 1.252 -2.959
0.01471 0.00000 9.60000 1.3541839123 2.5253689794    1.251  3.508  3.4937 -0.046    8  0.532  0.409   189.41    97.93    61.71    48.94    40.01  0 -1.75e-07      0.00 6.894e-01 2.958e-01 1.998e-03 1.528e-03 6.512e-03 -1.000 1.485e-02 -3.999 -1.488 1.307 -2.943
0.01471 0.00000 9.60000 1.3541840315 2.5253689918    1.251  3.329  3.5163  0.224    8  0.532  0.409   108.87    60.17    38.75    30.52    24.92  2 -8.45e-08      0.00 6.894e-01 2.958e-01 1.998e-03 1.528e-03 6.512e-03 -1.000 1.485e-02 -3.552 -1.745 0.449 -3.090
0.01471 0.00000 9.60000 1.3541842699 2.5253690167    1.251  3.171  3.5363  0.461    8  0.532  0.409    66.80    39.15    25.71    20.12    16.41  2 -4.38e-08      0.00 6.894e-01 2.958e-01 1.998e-03 1.528e-03 6.512e-03 -1.000 1.485e-02 -3.158 -1.867 -0.235 -3.083
0.01471 0.00000 9.60000 1.3541847467 2.5253690664    1.250  2.981  3.5604  0.747    8  0.533  0.409    37.13    23.35    15.69    12.19     9.93  3 -1.94e-08      0.00 6.894e-01 2.958e-01 1.998e-03 1.528e-03 6.512e-03 -1.000 1.485e-02 -2.683 -1.822 -0.670 -2.881
0.01471 0.00000 9.60000 1.3541854620 2.5253691409    1.249  2.997  3.5583  0.723    8  0.533  0.409    39.04    24.41    16.37    12.72    10.36  3 -2.08e-08      0.00 6.894e-01 2.958e-01 1.998e-03 1.528e-03 6.512e-03 -1.000 1.485e-02 -2.723 -1.830 -0.643 -2.902
0.01471 0.00000 9.60000 1.3541862965 2.5253692279    1.248  3.108  3.5441  0.555    8  0.533  0.409    55.12    33.06    21.87    17.07    13.92  2 -3.37e-08      0.00 6.894e-01 2.958e-01 1.998e-03 1.528e-03 6.512e-03 -1.000 1.485e-02 -3.000 -1.865 -0.412 -3.029
0.01471 0.00000 9.60000 1.3541874886 2.5253693521    1.247  3.259  3.5246  0.325    8  0.533  0.409    88.38    50.07    32.52    25.54    20.84  2  -6.4e-08      0.00 6.894e-01 2.958e-01 1.998e-03 1.528e-03 6.512e-03 -1.000 1.485e-02 -3.379 -1.812 0.130 -3.105
0.01471 0.00000 9.60000 1.3541887999 2.5253694888    1.245  3.389  3.5079  0.128    8  0.534  0.409   132.36    71.42    45.64    36.04    29.44  1  -1.1e-07      0.00 6.894e-01 2.958e-01 1.998e-03 1.528e-03 6.512e-03 -1.000 1.485e-02 -3.702 -1.628 0.823 -3.021
0.01471 0.00000 9.60000 1.3541903496 2.5253696503    1.243  3.472  3.4970  0.000    8  0.534  0.409   172.23    90.01    56.93    45.11    36.86  0 -1.55e-07      0.00 6.894e-01 2.958e-01 1.998e-03 1.528e-03 6.512e-03 -1.000 1.485e-02 -3.911 -1.500 1.223 -2.942
0.01471 0.00000 9.60000 1.3541921377 2.5253698367    1.240  3.515  3.4912 -0.067    8  0.535  0.409   197.48   101.50    63.84    50.68    41.43  0 -1.85e-07      0.00 6.894e-01 2.958e-01 1.998e-03 1.528e-03 6.512e-03 -1.000 1.485e-02 -4.018 -1.435 1.408 -2.899
0.01471 0.00000 9.60000 1.3541941643 2.5253700479    1.238  3.534  3.4885 -0.097    8  0.535  0.409   209.99   107.10    67.20    53.39    43.65  0    -2e-07      0.00 6.894e-01 2.958e-01 1.998e-03 1.528e-03 6.512e-03 -1.000 1.485e-02 -4.064 -1.414 1.464 -2.886
0.01471 0.00000 9.60000 1.3541964293 2.5253702840    1.235  3.543  3.4870 -0.113    8  0.536  0.409   215.83   110.21    69.06    54.90    44.88  0 -2.09e-07      0.00 6.894e-01 2.958e-01 1.998e-03 1.528e-03 6.512e-03 -1.000 1.485e-02 -4.087 -1.406 1.483 -2.881
0.01471 0.00000 9.60000 1.3541965485 2.5253702964    1.235  3.373  3.5089  0.144    8  0.536  0.409   128.03    69.31    44.35    35.01    28.59  1 -1.05e-07      0.00 6.894e-01 2.958e-01 1.998e-03 1.528e-03 6.512e-03 -1.000 1.485e-02 -3.664 -1.617 0.809 -3.005
0.01471 0.00000 9.60000 1.3541967869 2.5253703212    1.234  3.217  3.5291  0.381    8  0.536  0.409    78.62    45.15    29.45    23.11    18.85  2 -5.52e-08      0.00 6.894e-01 2.958e-01 1.998e-03 1.528e-03 6.512e-03 -1.000 1.485e-02 -3.273 -1.821 -0.004 -3.086
0.01471 0.00000 9.60000 1.3541973829 2.5253703834    1.233  3.028  3.5535  0.667    8  0.536  0.409    43.57    26.88    17.94    13.97    11.38  2 -2.48e-08      0.00 6.894e-01 2.958e-01 1.998e-03 1.528e-03 6.512e-03 -1.000 1.485e-02 -2.799 -1.831 -0.563 -2.933
0.01471 0.00000 9.60000 1.3541980982 2.5253704579    1.232  3.043  3.5514  0.643    8  0.536  0.409    45.82    28.09    18.72    14.58    11.88  2 -2.66e-08      0.00 6.894e-01 2.958e-01 1.998e-03 1.528e-03 6.512e-03 -1.000 1.485e-02 -2.839 -1.837 -0.532 -2.952
0.01471 0.00000 9.60000 1.3541990519 2.5253705573    1.230  3.152  3.5372  0.477    8  0.537  0.409    64.44    37.91    24.92    19.50    15.90  2 -4.24e-08      0.00 6.894e-01 2.958e-01 1.998e-03 1.528e-03 6.512e-03 -1.000 1.485e-02 -3.110 -1.839 -0.231 -3.050
0.01471 0.00000 9.60000 1.3542002439 2.5253706815    1.229  3.300  3.5178  0.251    8  0.537  0.409   102.64    57.06    36.82    28.99    23.67  2  -7.9e-08      0.00 6.894e-01 2.958e-01 1.998e-03 1.528e-03 6.512e-03 -1.000 1.485e-02 -3.480 -1.722 0.421 -3.058
0.01471 0.00000 9.60000 1.3542016745 2.5253708306    1.226  3.426  3.5012  0.057    8  0.538  0.409   152.80    80.92    51.41    40.69    33.24  0 -1.33e-07      0.00 6.894e-01 2.958e-01 1.998e-03 1.528e-03 6.512e-03 -1.000 1.485e-02 -3.796 -1.516 1.109 -2.941
0.01471 0.00000 9.60000 1.3542034626 2.5253710170    1.223  3.508  3.4903 -0.069    8  0.538  0.409   198.00   101.58    63.87    50.73    41.47  0 -1.86e-07      0.00 6.894e-01 2.958e-01 1.998e-03 1.528e-03 6.512e-03 -1.000 1.485e-02 -3.999 -1.390 1.469 -2.857
0.01471 0.00000 9.60000 1.3542053699 2.5253712158    1.220  3.549  3.4845 -0.135    8  0.539  0.409   221.97   114.29    71.48    56.87    46.50  0 -2.21e-07      0.00 6.894e-01 2.958e-01 1.998e-03 1.528e-03 6.512e-03 -1.000 1.485e-02 -4.103 -1.373 1.531 -2.852
0.01471 0.00000 9.60000 1.3542075157 2.5253714394    1.217  3.567  3.4819 -0.164    8  0.539  0.409   231.74   120.45    75.15    59.85    48.94  0 -2.39e-07      0.00 6.894e-01 2.958e-01 1.998e-03 1.528e-03 6.512e-03 -1.000 1.485e-02 -4.148 -1.362 1.560 -2.847
0.01471 0.00000 9.60000 1.3542100191 2.5253717003    1.213  3.576  3.4805 -0.180    8  0.540  0.409   237.01   123.84    77.16    61.48    50.28  0  -2.5e-07      0.00 6.894e-01 2.958e-01 1.998e-03 1.528e-03 6.512e-03 -1.000 1.485e-02 -4.169 -1.354 1.578 -2.841
0.01471 0.00000 9.60000 1.3542101383 2.5253717127    1.213  3.418  3.5013  0.061    8  0.540  0.409   151.22    80.11    50.90    40.30    32.92  0 -1.33e-07      0.00 6.894e-01 2.958e-01 1.998e-03 1.528e-03 6.512e-03 -1.000 1.485e-02 -3.775 -1.502 1.119 -2.926
0.01471 0.00000 9.60000 1.3542103767 2.5253717376    1.212  3.263  3.5218  0.297    8  0.540  0.409    92.92    52.24    33.84    26.62    21.72  2 -7.07e-08      0.00 6.894e-01 2.958e-01 1.998e-03 1.528e-03 6.512e-03 -1.000 1.485e-02 -3.388 -1.748 0.273 -3.059
0.01471 0.00000 9.60000 1.3542109728 2.5253717997    1.211  3.075  3.5469  0.586    8  0.540  0.409    51.28    31.00    20.56    16.05    13.08  2 -3.21e-08      0.00 6.894e-01 2.958e-01 1.998e-03 1.528e-03 6.512e-03 -1.000 1.485e-02 -2.916 -1.833 -0.439 -2.979
0.01471 0.00000 9.60000 1.3542116880 2.5253718742    1.209  3.090  3.5447  0.561    8  0.541  0.409    53.95    32.41    21.45    16.76    13.66  2 -3.44e-08      0.00 6.894e-01 2.958e-01 1.998e-03 1.528e-03 6.512e-03 -1.000 1.485e-02 -2.955 -1.832 -0.393 -2.992
0.01471 0.00000 9.60000 1.3542127609 2.5253719861    1.207  3.196  3.5305  0.397    8  0.541  0.409    75.55    43.55    28.44    22.32    18.20  2 -5.41e-08      0.00 6.894e-01 2.958e-01 1.998e-03 1.528e-03 6.512e-03 -1.000 1.485e-02 -3.220 -1.802 -0.023 -3.059
0.01471 0.00000 9.60000 1.3542139530 2.5253721103    1.205  3.340  3.5111  0.175    8  0.542  0.409   119.41    65.08    41.73    32.95    26.90  1 -9.85e-08      0.00 6.894e-01 2.958e-01 1.998e-03 1.528e-03 6.512e-03 -1.000 1.485e-02 -3.580 -1.600 0.763 -2.976
0.01471 0.00000 9.60000 1.3542155027 2.5253722718    1.202  3.463  3.4944 -0.015    8  0.542  0.409   176.60    91.71    57.91    45.95    37.55  0 -1.63e-07      0.00 6.894e-01 2.958e-01 1.998e-03 1.528e-03 6.512e-03 -1.000 1.485e-02 -3.886 -1.402 1.369 -2.854
0.01471 0.00000 9.60000 1.3542171717 2.5253724457    1.198  3.541  3.4835 -0.139    8  0.543  0.409   221.85   114.64    71.66    57.06    46.64  0 -2.25e-07      0.00 6.894e-01 2.958e-01 1.998e-03 1.528e-03 6.512e-03 -1.000 1.485e-02 -4.084 -1.333 1.575 -2.814
0.01471 0.00000 9.60000 1.3542191982 2.5253726570    1.194  3.581  3.4778 -0.203    8  0.543  0.409   244.09   128.69    80.02    63.83    52.19  0 -2.67e-07      0.00 6.894e-01 2.958e-01 1.998e-03 1.528e-03 6.512e-03 -1.000 1.485e-02 -4.184 -1.323 1.625 -2.814
0.01471 0.00000 9.60000 1.3542214632 2.5253728930    1.189  3.598  3.4751 -0.233    8  0.544  0.409   254.68   135.53    84.07    67.12    54.89  0 -2.88e-07      0.00 6.894e-01 2.958e-01 1.998e-03 1.528e-03 6.512e-03 -1.000 1.485e-02 -4.226 -1.320 1.645 -2.816
0.01471 0.00000 9.60000 1.3542239666 2.5253731539    1.184  3.607  3.4737 -0.248    8  0.545  0.409   260.43   139.33    86.31    68.95    56.39  0 -3.01e-07      0.00 6.894e-01 2.958e-01 1.998e-03 1.528e-03 6.512e-03 -1.000 1.485e-02 -4.247 -1.316 1.658 -2.814
0.01471 0.00000 9.60000 1.3542240858 2.5253731663    1.184  3.462  3.4934 -0.025    8  0.545  0.409   179.72    92.99    58.66    46.58    38.06  0  -1.7e-07      0.00 6.894e-01 2.958e-01 1.998e-03 1.528e-03 6.512e-03 -1.000 1.485e-02 -3.885 -1.371 1.419 -2.826
0.01471 0.00000 9.60000 1.3542243242 2.5253731912    1.183  3.309  3.5142  0.211    8  0.545  0.409   110.51    60.72    39.04    30.81    25.15  2 -9.17e-08      0.00 6.894e-01 2.958e-01 1.998e-03 1.528e-03 6.512e-03 -1.000 1.485e-02 -3.503 -1.628 0.632 -2.985
0.01471 0.00000 9.60000 1.3542249203 2.5253732533    1.181  3.121  3.5399  0.501    8  0.546  0.409    60.70    35.91    23.64    18.52    15.09  2 -4.21e-08      0.00 6.894e-01 2.958e-01 1.998e-03 1.528e-03 6.512e-03 -1.000 1.485e-02 -3.033 -1.820 -0.279 -3.012
0.01471 0.00000 9.60000 1.3542256355 2.5253733278    1.179  3.136  3.5377  0.476    8  0.546  0.409    63.91    37.57    24.68    19.35    15.77  2 -4.52e-08      0.00 6.894e-01 2.958e-01 1.998e-03 1.528e-03 6.512e-03 -1.000 1.485e-02 -3.071 -1.810 -0.212 -3.017
0.01471 0.00000 9.60000 1.3542267084 2.5253734397    1.176  3.240  3.5233  0.314    8  0.546  0.409    89.18    50.29    32.61    25.67    20.94  2    -7e-08      0.00 6.894e-01 2.958e-01 1.998e-03 1.528e-03 6.512e-03 -1.000 1.485e-02 -3.329 -1.727 0.252 -3.029
0.01471 0.00000 9.60000 1.3542279005 2.5253735639    1.173  3.379  3.5038  0.095    8  0.547  0.409   139.97    74.63    47.54    37.64    30.73  1 -1.25e-07      0.00 6.894e-01 2.958e-01 1.998e-03 1.528e-03 6.512e-03 -1.000 1.485e-02 -3.677 -1.482 1.071 -2.894
0.01471 0.00000 9.60000 1.3542294502 2.5253737254    1.168  3.497  3.4870 -0.092    8  0.547  0.409   204.63   104.55    65.59    52.20    42.66  0 -2.03e-07      0.00 6.894e-01 2.958e-01 1.998e-03 1.528e-03 6.512e-03 -1.000 1.485e-02 -3.973 -1.298 1.583 -2.772
0.01471 0.00000 9.60000 1.3542312384 2.5253739117    1.163  3.573  3.4760 -0.214    8  0.548  0.409   245.58   130.25    80.90    64.60    52.82  0 -2.77e-07      0.00 6.894e-01 2.958e-01 1.998e-03 1.528e-03 6.512e-03 -1.000 1.485e-02 -4.163 -1.275 1.681 -2.769
0.01471 0.00000 9.60000 1.3542332649 2.5253741229    1.157  3.612  3.4701 -0.278    8  0.549  0.409   270.02   146.08    90.25    72.21    59.05  0 -3.27e-07      0.00 6.894e-01 2.958e-01 1.998e-03 1.528e-03 6.512e-03 -1.000 1.485e-02 -4.260 -1.271 1.722 -2.774
0.01471 0.00000 9.60000 1.3542355299 2.5253743590    1.151  3.628  3.4673 -0.308    8  0.550  0.409   281.93   153.97    94.89    76.00    62.15  0 -3.91e-07      0.00 6.894e-01 2.958e-01 1.998e-03 1.528e-03 6.512e-03 -1.000 1.485e-02 -4.300 -1.271 1.742 -2.778
0.01471 0.00000 9.60000 1.3542380333 2.5253746199    1.144  3.636  3.4657 -0.325    8  0.551  0.409   288.67   158.54    97.56    78.19    63.95  0 -4.34e-07      0.01 6.894e-01 2.958e-01 1.998e-03 1.528e-03 6.512e-03 -1.000 1.485e-02 -4.320 -1.267 1.758 -2.776
0.01471 0.00000 9.60000 1.3542381525 2.5253746323    1.143  3.505  3.4842 -0.120    8  0.551  0.409   211.75   109.40    68.46    54.57    44.59  0 -2.22e-07      0.00 6.894e-01 2.958e-01 1.998e-03 1.528e-03 6.512e-03 -1.000 1.485e-02 -3.992 -1.260 1.639 -2.739
0.01471 0.00000 9.60000 1.3542383909 2.5253746572    1.142  3.354  3.5055  0.115    8  0.551  0.409   133.64    71.50    45.60    36.12    29.48  1 -1.22e-07      0.00 6.894e-01 2.958e-01 1.998e-03 1.528e-03 6.512e-03 -1.000 1.485e-02 -3.616 -1.473 1.036 -2.876
0.01471 0.00000 9.60000 1.3542389870 2.5253747193    1.139  3.167  3.5320  0.408    8  0.551  0.409    72.96    42.11    27.51    21.62    17.62  2 -5.71e-08      0.00 6.894e-01 2.958e-01 1.998e-03 1.528e-03 6.512e-03 -1.000 1.485e-02 -3.148 -1.764 -0.023 -3.010
0.01471 0.00000 9.60000 1.3542397022 2.5253747938    1.136  3.182  3.5297  0.382    8  0.552  0.409    76.95    44.11    28.75    22.62    18.44  2 -6.14e-08      0.00 6.894e-01 2.958e-01 1.998e-03 1.528e-03 6.512e-03 -1.000 1.485e-02 -3.186 -1.749 0.052 -3.011
0.01471 0.00000 9.60000 1.3542406559 2.5253748932    1.131  3.282  3.5150  0.221    8  0.552  0.409   107.14    58.89    37.88    29.93    24.42  1 -9.37e-08      0.00 6.894e-01 2.958e-01 1.998e-03 1.528e-03 6.512e-03 -1.000 1.485e-02 -3.436 -1.588 0.645 -2.940
0.01471 0.00000 9.60000 1.3542418480 2.5253750174    1.126  3.417  3.4953  0.006    8  0.553  0.409   167.24    86.86    54.90    43.64    35.63  0 -1.64e-07      0.00 6.894e-01 2.958e-01 1.998e-03 1.528e-03 6.512e-03 -1.000 1.485e-02 -3.773 -1.318 1.430 -2.766
0.01471 0.00000 9.60000 1.3542433977 2.5253751789    1.119  3.531  3.4783 -0.179    8  0.553  0.409   229.78   121.10    75.40    60.23    49.22  0 -2.61e-07      0.00 6.894e-01 2.958e-01 1.998e-03 1.528e-03 6.512e-03 -1.000 1.485e-02 -4.058 -1.212 1.726 -2.702
0.01471 0.00000 9.60000 1.3542450666 2.5253753529    1.112  3.605  3.4671 -0.300    8  0.554  0.409   275.43   150.54    92.80    74.39    60.82  0 -3.55e-07      0.00 6.894e-01 2.958e-01 1.998e-03 1.528e-03 6.512e-03 -1.000 1.485e-02 -4.241 -1.213 1.797 -2.720
0.01471 0.00000 9.60000 1.3542470932 2.5253755641    1.103  3.642  3.4609 -0.365    8  0.555  0.409   303.08   168.93   103.58    83.20    68.03  0 -5.25e-07      0.01 6.894e-01 2.958e-01 1.998e-03 1.528e-03 6.512e-03 -1.000 1.485e-02 -4.334 -1.211 1.845 -2.728
0.01471 0.00000 9.60000 1.3542492390 2.5253757877    1.093  3.657  3.4579 -0.397    8  0.556  0.409   317.12   178.52   109.16    87.78    71.79  0 -6.38e-07      0.01 6.894e-01 2.958e-01 1.998e-03 1.528e-03 6.512e-03 -1.000 1.485e-02 -4.373 -1.205 1.884 -2.727
0.01471 0.00000 9.60000 1.3542517424 2.5253760486    1.083  3.665  3.4560 -0.417    8  0.557  0.409   325.65   184.48   112.62    90.64    74.12  0 -7.15e-07      0.01 6.894e-01 2.958e-01 1.998e-03 1.528e-03 6.512e-03 -1.000 1.485e-02 -4.392 -1.197 1.916 -2.723
0.01471 0.00000 9.60000 1.3542518616 2.5253760610    1.082  3.548  3.4733 -0.230    8  0.557  0.409   245.30   131.68    81.61    65.36    53.41  0 -3.07e-07      0.00 6.894e-01 2.958e-01 1.998e-03 1.528e-03 6.512e-03 -1.000 1.485e-02 -4.099 -1.169 1.800 -2.667
0.01471 0.00000 9.60000 1.3542521000 2.5253760858    1.079  3.399  3.4952  0.004    8  0.557  0.409   166.47    86.12    54.40    43.30    35.34  0 -1.72e-07      0.00 6.894e-01 2.958e-01 1.998e-03 1.528e-03 6.512e-03 -1.000 1.485e-02 -3.728 -1.269 1.482 -2.717
0.01471 0.00000 9.60000 1.3542525768 2.5253761355    1.075  3.213  3.5226  0.299    8  0.557  0.409    90.22    50.50    32.67    25.81    21.04  2 -8.22e-08      0.00 6.894e-01 2.958e-01 1.998e-03 1.528e-03 6.512e-03 -1.000 1.485e-02 -3.262 -1.643 0.356 -2.949
0.01471 0.00000 9.60000 1.3542532921 2.5253762101    1.070  3.228  3.5200  0.271    8  0.558  0.409    95.49    53.04    34.24    27.06    22.06  1 -8.88e-08      0.00 6.894e-01 2.958e-01 1.998e-03 1.528e-03 6.512e-03 -1.000 1.485e-02 -3.300 -1.612 0.463 -2.934
0.01471 0.00000 9.60000 1.3542542458 2.5253763094    1.062  3.325  3.5049  0.111    8  0.558  0.409   133.15    70.78    45.09    35.81    29.21  0 -1.34e-07      0.00 6.894e-01 2.958e-01 1.998e-03 1.528e-03 6.512e-03 -1.000 1.485e-02 -3.543 -1.382 1.141 -2.789
0.01471 0.00000 9.60000 1.3542554379 2.5253764337    1.053  3.455  3.4847 -0.104    8  0.559  0.409   200.50   104.09    65.16    52.06    42.50  0  -2.3e-07      0.00 6.894e-01 2.958e-01 1.998e-03 1.528e-03 6.512e-03 -1.000 1.485e-02 -3.868 -1.147 1.745 -2.625
0.01471 0.00000 9.60000 1.3542568684 2.5253765828    1.042  3.565  3.4671 -0.288    8  0.559  0.409   264.61   144.91    89.35    71.76    58.63  0 -3.64e-07      0.00 6.894e-01 2.958e-01 1.998e-03 1.528e-03 6.512e-03 -1.000 1.485e-02 -4.142 -1.117 1.890 -2.624
0.01471 0.00000 9.60000 1.3542585373 2.5253767567    1.029  3.635  3.4553 -0.411    8  0.560  0.409   317.89   180.40   110.11    88.75    72.55  0 -6.26e-07      0.01 6.894e-01 2.958e-01 1.998e-03 1.528e-03 6.512e-03 -1.000 1.485e-02 -4.318 -1.123 1.990 -2.648
0.01471 0.00000 9.60000 1.3542604446 2.5253769554    1.015  3.671  3.4487 -0.479    8  0.561  0.409   351.19   203.30   123.39    99.68    81.50  0 -9.54e-07      0.02 6.894e-01 2.958e-01 1.998e-03 1.528e-03 6.512e-03 -1.000 1.485e-02 -4.406 -1.113 2.087 -2.652
0.01471 0.00000 9.60000 1.3542625904 2.5253771791    0.999  3.686  3.4451 -0.516    8  0.562  0.409   369.44   216.20   130.81   105.83    86.53  0 -1.18e-06      0.03 6.894e-01 2.958e-01 1.998e-03 1.528e-03 6.512e-03 -1.000 1.485e-02 -4.444 -1.094 2.166 -2.642
0.01471 0.00000 9.60000 1.3542649746 2.5253774275    0.982  3.693  3.4426 -0.540    8  0.563  0.409   375.36    -1.00    -1.00    -1.00    -1.00  0 -1.36e-06      0.04 6.894e-01 2.958e-01 1.998e-03 1.528e-03 6.512e-03 -1.000 1.485e-02 -4.463 -1.076 2.225 -2.630
0.01471 0.00000 9.60000 1.3542650938 2.5253774399    0.980  3.589  3.4589 -0.372    8  0.563  0.409   294.42   165.92   101.54    81.89    66.91  0 -4.74e-07      0.01 6.894e-01 2.958e-01 1.998e-03 1.528e-03 6.512e-03 -1.000 1.485e-02 -4.203 -1.060 2.008 -2.579
0.01471 0.00000 9.60000 1.3542653322 2.5253774648    0.976  3.443  3.4817 -0.137    8  0.563  0.409   205.11   108.37    67.60    54.19    44.22  0 -2.74e-07      0.00 6.894e-01 2.958e-01 1.998e-03 1.528e-03 6.512e-03 -1.000 1.485e-02 -3.838 -1.055 1.859 -2.538
0.01471 0.00000 9.60000 1.3542658091 2.5253775145    0.969  3.258  3.5108  0.162    8  0.563  0.409   117.75    63.04    40.29    32.05    26.12  0 -1.35e-07      0.00 6.894e-01 2.958e-01 1.998e-03 1.528e-03 6.512e-03 -1.000 1.485e-02 -3.374 -1.383 0.993 -2.762
0.01471 0.00000 9.60000 1.3542665243 2.5253775890    0.958  3.272  3.5080  0.131    8  0.564  0.409   125.31    66.45    42.36    33.73    27.49  0 -1.48e-07      0.00 6.894e-01 2.958e-01 1.998e-03 1.528e-03 6.512e-03 -1.000 1.485e-02 -3.411 -1.337 1.113 -2.730
0.01471 0.00000 9.60000 1.3542673588 2.5253776760    0.944  3.367  3.4922 -0.032    8  0.564  0.409   172.64    88.96    55.95    44.77    36.51  0 -2.24e-07      0.00 6.894e-01 2.958e-01 1.998e-03 1.528e-03 6.512e-03 -1.000 1.485e-02 -3.646 -1.097 1.717 -2.557
0.01471 0.00000 9.60000 1.3542685509 2.5253778002    0.928  3.491  3.4711 -0.249    8  0.565  0.409   239.15   131.07    80.97    65.21    53.22  0 -3.83e-07      0.00 6.894e-01 2.958e-01 1.998e-03 1.528e-03 6.512e-03 -1.000 1.485e-02 -3.958 -0.990 1.993 -2.491
0.01471 0.00000 9.60000 1.3542698622 2.5253779369    0.908  3.597  3.4529 -0.437    8  0.566  0.409   316.47   183.02   111.32    90.17    73.64  0 -6.41e-07      0.01 6.894e-01 2.958e-01 1.998e-03 1.528e-03 6.512e-03 -1.000 1.485e-02 -4.221 -0.994 2.147 -2.524
0.01471 0.00000 9.60000 1.3542714119 2.5253780983    0.885  3.664  3.4406 -0.564    8  0.566  0.409   311.25    -1.00    -1.00    -1.00    -1.00  0 -1.41e-06      0.05 6.894e-01 2.958e-01 1.998e-03 1.528e-03 6.512e-03 -1.000 1.485e-02 -4.389 -0.975 2.358 -2.533
0.01471 0.00000 9.60000 1.3542732000 2.5253782847    0.860  3.697  3.4341 -0.636    8  0.567  0.409   295.44    -1.00    -1.00    -1.00    -1.00  0 -2.21e-06      0.09 6.894e-01 2.958e-01 1.998e-03 1.528e-03 6.512e-03 -1.000 1.485e-02 -4.473 -0.923 2.560 -2.503
0.01471 0.00000 9.60000 1.3542752266 2.5253784959    0.833  3.711  3.4311 -0.676    8  0.568  0.409   278.58    -1.00    -1.00    -1.00    -1.00  0 -2.85e-06      0.14 6.894e-01 2.958e-01 1.998e-03 1.528e-03 6.512e-03 -1.000 1.485e-02 -4.508 -0.848 2.735 -2.444
0.01471 0.00000 9.60000 1.3542774916 2.5253787319    0.803  3.718  3.4299 -0.704    8  0.569  0.409   260.90    -1.00    -1.00    -1.00    -1.00  0 -3.43e-06      0.33 6.894e-01 2.958e-01 1.998e-03 1.528e-03 6.512e-03 -1.000 1.485e-02 -4.525 -0.551 3.245 -2.190
0.01471 0.00000 9.60000 1.3542870283 2.5253797257    0.573 -9.999  4.0000  1.580    9  0.574  0.000     0.00     0.00     0.00     0.00     0.00 -1    -1e-30      0.00 6.894e-01 2.958e-01 1.998e-03 1.528e-03 6.512e-03 -1.000 1.485e-02 29.767 29.981 29.971 29.987
# Zini     MH   logAge Mini        int_IMF         Mass   logL    logTe  logg  label   McoreTP C_O  period0  period1  period2  period3  period4  pmode  Mloss  tau1m   X   Y   Xc  Xn  Xo  Cexcess  Z 	 mbolmag  Gmag    G_BPmag  G_RPmag
0.01471 0.00000 9.80000 0.0900000036 1.0816895926    0.090 -3.422  3.3633  5.219    1  0.000  0.545     0.00     0.00     0.00     0.00     0.00 -1  -3.9e-17      0.00 7.100e-01 2.752e-01 2.655e-03 7.163e-04 6.496e-03 -1.000 1.476e-02 13.325 15.375 18.310 13.884
0.01471 0.00000 9.80000 0.1000000015 1.1711064122    0.100 -3.238  3.3895  5.186    1  0.000  0.545     0.00     0.00     0.00     0.00     0.00 -1 -5.87e-17      0.00 7.097e-01 2.755e-01 2.655e-03 7.163e-04 6.496e-03 -1.000 1.476e-02 12.866 14.914 17.836 13.424
0.01471 0.00000 9.80000 0.1029465571 1.1952589515    0.103 -3.196  3.3951  5.179    1  0.000  0.545     0.00     0.00     0.00     0.00     0.00 -1 -6.43e-17      0.00 7.097e-01 2.756e-01 2.655e-03 7.163e-04 6.496e-03 -1.000 1.476e-02 12.760 14.808 17.727 13.318
0.01471 0.00000 9.80000 0.1200000048 1.3193154741    0.120 -2.972  3.4247  5.140    1  0.000  0.545     0.00     0.00     0.00     0.00     0.00 -1 -1.04e-16      0.00 7.092e-01 2.761e-01 2.655e-03 7.163e-04 6.496e-03 -1.000 1.476e-02 12.199 14.141 16.899 12.677
0.01471 0.00000 9.80000 0.1400000006 1.4384526719    0.140 -2.789  3.4446  5.103    1  0.000  0.545     0.00     0.00     0.00     0.00     0.00 -1 -1.53e-16      0.00 7.087e-01 2.765e-01 2.655e-03 7.163e-04 6.496e-03 -1.000 1.476e-02 11.743 13.418 15.813 12.017
0.01471 0.00000 9.80000 0.1599999964 1.5372931554    0.160 -2.648  3.4581  5.075    1  0.000  0.545     0.00     0.00     0.00     0.00     0.00 -1 -2.05e-16      0.00 7.082e-01 2.770e-01 2.655e-03 7.163e-04 6.496e-03 -1.000 1.476e-02 11.390 12.891 15.049 11.537
0.01471 0.00000 9.80000 0.2000000030 1.6938790862    0.200 -2.431  3.4769  5.029    1  0.000  0.545     0.00     0.00     0.00     0.00     0.00 -1 -3.19e-16      0.00 7.075e-01 2.778e-01 2.655e-03 7.163e-04 6.496e-03 -1.000 1.476e-02 10.846 12.132 13.999 10.842
0.01471 0.00000 9.80000 0.2500000000 1.8403257998    0.250 -2.222  3.4932  4.983    1  0.000  0.545     0.00     0.00     0.00     0.00     0.00 -1 -4.86e-16      0.00 7.068e-01 2.784e-01 2.655e-03 7.163e-04 6.496e-03 -1.000 1.476e-02 10.325 11.437 13.077 10.206
0.01471 0.00000 9.80000 0.3000000119 1.9529139769    0.300 -2.060  3.5038  4.942    1  0.000  0.545     0.00     0.00     0.00     0.00     0.00 -1 -2.91e-16      0.00 7.065e-01 2.787e-01 2.655e-03 7.163e-04 6.496e-03 -1.000 1.476e-02 9.919 10.938 12.461 9.740
0.01471 0.00000 9.80000 0.3380469978 2.0233802521    0.338 -1.942  3.5105  4.903    1  0.000  0.545     0.00     0.00     0.00     0.00     0.00 -1 -6.64e-16      0.00 7.098e-01 2.754e-01 2.655e-03 7.163e-04 6.496e-03 -1.000 1.476e-02 9.625 10.588 12.045 9.412
0.01471 0.00000 9.80000 0.3500000238 2.0434175133    0.350 -1.907  3.5124  4.891    1  0.000  0.545     0.00     0.00     0.00     0.00     0.00 -1 -8.04e-16      0.00 7.105e-01 2.747e-01 2.655e-03 7.163e-04 6.496e-03 -1.000 1.476e-02 9.537 10.486 11.925 9.315
0.01471 0.00000 9.80000 0.4000000358 2.1185024810    0.400 -1.763  3.5234  4.848    1  0.000  0.545     0.00     0.00     0.00     0.00     0.00 -1 -1.29e-15      0.00 7.106e-01 2.746e-01 2.655e-03 7.163e-04 6.496e-03 -1.000 1.476e-02 9.177 10.043 11.384 8.905
0.01471 0.00000 9.80000 0.4003660977 2.1190065361    0.400 -1.762  3.5235  4.848    1  0.000  0.545     0.00     0.00     0.00     0.00     0.00 -1 -1.29e-15      0.00 7.106e-01 2.746e-01 2.655e-03 7.163e-04 6.496e-03 -1.000 1.476e-02 9.174 10.039 11.380 8.902
0.01471 0.00000 9.80000 0.4500000179 2.1822809362    0.450 -1.613  3.5357  4.799    1  0.000  0.545     0.00     0.00     0.00     0.00     0.00 -1 -1.82e-15      0.00 7.107e-01 2.745e-01 2.655e-03 7.163e-04 6.496e-03 -1.000 1.476e-02 8.803 9.586 10.835 8.484
0.01471 0.00000 9.80000 0.4722556174 2.2077760744    0.472 -1.541  3.5426  4.776    1  0.000  0.545     0.00     0.00     0.00     0.00     0.00 -1 -2.16e-15      0.00 7.107e-01 2.745e-01 2.655e-03 7.163e-04 6.496e-03 -1.000 1.476e-02 8.623 9.362 10.562 8.279
0.01471 0.00000 9.80000 0.5000000000 2.2374541529    0.500 -1.456  3.5509  4.748    1  0.000  0.545     0.00     0.00     0.00     0.00     0.00 -1 -2.63e-15      0.00 7.107e-01 2.745e-01 2.655e-03 7.163e-04 6.496e-03 -1.000 1.476e-02 8.409 9.098 10.245 8.038
0.01471 0.00000 9.80000 0.5500000119 2.2836582633    0.550 -1.285  3.5705  4.697    1  0.000  0.545     0.00     0.00     0.00     0.00     0.00 -1 -3.94e-15      0.00 7.254e-01 2.606e-01 2.529e-03 6.823e-04 6.189e-03 -1.000 1.406e-02 7.982 8.549 9.575 7.547
0.01471 0.00000 9.80000 0.6000000238 2.3211213258    0.600 -1.115  3.5948  4.662    1  0.000  0.545     0.00     0.00     0.00     0.00     0.00 -1  -5.8e-15      0.00 7.276e-01 2.585e-01 2.511e-03 6.776e-04 6.147e-03 -1.000 1.397e-02 7.558 7.993 8.892 7.059
0.01471 0.00000 9.80000 0.6499999762 2.3520353107    0.650 -0.943  3.6241  4.643    1  0.000  0.544     0.00     0.00     0.00     0.00     0.00 -1 -8.47e-15      0.00 7.296e-01 2.565e-01 2.494e-03 6.732e-04 6.108e-03 -1.000 1.390e-02 7.129 7.423 8.193 6.567
0.01471 0.00000 9.80000 0.7000000477 2.3779267258    0.700 -0.778  3.6540  4.629    1  0.000  0.544     0.00     0.00     0.00     0.00     0.00 -1 -1.21e-14      0.00 7.316e-01 2.547e-01 2.479e-03 6.691e-04 6.072e-03 -1.000 1.376e-02 6.714 6.864 7.502 6.096
0.01471 0.00000 9.80000 0.7162507176 2.3854519589    0.716 -0.725  3.6636  4.624    1  0.000  0.542     0.00     0.00     0.00     0.00     0.00 -1 -1.36e-14      0.00 7.323e-01 2.540e-01 2.462e-03 6.673e-04 6.058e-03 -1.000 1.375e-02 6.582 6.689 7.289 5.949
0.01471 0.00000 9.80000 0.7494315505 2.3996580962    0.749 -0.619  3.6825  4.614    1  0.000  0.537     0.00     0.00     0.00     0.00     0.00 -1 -1.72e-14      0.00 7.337e-01 2.526e-01 2.430e-03 6.638e-04 6.032e-03 -1.000 1.373e-02 6.319 6.352 6.887 5.663
0.01471 0.00000 9.80000 0.7500000000 2.3998889087    0.750 -0.618  3.6829  4.614    1  0.000  0.537     0.00     0.00     0.00     0.00     0.00 -1 -1.72e-14      0.00 7.337e-01 2.526e-01 2.429e-03 6.637e-04 6.032e-03 -1.000 1.367e-02 6.314 6.347 6.881 5.659
0.01471 0.00000 9.80000 0.7763283253 2.4101547635    0.776 -0.539  3.6948  4.597    1  0.000  0.537     0.00     0.00     0.00     0.00     0.00 -1 -2.07e-14      0.00 7.353e-01 2.511e-01 2.416e-03 6.603e-04 6.001e-03 -1.000 1.362e-02 6.116 6.113 6.610 5.454
0.01471 0.00000 9.80000 0.8000000119 2.4187244405    0.800 -0.468  3.7052  4.582    1  0.000  0.537     0.00     0.00     0.00     0.00     0.00 -1 -2.44e-14      0.00 7.367e-01 2.497e-01 2.405e-03 6.573e-04 5.974e-03 -1.000 1.356e-02 5.941 5.909 6.378 5.276
0.01471 0.00000 9.80000 0.8212309480 2.4259291891    0.821 -0.406  3.7141  4.566    1  0.000  0.537     0.00     0.00     0.00     0.00     0.00 -1 -2.83e-14      0.00 7.382e-01 2.483e-01 2.393e-03 6.541e-04 5.946e-03 -1.000 1.350e-02 5.784 5.731 6.177 5.120
0.01471 0.00000 9.80000 0.8484712243 2.4345686519    0.848 -0.326  3.7251  4.545    1  0.000  0.537     0.00     0.00     0.00     0.00     0.00 -1 -3.43e-14      0.00 7.401e-01 2.465e-01 2.378e-03 6.500e-04 5.909e-03 -1.000 1.343e-02 5.585 5.510 5.929 4.923
0.01471 0.00000 9.80000 0.8500000238 2.4350346840    0.849 -0.322  3.7257  4.544    1  0.000  0.537     0.00     0.00     0.00     0.00     0.00 -1 -3.47e-14      0.00 7.402e-01 2.464e-01 2.377e-03 6.498e-04 5.907e-03 -1.000 1.343e-02 5.574 5.498 5.916 4.912
0.01471 0.00000 9.80000 0.8670182824 2.4400950913    0.866 -0.272  3.7321  4.528    1  0.000  0.536     0.00     0.00     0.00     0.00     0.00 -1 -3.92e-14      0.00 7.417e-01 2.449e-01 2.365e-03 6.465e-04 5.878e-03 -1.000 1.338e-02 5.450 5.363 5.766 4.791
0.01471 0.00000 9.80000 0.8920000196 2.4471227449    0.891 -0.199  3.7411  4.504    1  0.000  0.536     0.00     0.00     0.00     0.00     0.00 -1 -4.69e-14      0.00 7.439e-01 2.428e-01 2.347e-03 6.417e-04 5.835e-03 -1.000 1.326e-02 5.268 5.167 5.549 4.616
0.01471 0.00000 9.80000 0.8999999762 2.4492786016    0.899 -0.176  3.7439  4.496    1  0.000  0.536     0.00     0.00     0.00     0.00     0.00 -1 -4.97e-14      0.00 7.447e-01 2.421e-01 2.341e-03 6.402e-04 5.821e-03 -1.000 1.323e-02 5.210 5.106 5.481 4.562
0.01471 0.00000 9.80000 0.9138842821 2.4529173587    0.913 -0.135  3.7484  4.480    1  0.000  0.536     0.00     0.00     0.00     0.00     0.00 -1 -5.52e-14      0.00 7.462e-01 2.406e-01 2.329e-03 6.369e-04 5.791e-03 -1.000 1.316e-02 5.109 5.000 5.364 4.466
0.01471 0.00000 9.80000 0.9279037118 2.4564647551    0.927 -0.094  3.7528  4.463    1  0.000  0.536     0.00     0.00     0.00     0.00     0.00 -1 -6.15e-14      0.00 7.478e-01 2.391e-01 2.316e-03 6.334e-04 5.760e-03 -1.000 1.311e-02 5.006 4.893 5.247 4.370
0.01471 0.00000 9.80000 0.9418080449 2.4598633355    0.941 -0.053  3.7570  4.445    1  0.000  0.536     0.00     0.00     0.00     0.00     0.00 -1 -6.84e-14      0.00 7.495e-01 2.375e-01 2.303e-03 6.299e-04 5.729e-03 -1.000 1.305e-02 4.904 4.787 5.132 4.274
0.01471 0.00000 9.80000 0.9499999881 2.4618121868    0.949 -0.029  3.7594  4.434    1  0.000  0.536     0.00     0.00     0.00     0.00     0.00 -1 -7.29e-14      0.00 7.505e-01 2.365e-01 2.295e-03 6.278e-04 5.710e-03 -1.000 1.300e-02 4.843 4.725 5.064 4.217
0.01471 0.00000 9.80000 0.9545132518 2.4628694651    0.954 -0.016  3.7606  4.428    1  0.000  0.536     0.00     0.00     0.00     0.00     0.00 -1 -7.56e-14      0.00 7.511e-01 2.359e-01 2.290e-03 6.263e-04 5.697e-03 -1.000 1.297e-02 4.810 4.691 5.027 4.186
0.01471 0.00000 9.80000 0.9666024446 2.4656456263    0.966  0.020  3.7638  4.410    1  0.000  0.536     0.00     0.00     0.00     0.00     0.00 -1 -8.33e-14      0.00 7.530e-01 2.341e-01 2.275e-03 6.223e-04 5.660e-03 -1.000 1.288e-02 4.719 4.599 4.928 4.101
0.01471 0.00000 9.80000 0.9887385368 2.4705271829    0.988  0.087  3.7692  4.375    1  0.000  0.536     0.00     0.00     0.00     0.00     0.00 -1    -1e-13      0.00 7.566e-01 2.307e-01 2.246e-03 6.146e-04 5.592e-03 -1.000 1.273e-02 4.553 4.429 4.746 3.945
0.01471 0.00000 9.80000 0.9995534420 2.4728219220    0.999  0.120  3.7716  4.357    1  0.000  0.535     0.00     0.00     0.00     0.00     0.00 -1  -1.1e-13      0.00 7.584e-01 2.289e-01 2.232e-03 6.107e-04 5.557e-03 -1.000 1.265e-02 4.471 4.346 4.657 3.868
0.01471 0.00000 9.80000 1.0000000000 2.4729154477    1.000  0.121  3.7717  4.356    1  0.000  0.535     0.00     0.00     0.00     0.00     0.00 -1  -1.1e-13      0.00 7.585e-01 2.289e-01 2.231e-03 6.105e-04 5.556e-03 -1.000 1.264e-02 4.468 4.343 4.654 3.865
0.01471 0.00000 9.80000 1.0069379807 2.4743562695    1.006  0.142  3.7731  4.343    1  0.000  0.535     0.00     0.00     0.00     0.00     0.00 -1 -1.16e-13      0.00 7.600e-01 2.274e-01 2.219e-03 6.073e-04 5.526e-03 -1.000 1.257e-02 4.415 4.289 4.597 3.815
0.01471 0.00000 9.80000 1.0174697638 2.4765002958    1.017  0.174  3.7751  4.324    1  0.000  0.535     0.00     0.00     0.00     0.00     0.00 -1 -1.25e-13      0.00 7.624e-01 2.251e-01 2.200e-03 6.022e-04 5.481e-03 -1.000 1.248e-02 4.335 4.209 4.512 3.739
0.01471 0.00000 9.80000 1.0282998085 2.4786524527    1.027  0.206  3.7767  4.303    1  0.000  0.535     0.00     0.00     0.00     0.00     0.00 -1 -1.34e-13      0.00 7.648e-01 2.228e-01 2.181e-03 5.970e-04 5.434e-03 -1.000 1.239e-02 4.255 4.128 4.428 3.663
0.01471 0.00000 9.80000 1.0382688046 2.4805879310    1.037  0.235  3.7780  4.282    1  0.000  0.535     0.00     0.00     0.00     0.00     0.00 -1 -1.44e-13      0.00 7.669e-01 2.208e-01 2.164e-03 5.926e-04 5.395e-03 -1.000 1.230e-02 4.182 4.054 4.351 3.592
0.01471 0.00000 9.80000 1.0499999523 2.4828114860    1.049  0.271  3.7793  4.257    1  0.000  0.535     0.00     0.00     0.00     0.00     0.00 -1 -1.58e-13      0.00 7.692e-01 2.186e-01 2.146e-03 5.877e-04 5.351e-03 -1.000 1.221e-02 4.093 3.965 4.258 3.506
0.01471 0.00000 9.80000 1.0503784418 2.4828822754    1.049  0.272  3.7793  4.256    1  0.000  0.535     0.00     0.00     0.00     0.00     0.00 -1 -1.58e-13      0.00 7.693e-01 2.185e-01 2.145e-03 5.875e-04 5.349e-03 -1.000 1.220e-02 4.090 3.962 4.255 3.503
0.01471 0.00000 9.80000 1.0644407272 2.4854713852    1.063  0.319  3.7808  4.221    1  0.000  0.535     0.00     0.00     0.00     0.00     0.00 -1 -1.78e-13      0.00 7.710e-01 2.169e-01 2.133e-03 5.842e-04 5.320e-03 -1.000 1.212e-02 3.974 3.845 4.135 3.391
0.01471 0.00000 9.80000 1.0664695501 2.4858384506    1.065  0.325  3.7810  4.216    1  0.000  0.535     0.00     0.00     0.00     0.00     0.00 -1 -1.81e-13      0.00 7.711e-01 2.168e-01 2.132e-03 5.839e-04 5.317e-03 -1.000 1.210e-02 3.957 3.828 4.118 3.374
0.01471 0.00000 9.80000 1.0772944689 2.4877701090    1.076  0.363  3.7817  4.186    1  0.000  0.535     0.00     0.00     0.00     0.00     0.00 -1    -2e-13      0.00 7.717e-01 2.162e-01 2.129e-03 5.832e-04 5.310e-03 -1.000 1.208e-02 3.863 3.734 4.022 3.283
0.01471 0.00000 9.80000 1.0877784491 2.4895988448    1.086  0.400  3.7819  4.153    1  0.000  0.534     0.00     0.00     0.00     0.00     0.00 -1 -2.21e-13      0.00 7.719e-01 2.161e-01 2.130e-03 5.835e-04 5.314e-03 -1.000 1.208e-02 3.770 3.641 3.928 3.190
0.01471 0.00000 9.80000 1.0966439247 2.4911139249    1.095  0.432  3.7815  4.123    1  0.000  0.534     0.00     0.00     0.00     0.00     0.00 -1 -2.42e-13      0.00 7.712e-01 2.166e-01 2.138e-03 5.857e-04 5.334e-03 -1.000 1.214e-02 3.689 3.560 3.848 3.108
0.01471 0.00000 9.80000 1.1000000238 2.4916801480    1.099  0.445  3.7811  4.110    1  0.000  0.534     0.00     0.00     0.00     0.00     0.00 -1 -2.51e-13      0.00 7.707e-01 2.171e-01 2.144e-03 5.873e-04 5.349e-03 -1.000 1.218e-02 3.657 3.528 3.817 3.076
0.01471 0.00000 9.80000 1.1045770645 2.4924459873    1.103  0.463  3.7807  4.093    1  0.000  0.534     0.00     0.00     0.00     0.00     0.00 -1 -2.64e-13      0.00 7.694e-01 2.183e-01 2.156e-03 5.909e-04 5.381e-03 -1.000 1.227e-02 3.614 3.485 3.774 3.031
0.01471 0.00000 9.80000 1.1079005003 2.4929975131    1.106  0.475  3.7802  4.080    1  0.000  0.534     0.00     0.00     0.00     0.00     0.00 -1 -2.74e-13      0.00 7.686e-01 2.191e-01 2.165e-03 5.934e-04 5.403e-03 -1.000 1.233e-02 3.582 3.453 3.743 2.999
0.01471 0.00000 9.80000 1.1133935452 2.4939007909    1.112  0.497  3.7788  4.054    2  0.000  0.534     0.00     0.00     0.00     0.00     0.00 -1 -2.93e-13      0.00 7.658e-01 2.217e-01 2.191e-03 6.007e-04 5.469e-03 -1.000 1.247e-02 3.528 3.400 3.692 2.942
0.01471 0.00000 9.80000 1.1222075224 2.4953289358    1.121  0.531  3.7752  4.009    2  0.000  0.534     0.00     0.00     0.00     0.00     0.00 -1 -3.28e-13      0.00 7.596e-01 2.276e-01 2.244e-03 6.154e-04 5.600e-03 -1.000 1.275e-02 3.441 3.315 3.615 2.849
0.01471 0.00000 9.80000 1.1299755573 2.4965663866    1.128  0.559  3.7692  3.960    2  0.000  0.535     0.00     0.00     0.00     0.00     0.00 -1 -3.63e-13      0.00 7.508e-01 2.360e-01 2.314e-03 6.344e-04 5.769e-03 -1.000 1.315e-02 3.373 3.249 3.562 2.769
0.01471 0.00000 9.80000 1.1368362904 2.4976431460    1.135  0.575  3.7596  3.909    2  0.000  0.536     0.00     0.00     0.00     0.00     0.00 -1 -3.94e-13      0.00 7.401e-01 2.463e-01 2.397e-03 6.568e-04 5.968e-03 -1.000 1.358e-02 3.334 3.216 3.550 2.714
0.01471 0.00000 9.80000 1.1410009861 2.4982895166    1.139  0.570  3.7485  3.870    2  0.000  0.536     0.00     0.00     0.00     0.00     0.00 -1 -4.06e-13      0.00 7.320e-01 2.541e-01 2.459e-03 6.734e-04 6.115e-03 -1.000 1.392e-02 3.344 3.238 3.596 2.710
0.01471 0.00000 9.80000 1.1435103416 2.4986763616    1.142  0.556  3.7381  3.844    2  0.000  0.536     0.00     0.00     0.00     0.00     0.00 -1 -4.03e-13      0.00 7.269e-01 2.590e-01 2.496e-03 6.835e-04 6.205e-03 -1.000 1.410e-02 3.380 3.287 3.666 2.737
0.01471 0.00000 9.80000 1.1452618837 2.4989452263    1.143  0.544  3.7292  3.821    2  0.000  0.537     0.00     0.00     0.00     0.00     0.00 -1 -4.02e-13      0.00 7.238e-01 2.620e-01 2.519e-03 6.896e-04 6.258e-03 -1.000 1.424e-02 3.409 3.331 3.729 2.762
0.01471 0.00000 9.80000 1.1469168663 2.4991984013    1.145  0.537  3.7206  3.794    2  0.000  0.537     0.00     0.00     0.00     0.00     0.00 -1 -4.06e-13      0.00 7.213e-01 2.644e-01 2.537e-03 6.944e-04 6.300e-03 -1.000 1.437e-02 3.426 3.364 3.782 2.776
0.01471 0.00000 9.80000 1.1488971710 2.4995002413    1.147  0.546  3.7116  3.750    2  0.000  0.537     0.00     0.00     0.00     0.00     0.00 -1 -4.32e-13      0.00 7.187e-01 2.669e-01 2.553e-03 6.988e-04 6.339e-03 -1.000 1.441e-02 3.405 3.361 3.800 2.755
0.01471 0.00000 9.80000 1.1499999762 2.4996678137    1.148  0.560  3.7076  3.720    2  0.000  0.537     0.00     0.00     0.00     0.00     0.00 -1  -4.6e-13      0.00 7.173e-01 2.682e-01 2.560e-03 7.007e-04 6.356e-03 -1.000 1.443e-02 3.370 3.336 3.783 2.721
0.01471 0.00000 9.80000 1.1508593559 2.4997981415    1.149  0.574  3.7046  3.695    2  0.000  0.537     0.00     0.00     0.00     0.00     0.00 -1 -4.88e-13      0.00 7.162e-01 2.693e-01 2.566e-03 7.021e-04 6.369e-03 -1.000 1.444e-02 3.335 3.308 3.762 2.686
0.01471 0.00000 9.80000 1.1513181925 2.4998676339    1.150  0.584  3.7033  3.680    2  0.000  0.537     0.00     0.00     0.00     0.00     0.00 -1 -5.07e-13      0.00 7.156e-01 2.700e-01 2.568e-03 7.028e-04 6.375e-03 -1.000 1.446e-02 3.311 3.287 3.745 2.663
0.01471 0.00000 9.80000 1.1522934437 2.5000151278    1.151  0.609  3.7013  3.647    2  0.000  0.536     0.00     0.00     0.00     0.00     0.00 -1 -5.57e-13      0.00 7.141e-01 2.714e-01 2.570e-03 7.046e-04 6.386e-03 -1.000 1.449e-02 3.247 3.228 3.691 2.600
0.01471 0.00000 9.80000 1.1537090540 2.5002287100    1.152  0.650  3.6987  3.596    3  0.000  0.533     0.00     0.00     0.00     0.00     0.00 -1 -6.44e-13      0.00 7.116e-01 2.738e-01 2.560e-03 7.130e-04 6.400e-03 -1.000 1.453e-02 3.146 3.134 3.603 2.500
0.01471 0.00000 9.80000 1.1551588774 2.5004468303    1.153  0.696  3.6965  3.542    3  0.000  0.522     0.00     0.00     0.00     0.00     0.00 -1 -7.59e-13      0.00 7.087e-01 2.767e-01 2.513e-03 7.515e-04 6.413e-03 -1.000 1.460e-02 3.029 3.024 3.498 2.386
0.01471 0.00000 9.80000 1.1563503742 2.5006256156    1.155  0.738  3.6950  3.494    3  0.000  0.505     0.00     0.00     0.00     0.00     0.00 -1  -8.8e-13      0.00 7.059e-01 2.795e-01 2.430e-03 8.388e-04 6.422e-03 -1.000 1.464e-02 2.925 2.924 3.401 2.283
0.01471 0.00000 9.80000 1.1576727629 2.5008235459    1.156  0.789  3.6934  3.438    3  0.000  0.480     0.00     0.00     0.00     0.00     0.00 -1 -1.05e-12      0.00 7.026e-01 2.827e-01 2.316e-03 9.768e-04 6.430e-03 -1.000 1.466e-02 2.798 2.802 3.283 2.157
0.01471 0.00000 9.80000 1.1586787701 2.5009737735    1.157  0.831  3.6921  3.391    3  0.000  0.465     0.00     0.00     0.00     0.00     0.00 -1 -1.22e-12      0.00 7.003e-01 2.850e-01 2.244e-03 1.068e-03 6.435e-03 -1.000 1.469e-02 2.694 2.701 3.185 2.053
0.01471 0.00000 9.80000 1.1598353386 2.5011461142    1.158  0.883  3.6906  3.333    3  0.000  0.451     0.00     0.00     0.00     0.00     0.00 -1 -1.47e-12      0.00 6.977e-01 2.877e-01 2.176e-03 1.153e-03 6.440e-03 -1.000 1.467e-02 2.563 2.575 3.063 1.923
0.01471 0.00000 9.80000 1.1606786251 2.5012715237    1.159  0.924  3.6893  3.287    3  0.000  0.442     0.00     0.00     0.00     0.00     0.00 -1  -1.7e-12      0.00 6.959e-01 2.894e-01 2.138e-03 1.202e-03 6.443e-03 -1.000 1.470e-02 2.460 2.475 2.967 1.820
0.01471 0.00000 9.80000 1.1616786718 2.5014199744    1.160  0.978  3.6875  3.227    3  0.000  0.435     0.00     0.00     0.00     0.00     0.00 -1 -2.05e-12      0.00 6.942e-01 2.911e-01 2.105e-03 1.244e-03 6.445e-03 -1.000 1.472e-02 2.326 2.347 2.843 1.688
0.01471 0.00000 9.80000 1.1625176668 2.5015442914    1.161  1.027  3.6858  3.171    3  0.000  0.431     0.00     0.00     0.00     0.00     0.00 -1 -2.45e-12      0.00 6.930e-01 2.922e-01 2.085e-03 1.270e-03 6.447e-03 -1.000 1.472e-02 2.202 2.228 2.729 1.566
0.01471 0.00000 9.80000 1.1633149385 2.5016622351    1.161  1.079  3.6839  3.112    3  0.000  0.428     0.00     0.00     0.00     0.00     0.00 -1 -2.95e-12      0.00 6.921e-01 2.931e-01 2.069e-03 1.289e-03 6.449e-03 -1.000 1.475e-02 2.073 2.105 2.612 1.438
0.01471 0.00000 9.80000 1.1640303135 2.5017679053    1.162  1.129  3.6819  3.053    3  0.000  0.426     0.00     0.00     0.00     0.00     0.00 -1 -3.54e-12      0.00 6.915e-01 2.938e-01 2.059e-03 1.302e-03 6.450e-03 -1.000 1.475e-02 1.946 1.985 2.496 1.313
0.01471 0.00000 9.80000 1.1646891832 2.5018650970    1.163  1.181  3.6797  2.993    3  0.000  0.424     0.00     0.00     0.00     0.00     0.00 -1 -4.27e-12      0.00 6.911e-01 2.941e-01 2.054e-03 1.310e-03 6.450e-03 -1.000 1.474e-02 1.817 1.862 2.380 1.186
0.01471 0.00000 9.80000 1.1652522087 2.5019480502    1.163  1.230  3.6776  2.936    3  0.000  0.424     0.00     0.00     0.00     0.00     0.00 -1  -5.1e-12      0.00 6.910e-01 2.943e-01 2.050e-03 1.314e-03 6.450e-03 -1.000 1.472e-02 1.695 1.748 2.271 1.066
0.01471 0.00000 9.80000 1.1657693386 2.5020241602    1.164  1.280  3.6753  2.878    3  0.000  0.424     0.00     0.00     0.00     0.00     0.00 -1  -6.1e-12      0.00 6.909e-01 2.943e-01 2.049e-03 1.315e-03 6.450e-03 -1.000 1.471e-02 1.571 1.632 2.161 0.945
0.01471 0.00000 9.80000 1.1662331820 2.5020923616    1.164  1.328  3.6730  2.820    3  0.000  0.423     0.00     0.00     0.00     0.00     0.00 -1 -7.29e-12      0.00 6.910e-01 2.943e-01 2.049e-03 1.315e-03 6.450e-03 -1.000 1.471e-02 1.449 1.518 2.054 0.826
0.01471 0.00000 9.80000 1.1666594744 2.5021549867    1.164  1.377  3.6706  2.761    3  0.000  0.423     0.00     0.00     0.00     0.00     0.00 -1 -8.72e-12      0.00 6.910e-01 2.943e-01 2.048e-03 1.316e-03 6.450e-03 -1.000 1.471e-02 1.327 1.404 1.946 0.707
0.01471 0.00000 9.80000 1.1670383215 2.5022105977    1.165  1.424  3.6682  2.705    3  0.000  0.423     0.00     0.00     0.00     0.00     0.00 -1 -1.04e-11      0.00 6.910e-01 2.943e-01 2.048e-03 1.316e-03 6.450e-03 -1.000 1.472e-02 1.209 1.295 1.844 0.593
0.01471 0.00000 9.80000 1.1673878431 2.5022618671    1.165  1.471  3.6658  2.648    3  0.000  0.423     0.00     0.00     0.00     0.00     0.00 -1 -1.23e-11      0.00 6.910e-01 2.943e-01 2.048e-03 1.316e-03 6.451e-03 -1.000 1.472e-02 1.092 1.187 1.743 0.479
0.01471 0.00000 9.80000 1.1677162647 2.5023100093    1.165  1.518  3.6633  2.592    3  0.000  0.423     0.00     0.00     0.00     0.00     0.00 -1 -1.46e-11      0.00 6.910e-01 2.943e-01 2.048e-03 1.317e-03 6.451e-03 -1.000 1.472e-02 0.976 1.080 1.643 0.366
0.01471 0.00000 9.80000 1.1680316925 2.5023562175    1.165  1.563  3.6607  2.536    3  0.000  0.423     0.00     0.00     0.00     0.00     0.00 -1 -1.73e-11      0.00 6.910e-01 2.943e-01 2.048e-03 1.317e-03 6.451e-03 -1.000 1.472e-02 0.862 0.977 1.547 0.257
0.01471 0.00000 9.80000 1.1684296131 2.5024144694    1.166  1.606  3.6584  2.485    3  0.000  0.423     0.00     0.00     0.00     0.00     0.00 -1 -2.03e-11      0.00 6.910e-01 2.943e-01 2.047e-03 1.317e-03 6.451e-03 -1.000 1.472e-02 0.756 0.879 1.457 0.154
0.01471 0.00000 9.80000 1.1685119867 2.5024265225    1.166  1.612  3.6581  2.477    3  0.000  0.423     0.00     0.00     0.00     0.00     0.00 -1 -2.09e-11      0.00 6.910e-01 2.943e-01 2.047e-03 1.317e-03 6.451e-03 -1.000 1.472e-02 0.740 0.864 1.443 0.139
0.01471 0.00000 9.80000 1.1687624454 2.5024631580    1.166  1.582  3.6601  2.515    3  0.000  0.423     0.00     0.00     0.00     0.00     0.00 -1 -1.89e-11      0.00 6.910e-01 2.943e-01 2.047e-03 1.317e-03 6.451e-03 -1.000 1.472e-02 0.814 0.930 1.502 0.210
0.01471 0.00000 9.80000 1.1689248085 2.5024868978    1.166  1.544  3.6627  2.563    3  0.000  0.423     0.00     0.00     0.00     0.00     0.00 -1 -1.64e-11      0.00 6.910e-01 2.943e-01 2.047e-03 1.317e-03 6.451e-03 -1.000 1.472e-02 0.910 1.016 1.581 0.301
0.01471 0.00000 9.80000 1.1689602137 2.5024920736    1.166  1.536  3.6632  2.573    3  0.000  0.423     0.00     0.00     0.00     0.00     0.00 -1 -1.58e-11      0.00 6.910e-01 2.943e-01 2.047e-03 1.317e-03 6.451e-03 -1.000 1.472e-02 0.929 1.034 1.598 0.320
0.01471 0.00000 9.80000 1.1690063477 2.5024988172    1.166  1.545  3.6627  2.563    3  0.000  0.423     0.00     0.00     0.00     0.00     0.00 -1 -1.63e-11      0.00 6.910e-01 2.943e-01 2.047e-03 1.317e-03 6.451e-03 -1.000 1.472e-02 0.908 1.015 1.580 0.300
0.01471 0.00000 9.80000 1.1692615747 2.5025361137    1.166  1.591  3.6600  2.506    3  0.000  0.423     0.00     0.00     0.00     0.00     0.00 -1 -1.91e-11      0.00 6.910e-01 2.943e-01 2.047e-03 1.318e-03 6.451e-03 -1.000 1.472e-02 0.793 0.909 1.481 0.189
0.01471 0.00000 9.80000 1.1695168018 2.5025733915    1.166  1.638  3.6573  2.449    3  0.000  0.423     0.00     0.00     0.00     0.00     0.00 -1 -2.27e-11      0.00 6.910e-01 2.943e-01 2.047e-03 1.318e-03 6.451e-03 -1.000 1.472e-02 0.676 0.804 1.386 0.076
0.01471 0.00000 9.80000 1.1697533131 2.5026079191    1.166  1.683  3.6546  2.392    3  0.000  0.423     0.00     0.00     0.00     0.00     0.00 -1 -2.69e-11      0.00 6.910e-01 2.943e-01 2.046e-03 1.318e-03 6.451e-03 -1.000 1.472e-02 0.562 0.701 1.292 -0.034
0.01471 0.00000 9.80000 1.1699726582 2.5026399262    1.166  1.729  3.6519  2.336    3  0.000  0.423     0.00     0.00     0.00     0.00     0.00 -1 -3.18e-11      0.00 6.910e-01 2.943e-01 2.046e-03 1.318e-03 6.451e-03 -1.000 1.472e-02 0.448 0.599 1.199 -0.144
0.01471 0.00000 9.80000 1.1701747179 2.5026693989    1.166  1.774  3.6491  2.279    3  0.000  0.423     0.00     0.00     0.00     0.00     0.00 -1 -3.77e-11      0.00 6.910e-01 2.943e-01 2.046e-03 1.318e-03 6.451e-03 -1.000 1.472e-02 0.335 0.497 1.108 -0.252
0.01471 0.00000 9.80000 1.1703574657 2.5026960446    1.167  1.818  3.6463  2.224    3  0.000  0.423     0.00     0.00     0.00     0.00     0.00 -1 -4.45e-11      0.00 6.910e-01 2.943e-01 2.046e-03 1.318e-03 6.451e-03 -1.000 1.472e-02 0.224 0.399 1.021 -0.358
0.01471 0.00000 9.80000 1.1705280542 2.5027209088    1.167  1.863  3.6435  2.168    3  0.000  0.423     0.00     0.00     0.00     0.00     0.00 -1 -5.26e-11      0.00 6.910e-01 2.942e-01 2.046e-03 1.319e-03 6.451e-03 -1.000 1.472e-02 0.112 0.301 0.933 -0.464
0.01471 0.00000 9.80000 1.1706857681 2.5027438890    1.167  1.908  3.6406  2.112    3  0.000  0.423     0.00     0.00     0.00     0.00     0.00 -1 -6.22e-11      0.00 6.910e-01 2.942e-01 2.046e-03 1.319e-03 6.451e-03 -1.000 1.472e-02 0.001 0.203 0.846 -0.570
0.01471 0.00000 9.80000 1.1708289385 2.5027647439    1.166  1.951  3.6377  2.056    3  0.000  0.423     0.00     0.00     0.00     0.00     0.00 -1 -7.33e-11      0.00 6.910e-01 2.942e-01 2.046e-03 1.319e-03 6.451e-03 -1.000 1.472e-02 -0.108 0.108 0.763 -0.673
0.01471 0.00000 9.80000 1.1709622145 2.5027841523    1.166  1.996  3.6348  2.000    3  0.000  0.423     0.00     0.00     0.00     0.00     0.00 -1 -8.67e-11      0.00 6.910e-01 2.942e-01 2.046e-03 1.319e-03 6.451e-03 -1.000 1.472e-02 -0.219 0.012 0.680 -0.776
0.01471 0.00000 9.80000 1.1710824966 2.5028016642    1.166  2.039  3.6318  1.945    3  0.000  0.423     0.00     0.00     0.00     0.00     0.00 -1 -1.02e-10      0.00 6.910e-01 2.942e-01 2.045e-03 1.319e-03 6.452e-03 -1.000 1.472e-02 -0.328 -0.081 0.597 -0.877
0.01471 0.00000 9.80000 1.1711934805 2.5028178186    1.166  2.082  3.6289  1.890    3  0.000  0.423     0.00     0.00     0.00     0.00     0.00 -1  -1.2e-10      0.00 6.910e-01 2.942e-01 2.045e-03 1.319e-03 6.452e-03 -1.000 1.472e-02 -0.436 -0.173 0.515 -0.976
0.01471 0.00000 9.80000 1.1712948084 2.5028325644    1.166  2.125  3.6259  1.835    3  0.000  0.423     0.00     0.00     0.00     0.00     0.00 -1 -1.41e-10      0.00 6.910e-01 2.942e-01 2.045e-03 1.319e-03 6.452e-03 -1.000 1.472e-02 -0.543 -0.263 0.435 -1.073
0.01471 0.00000 9.80000 1.1713879108 2.5028461106    1.166  2.168  3.6229  1.780    3  0.000  0.423     0.00     0.00     0.00     0.00     0.00 -1 -1.66e-10      0.00 6.910e-01 2.942e-01 2.045e-03 1.319e-03 6.452e-03 -1.000 1.472e-02 -0.650 -0.353 0.356 -1.170
0.01471 0.00000 9.80000 1.1714752913 2.5028588221    1.166  2.211  3.6198  1.725    3  0.000  0.423     0.00     0.00     0.00     0.00     0.00 -1 -1.96e-10      0.00 6.910e-01 2.942e-01 2.045e-03 1.319e-03 6.452e-03 -1.000 1.472e-02 -0.758 -0.443 0.275 -1.267
0.01471 0.00000 9.80000 1.1715542078 2.5028703004    1.165  2.253  3.6167  1.670    3  0.000  0.423     0.00     0.00     0.00     0.00     0.00 -1  -2.3e-10      0.00 6.911e-01 2.942e-01 2.045e-03 1.319e-03 6.452e-03 -1.000 1.472e-02 -0.863 -0.530 0.199 -1.361
0.01471 0.00000 9.80000 1.1716270447 2.5028808929    1.165  2.295  3.6137  1.616    3  0.000  0.423     0.00     0.00     0.00     0.00     0.00 -1  -2.7e-10      0.00 6.911e-01 2.942e-01 2.045e-03 1.319e-03 6.452e-03 -1.000 1.472e-02 -0.967 -0.616 0.123 -1.454
0.01471 0.00000 9.80000 1.1716957092 2.5028908771    1.165  2.337  3.6105  1.561    3  0.000  0.423     0.00     0.00     0.00     0.00     0.00 -1 -3.17e-10      0.00 6.911e-01 2.942e-01 2.045e-03 1.319e-03 6.452e-03 -1.000 1.472e-02 -1.074 -0.703 0.046 -1.548
0.01471 0.00000 9.80000 1.1717561483 2.5028996643    1.164  2.378  3.6074  1.508    3  0.000  0.423     0.00     0.00     0.00     0.00     0.00 -1  -3.7e-10      0.00 6.911e-01 2.942e-01 2.045e-03 1.320e-03 6.452e-03 -1.000 1.472e-02 -1.175 -0.783 -0.024 -1.636
0.01471 0.00000 9.80000 1.1718145609 2.5029081558    1.164  2.420  3.6042  1.453    3  0.000  0.423     0.00     0.00     0.00     0.00     0.00 -1 -4.35e-10      0.00 6.911e-01 2.942e-01 2.045e-03 1.320e-03 6.452e-03 -1.000 1.472e-02 -1.279 -0.865 -0.091 -1.728
0.01471 0.00000 9.80000 1.1718670130 2.5029157800    1.163  2.460  3.6011  1.400    3  0.000  0.423     0.00     0.00     0.00     0.00     0.00 -1 -5.08e-10      0.00 6.911e-01 2.942e-01 2.045e-03 1.320e-03 6.452e-03 -1.000 1.472e-02 -1.381 -0.945 -0.155 -1.817
0.01471 0.00000 9.80000 1.1719149351 2.5029227451    1.163  2.500  3.5979  1.347    3  0.000  0.423    10.54     7.75     5.46     4.19     3.40  4 -5.92e-10      0.00 6.911e-01 2.942e-01 2.045e-03 1.320e-03 6.452e-03 -1.000 1.472e-02 -1.480 -1.020 -0.213 -1.904
0.01471 0.00000 9.80000 1.1719608307 2.5029294150    1.162  2.541  3.5946  1.292    3  0.000  0.423    11.79     8.55     6.00     4.61     3.74  4 -6.94e-10      0.00 6.911e-01 2.942e-01 2.045e-03 1.320e-03 6.452e-03 -1.000 1.472e-02 -1.583 -1.096 -0.268 -1.992
0.01471 0.00000 9.80000 1.1720017195 2.5029353568    1.162  2.580  3.5914  1.240    3  0.000  0.423    13.14     9.40     6.57     5.05     4.10  4 -8.08e-10      0.00 6.911e-01 2.942e-01 2.045e-03 1.320e-03 6.452e-03 -1.000 1.472e-02 -1.681 -1.168 -0.322 -2.076
0.01471 0.00000 9.80000 1.1720395088 2.5029408477    1.161  2.619  3.5882  1.188    3  0.000  0.423    14.62    10.32     7.19     5.53     4.49  4 -9.39e-10      0.00 6.911e-01 2.942e-01 2.045e-03 1.320e-03 6.452e-03 -1.000 1.472e-02 -1.778 -1.237 -0.369 -2.157
0.01471 0.00000 9.80000 1.1720758677 2.5029461304    1.160  2.659  3.5847  1.134    3  0.000  0.423    16.34    11.38     7.89     6.08     4.94  3  -1.1e-09      0.00 6.911e-01 2.942e-01 2.045e-03 1.320e-03 6.452e-03 -1.000 1.472e-02 -1.878 -1.305 -0.412 -2.239
0.01471 0.00000 9.80000 1.1721086502 2.5029508932    1.160  2.697  3.5814  1.082    3  0.000  0.423    18.18    12.49     8.62     6.65     5.41  3 -1.28e-09      0.00 6.911e-01 2.942e-01 2.045e-03 1.320e-03 6.452e-03 -1.000 1.472e-02 -1.974 -1.370 -0.453 -2.317
0.01471 0.00000 9.80000 1.1721391678 2.5029553267    1.159  2.735  3.5780  1.031    3  0.000  0.423    20.23    13.72     9.43     7.28     5.92  3 -1.48e-09      0.00 6.911e-01 2.942e-01 2.045e-03 1.320e-03 6.452e-03 -1.000 1.472e-02 -2.068 -1.430 -0.484 -2.392
0.01471 0.00000 9.80000 1.1721678972 2.5029595001    1.158  2.773  3.5746  0.979    3  0.000  0.423    22.52    15.07    10.31     7.98     6.49  3 -1.72e-09      0.00 6.911e-01 2.942e-01 2.045e-03 1.320e-03 6.452e-03 -1.000 1.472e-02 -2.164 -1.486 -0.506 -2.465
0.01471 0.00000 9.80000 1.1721948385 2.5029634135    1.157  2.811  3.5710  0.926    3  0.000  0.423    25.09    16.56    11.29     8.74     7.11  3 -1.99e-09      0.00 6.911e-01 2.942e-01 2.045e-03 1.320e-03 6.452e-03 -1.000 1.472e-02 -2.258 -1.540 -0.526 -2.537
0.01471 0.00000 9.80000 1.1722252369 2.5029678289    1.156  2.857  3.5667  0.863    3  0.000  0.423    28.60    18.57    12.59     9.77     7.95  3 -2.39e-09      0.00 6.911e-01 2.942e-01 2.045e-03 1.320e-03 6.452e-03 -1.000 1.472e-02 -2.372 -1.596 -0.528 -2.618
0.01471 0.00000 9.80000 1.1722533703 2.5029719151    1.154  2.902  3.5622  0.799    3  0.000  0.423    32.59    20.82    14.04    10.92     8.88  3 -2.86e-09      0.00 6.911e-01 2.942e-01 2.045e-03 1.320e-03 6.452e-03 -1.000 1.472e-02 -2.485 -1.649 -0.522 -2.697
0.01471 0.00000 9.80000 1.1722790003 2.5029756374    1.153  2.946  3.5578  0.737    3  0.000  0.423    37.05    23.29    15.63    12.17     9.91  2 -3.41e-09      0.00 6.911e-01 2.942e-01 2.045e-03 1.320e-03 6.452e-03 -1.000 1.472e-02 -2.595 -1.695 -0.501 -2.769
0.01471 0.00000 9.80000 1.1723028421 2.5029790999    1.151  2.990  3.5533  0.675    3  0.000  0.423    42.12    26.06    17.40    13.57    11.05  2 -4.07e-09      0.00 6.911e-01 2.942e-01 2.045e-03 1.320e-03 6.452e-03 -1.000 1.472e-02 -2.704 -1.733 -0.461 -2.836
0.01471 0.00000 9.80000 1.1723250151 2.5029823199    1.149  3.033  3.5488  0.613    3  0.000  0.423    47.87    29.14    19.36    15.13    12.32  2 -4.85e-09      0.00 6.911e-01 2.942e-01 2.045e-03 1.320e-03 6.452e-03 -1.000 1.472e-02 -2.812 -1.765 -0.412 -2.898
0.01471 0.00000 9.80000 1.1723455191 2.5029852974    1.147  3.075  3.5442  0.551    3  0.000  0.422    54.35    32.57    21.52    16.85    13.73  2 -5.77e-09      0.00 6.911e-01 2.942e-01 2.045e-03 1.320e-03 6.452e-03 -1.000 1.472e-02 -2.918 -1.786 -0.336 -2.949
0.01471 0.00000 9.80000 1.1723648310 2.5029881016    1.144  3.118  3.5395  0.489    3  0.000  0.422    61.76    36.41    23.94    18.77    15.30  2 -6.87e-09      0.00 6.911e-01 2.942e-01 2.045e-03 1.320e-03 6.452e-03 -1.000 1.472e-02 -3.024 -1.804 -0.252 -2.998
0.01471 0.00000 9.80000 1.1723824739 2.5029906634    1.141  3.159  3.5349  0.428    3  0.000  0.422    70.04    40.64    26.59    20.89    17.03  2 -8.16e-09      0.00 6.911e-01 2.942e-01 2.045e-03 1.320e-03 6.452e-03 -1.000 1.472e-02 -3.128 -1.805 -0.134 -3.032
0.01471 0.00000 9.80000 1.1723990440 2.5029930694    1.138  3.200  3.5301  0.367    3  0.000  0.422    79.45    45.37    29.53    23.24    18.95  2 -9.69e-09      0.00 6.911e-01 2.942e-01 2.045e-03 1.320e-03 6.452e-03 -1.000 1.472e-02 -3.230 -1.804 -0.012 -3.064
0.01471 0.00000 9.80000 1.1724143028 2.5029952849    1.135  3.240  3.5254  0.307    3  0.000  0.422    89.87    50.52    32.73    25.80    21.04  2 -1.15e-08      0.00 6.911e-01 2.942e-01 2.045e-03 1.320e-03 6.452e-03 -1.000 1.472e-02 -3.330 -1.781 0.145 -3.071
0.01471 0.00000 9.80000 1.1724288464 2.5029973965    1.132  3.280  3.5205  0.246    3  0.000  0.422   101.74    56.29    36.29    28.65    23.37  1 -1.36e-08      0.00 6.911e-01 2.942e-01 2.045e-03 1.320e-03 6.452e-03 -1.000 1.472e-02 -3.429 -1.754 0.311 -3.074
0.01471 0.00000 9.80000 1.1724423170 2.5029993522    1.127  3.318  3.5157  0.187    3  0.000  0.422   115.00    62.63    40.17    31.78    25.93  1  -1.6e-08      0.00 6.911e-01 2.942e-01 2.045e-03 1.320e-03 6.452e-03 -1.000 1.472e-02 -3.525 -1.696 0.524 -3.046
0.01471 0.00000 9.80000 1.1724550724 2.5030012041    1.123  3.356  3.5109  0.128    3  0.000  0.422   129.83    69.61    44.44    35.21    28.73  1 -1.89e-08      0.00 6.911e-01 2.942e-01 2.044e-03 1.320e-03 6.452e-03 -1.000 1.472e-02 -3.620 -1.632 0.747 -3.011
0.01471 0.00000 9.80000 1.1724703312 2.5030034193    1.117  3.400  3.5051  0.058    3  0.000  0.422   149.73    78.79    50.01    39.70    32.41  0  -2.3e-08      0.00 6.911e-01 2.942e-01 2.044e-03 1.320e-03 6.452e-03 -1.000 1.472e-02 -3.730 -1.568 0.964 -2.976
0.01471 0.00000 9.80000 1.1724703312 2.5030034193    1.117  1.711  3.6701  2.407    4  0.000  0.435     0.00     0.00     0.00     0.00     0.00 -1    -1e-30      0.00 6.902e-01 2.950e-01 2.106e-03 1.255e-03 6.460e-03 -1.000 1.478e-02 0.492 0.570 1.112 -0.128
0.01471 0.00000 9.80000 1.1726202965 2.5030251875    1.117  1.721  3.6693  2.394    4  0.000  0.434     0.00     0.00     0.00     0.00     0.00 -1    -1e-30      0.00 6.902e-01 2.950e-01 2.105e-03 1.256e-03 6.461e-03 -1.000 1.478e-02 0.467 0.548 1.093 -0.152
0.01471 0.00000 9.80000 1.1727739573 2.5030474855    1.117  1.726  3.6690  2.389    4  0.000  0.434     0.00     0.00     0.00     0.00     0.00 -1    -1e-30      0.00 6.902e-01 2.950e-01 2.105e-03 1.256e-03 6.461e-03 -1.000 1.478e-02 0.456 0.537 1.084 -0.163
0.01471 0.00000 9.80000 1.1729322672 2.5030704511    1.117  1.726  3.6693  2.390    4  0.000  0.434     0.00     0.00     0.00     0.00     0.00 -1    -1e-30      0.00 6.902e-01 2.951e-01 2.105e-03 1.256e-03 6.461e-03 -1.000 1.478e-02 0.456 0.537 1.082 -0.162
0.01471 0.00000 9.80000 1.1730895042 2.5030932540    1.117  1.724  3.6697  2.393    4  0.000  0.434     0.00     0.00     0.00     0.00     0.00 -1    -1e-30      0.00 6.901e-01 2.951e-01 2.105e-03 1.257e-03 6.461e-03 -1.000 1.478e-02 0.460 0.540 1.084 -0.159
0.01471 0.00000 9.80000 1.1732470989 2.5031161017    1.118  1.722  3.6702  2.397    4  0.000  0.434     0.00     0.00     0.00     0.00     0.00 -1    -1e-30      0.00 6.901e-01 2.951e-01 2.105e-03 1.257e-03 6.461e-03 -1.000 1.479e-02 0.466 0.543 1.086 -0.154
0.01471 0.00000 9.80000 1.1734079123 2.5031394087    1.118  1.719  3.6706  2.401    4  0.000  0.434     0.00     0.00     0.00     0.00     0.00 -1    -1e-30      0.00 6.901e-01 2.951e-01 2.105e-03 1.257e-03 6.462e-03 -1.000 1.479e-02 0.471 0.547 1.089 -0.149
0.01471 0.00000 9.80000 1.1735678911 2.5031625876    1.118  1.717  3.6710  2.405    4  0.000  0.434     0.00     0.00     0.00     0.00     0.00 -1    -1e-30      0.00 6.901e-01 2.951e-01 2.104e-03 1.258e-03 6.462e-03 -1.000 1.479e-02 0.477 0.551 1.091 -0.144
0.01471 0.00000 9.80000 1.1737231016 2.5031850686    1.118  1.715  3.6715  2.409    4  0.000  0.434     0.00     0.00     0.00     0.00     0.00 -1    -1e-30      0.00 6.901e-01 2.952e-01 2.104e-03 1.258e-03 6.462e-03 -1.000 1.479e-02 0.482 0.555 1.094 -0.139
0.01471 0.00000 9.80000 1.1738765240 2.5032072839    1.118  1.713  3.6718  2.412    4  0.000  0.434     0.00     0.00     0.00     0.00     0.00 -1    -1e-30      0.00 6.900e-01 2.952e-01 2.104e-03 1.259e-03 6.462e-03 -1.000 1.479e-02 0.486 0.558 1.096 -0.135
0.01471 0.00000 9.80000 1.1740423441 2.5032312868    1.118  1.712  3.6722  2.415    4  0.000  0.434     0.00     0.00     0.00     0.00     0.00 -1    -1e-30      0.00 6.900e-01 2.952e-01 2.104e-03 1.259e-03 6.463e-03 -1.000 1.479e-02 0.490 0.561 1.097 -0.132
0.01471 0.00000 9.80000 1.1741937399 2.5032531950    1.119  1.711  3.6725  2.418    4  0.000  0.434     0.00     0.00     0.00     0.00     0.00 -1    -1e-30      0.00 6.900e-01 2.952e-01 2.104e-03 1.259e-03 6.463e-03 -1.000 1.479e-02 0.493 0.563 1.099 -0.129
0.01471 0.00000 9.80000 1.1743662357 2.5032781486    1.119  1.710  3.6728  2.420    4  0.000  0.434     0.00     0.00     0.00     0.00     0.00 -1    -1e-30      0.00 6.900e-01 2.952e-01 2.103e-03 1.260e-03 6.463e-03 -1.000 1.479e-02 0.496 0.565 1.099 -0.126
0.01471 0.00000 9.80000 1.1745349169 2.5033025423    1.119  1.709  3.6731  2.423    4  0.000  0.434     0.00     0.00     0.00     0.00     0.00 -1    -1e-30      0.00 6.900e-01 2.952e-01 2.103e-03 1.260e-03 6.463e-03 -1.000 1.479e-02 0.498 0.566 1.100 -0.124
0.01471 0.00000 9.80000 1.1746232510 2.5033153134    1.119  1.708  3.6732  2.424    4  0.000  0.434     0.00     0.00     0.00     0.00     0.00 -1    -1e-30      0.00 6.900e-01 2.953e-01 2.103e-03 1.260e-03 6.463e-03 -1.000 1.479e-02 0.499 0.566 1.100 -0.123
0.01471 0.00000 9.80000 1.1746594906 2.5033205522    1.119  1.708  3.6733  2.424    4  0.000  0.434     0.00     0.00     0.00     0.00     0.00 -1    -1e-30      0.00 6.900e-01 2.953e-01 2.103e-03 1.260e-03 6.463e-03 -1.000 1.479e-02 0.500 0.566 1.100 -0.123
0.01471 0.00000 9.80000 1.1748147011 2.5033429852    1.119  1.708  3.6735  2.425    4  0.000  0.434     0.00     0.00     0.00     0.00     0.00 -1    -1e-30      0.00 6.899e-01 2.953e-01 2.103e-03 1.261e-03 6.464e-03 -1.000 1.479e-02 0.501 0.567 1.100 -0.122
0.01471 0.00000 9.80000 1.1749631166 2.5033644297    1.120  1.707  3.6737  2.427    4  0.000  0.434     0.00     0.00     0.00     0.00     0.00 -1    -1e-30      0.00 6.899e-01 2.953e-01 2.103e-03 1.261e-03 6.464e-03 -1.000 1.479e-02 0.502 0.567 1.100 -0.121
0.01471 0.00000 9.80000 1.1751110554 2.5033857991    1.120  1.707  3.6738  2.427    4  0.000  0.434     0.00     0.00     0.00     0.00     0.00 -1    -1e-30      0.00 6.899e-01 2.953e-01 2.103e-03 1.261e-03 6.464e-03 -1.000 1.479e-02 0.502 0.567 1.099 -0.121
0.01471 0.00000 9.80000 1.1752665043 2.5034082467    1.120  1.707  3.6740  2.428    4  0.000  0.434     0.00     0.00     0.00     0.00     0.00 -1    -1e-30      0.00 6.899e-01 2.953e-01 2.102e-03 1.261e-03 6.464e-03 -1.000 1.479e-02 0.501 0.566 1.097 -0.122
0.01471 0.00000 9.80000 1.1754138470 2.5034295174    1.120  1.708  3.6740  2.427    4  0.000  0.434     0.00     0.00     0.00     0.00     0.00 -1    -1e-30      0.00 6.899e-01 2.953e-01 2.102e-03 1.262e-03 6.464e-03 -1.000 1.479e-02 0.500 0.564 1.096 -0.123
0.01471 0.00000 9.80000 1.1755732298 2.5034525194    1.120  1.709  3.6741  2.427    4  0.000  0.434     0.00     0.00     0.00     0.00     0.00 -1    -1e-30      0.00 6.899e-01 2.954e-01 2.102e-03 1.262e-03 6.465e-03 -1.000 1.479e-02 0.498 0.562 1.093 -0.126
0.01471 0.00000 9.80000 1.1757253408 2.5034744652    1.120  1.710  3.6741  2.426    4  0.000  0.433     0.00     0.00     0.00     0.00     0.00 -1    -1e-30      0.00 6.898e-01 2.954e-01 2.102e-03 1.262e-03 6.465e-03 -1.000 1.479e-02 0.495 0.559 1.090 -0.129
0.01471 0.00000 9.80000 1.1757351160 2.5034758753    1.120  1.710  3.6741  2.426    4  0.000  0.433     0.00     0.00     0.00     0.00     0.00 -1    -1e-30      0.00 6.898e-01 2.954e-01 2.102e-03 1.262e-03 6.465e-03 -1.000 1.479e-02 0.495 0.559 1.090 -0.129
0.01471 0.00000 9.80000 1.1758030653 2.5034856764    1.120  1.711  3.6740  2.425    4  0.000  0.433     0.00     0.00     0.00     0.00     0.00 -1    -1e-30      0.00 6.898e-01 2.954e-01 2.102e-03 1.263e-03 6.465e-03 -1.000 1.479e-02 0.493 0.557 1.089 -0.131
0.01471 0.00000 9.80000 1.1759562492 2.5035077670    1.121  1.713  3.6740  2.423    4  0.000  0.433     0.00     0.00     0.00     0.00     0.00 -1    -1e-30      0.00 6.898e-01 2.954e-01 2.102e-03 1.263e-03 6.465e-03 -1.000 1.479e-02 0.488 0.553 1.084 -0.135
0.01471 0.00000 9.80000 1.1761026382 2.5035288716    1.121  1.715  3.6738  2.420    4  0.000  0.433     0.00     0.00     0.00     0.00     0.00 -1    -1e-30      0.00 6.898e-01 2.954e-01 2.102e-03 1.263e-03 6.465e-03 -1.000 1.479e-02 0.482 0.547 1.080 -0.141
0.01471 0.00000 9.80000 1.1762498617 2.5035500904    1.121  1.718  3.6736  2.416    4  0.000  0.433     0.00     0.00     0.00     0.00     0.00 -1    -1e-30      0.00 6.898e-01 2.954e-01 2.101e-03 1.264e-03 6.466e-03 -1.000 1.479e-02 0.475 0.541 1.074 -0.148
0.01471 0.00000 9.80000 1.1763970852 2.5035713030    1.121  1.722  3.6733  2.411    4  0.000  0.433     0.00     0.00     0.00     0.00     0.00 -1    -1e-30      0.00 6.898e-01 2.954e-01 2.101e-03 1.264e-03 6.466e-03 -1.000 1.479e-02 0.466 0.533 1.066 -0.157
0.01471 0.00000 9.80000 1.1765432358 2.5035923551    1.121  1.726  3.6729  2.406    4  0.000  0.433     0.00     0.00     0.00     0.00     0.00 -1    -1e-30      0.00 6.897e-01 2.955e-01 2.101e-03 1.264e-03 6.466e-03 -1.000 1.479e-02 0.455 0.523 1.058 -0.168
0.01471 0.00000 9.80000 1.1766873598 2.5036131093    1.122  1.731  3.6725  2.398    4  0.000  0.433     0.00     0.00     0.00     0.00     0.00 -1    -1e-30      0.00 6.897e-01 2.955e-01 2.101e-03 1.265e-03 6.466e-03 -1.000 1.480e-02 0.442 0.511 1.047 -0.181
0.01471 0.00000 9.80000 1.1768305302 2.5036337204    1.122  1.737  3.6720  2.391    4  0.000  0.433     0.00     0.00     0.00     0.00     0.00 -1    -1e-30      0.00 6.897e-01 2.955e-01 2.101e-03 1.265e-03 6.466e-03 -1.000 1.480e-02 0.427 0.498 1.036 -0.195
0.01471 0.00000 9.80000 1.1769752502 2.5036545488    1.122  1.744  3.6714  2.381    4  0.000  0.433     0.00     0.00     0.00     0.00     0.00 -1    -1e-30      0.00 6.897e-01 2.955e-01 2.101e-03 1.265e-03 6.467e-03 -1.000 1.480e-02 0.410 0.483 1.023 -0.211
0.01471 0.00000 9.80000 1.1771222353 2.5036756971    1.122  1.753  3.6705  2.369    4  0.000  0.433     0.00     0.00     0.00     0.00     0.00 -1    -1e-30      0.00 6.897e-01 2.955e-01 2.100e-03 1.265e-03 6.467e-03 -1.000 1.480e-02 0.388 0.464 1.006 -0.232
0.01471 0.00000 9.80000 1.1772574186 2.5036951420    1.122  1.752  3.6706  2.370    4  0.000  0.433     0.00     0.00     0.00     0.00     0.00 -1    -1e-30      0.00 6.897e-01 2.955e-01 2.100e-03 1.266e-03 6.467e-03 -1.000 1.480e-02 0.389 0.464 1.006 -0.232
0.01471 0.00000 9.80000 1.1774042845 2.5037162615    1.122  1.773  3.6687  2.342    4  0.000  0.433     0.00     0.00     0.00     0.00     0.00 -1    -1e-30      0.00 6.896e-01 2.956e-01 2.100e-03 1.266e-03 6.467e-03 -1.000 1.480e-02 0.337 0.420 0.968 -0.282
0.01471 0.00000 9.80000 1.1775465012 2.5037367067    1.123  1.809  3.6654  2.293    4  0.000  0.433     0.00     0.00     0.00     0.00     0.00 -1    -1e-30      0.00 6.896e-01 2.956e-01 2.100e-03 1.266e-03 6.467e-03 -1.000 1.480e-02 0.249 0.343 0.902 -0.366
0.01471 0.00000 9.80000 1.1776221991 2.5037475868    1.123  1.846  3.6620  2.243    4  0.000  0.433     0.00     0.00     0.00     0.00     0.00 -1    -1e-30      0.00 6.896e-01 2.956e-01 2.100e-03 1.266e-03 6.467e-03 -1.000 1.480e-02 0.156 0.264 0.833 -0.454
0.01471 0.00000 9.80000 1.1776632071 2.5037534802    1.123  1.884  3.6586  2.190    4  0.000  0.433     0.00     0.00     0.00     0.00     0.00 -1    -1e-30      0.00 6.896e-01 2.956e-01 2.100e-03 1.267e-03 6.467e-03 -1.000 1.480e-02 0.059 0.181 0.761 -0.546
0.01471 0.00000 9.80000 1.1776852608 2.5037566494    1.123  1.923  3.6552  2.138    4  0.000  0.433     0.00     0.00     0.00     0.00     0.00 -1    -1e-30      0.00 6.896e-01 2.956e-01 2.100e-03 1.267e-03 6.468e-03 -1.000 1.480e-02 -0.037 0.098 0.691 -0.637
0.01471 0.00000 9.80000 1.1776964664 2.5037582597    1.123  1.961  3.6518  2.087    4  0.000  0.433     0.00     0.00     0.00     0.00     0.00 -1    -1e-30      0.00 6.896e-01 2.956e-01 2.100e-03 1.267e-03 6.468e-03 -1.000 1.480e-02 -0.132 0.018 0.622 -0.726
0.01471 0.00000 9.80000 1.1777029037 2.5037591847    1.123  1.999  3.6484  2.035    4  0.000  0.433     0.00     0.00     0.00     0.00     0.00 -1    -1e-30      0.00 6.896e-01 2.956e-01 2.100e-03 1.267e-03 6.468e-03 -1.000 1.480e-02 -0.228 -0.064 0.552 -0.816
0.01471 0.00000 9.80000 1.1777067184 2.5037597329    1.123  2.036  3.6452  1.985    4  0.000  0.433     0.00     0.00     0.00     0.00     0.00 -1    -1e-30      0.00 6.896e-01 2.956e-01 2.100e-03 1.267e-03 6.468e-03 -1.000 1.480e-02 -0.321 -0.142 0.486 -0.903
0.01471 0.00000 9.80000 1.1777093410 2.5037601097    1.123  2.073  3.6421  1.936    4  0.000  0.433     0.00     0.00     0.00     0.00     0.00 -1    -1e-30      0.00 6.896e-01 2.956e-01 2.100e-03 1.267e-03 6.468e-03 -1.000 1.480e-02 -0.413 -0.219 0.419 -0.987
0.01471 0.00000 9.80000 1.1777094603 2.5037601268    1.123  2.074  3.6420  1.935    7  0.000  0.433     0.00     0.00     0.00     0.00     0.00 -1    -1e-30      0.00 6.896e-01 2.956e-01 2.100e-03 1.267e-03 6.468e-03 -1.000 1.480e-02 -0.414 -0.220 0.418 -0.989
0.01471 0.00000 9.80000 1.1777106524 2.5037602981    1.123  2.094  3.6403  1.907    7  0.000  0.433     0.00     0.00     0.00     0.00     0.00 -1    -1e-30      0.00 6.896e-01 2.956e-01 2.100e-03 1.267e-03 6.468e-03 -1.000 1.480e-02 -0.466 -0.264 0.380 -1.036
0.01471 0.00000 9.80000 1.1777131557 2.5037606579    1.123  2.137  3.6366  1.849    7  0.000  0.433     0.00     0.00     0.00     0.00     0.00 -1    -1e-30      0.00 6.896e-01 2.956e-01 2.100e-03 1.267e-03 6.468e-03 -1.000 1.480e-02 -0.573 -0.352 0.304 -1.134
0.01471 0.00000 9.80000 1.1777154207 2.5037609833    1.123  2.171  3.6338  1.804    7  0.000  0.433     0.00     0.00     0.00     0.00     0.00 -1    -1e-30      0.00 6.896e-01 2.956e-01 2.100e-03 1.267e-03 6.468e-03 -1.000 1.480e-02 -0.658 -0.422 0.244 -1.210
0.01471 0.00000 9.80000 1.1777191162 2.5037615143    1.123  2.203  3.6311  1.761    7  0.000  0.433     0.00     0.00     0.00     0.00     0.00 -1    -1e-30      0.00 6.896e-01 2.956e-01 2.100e-03 1.267e-03 6.468e-03 -1.000 1.480e-02 -0.738 -0.489 0.186 -1.283
0.01471 0.00000 9.80000 1.1777245998 2.5037623023    1.123  2.191  3.6322  1.778    7  0.000  0.433     0.00     0.00     0.00     0.00     0.00 -1    -1e-30      0.00 6.896e-01 2.956e-01 2.100e-03 1.267e-03 6.468e-03 -1.000 1.480e-02 -0.707 -0.463 0.208 -1.255
0.01471 0.00000 9.80000 1.1777350903 2.5037638097    1.123  2.154  3.6352  1.827    7  0.000  0.433     0.00     0.00     0.00     0.00     0.00 -1 -5.62e-28      0.00 6.896e-01 2.955e-01 2.100e-03 1.267e-03 6.468e-03 -1.000 1.493e-02 -0.616 -0.387 0.274 -1.172
0.01471 0.00000 9.80000 1.1778163910 2.5037754907    1.122  2.128  3.6374  1.862    7  0.000  0.433     0.00     0.00     0.00     0.00     0.00 -1 -6.02e-17      0.00 6.896e-01 2.948e-01 2.100e-03 1.267e-03 6.468e-03 -1.000 1.558e-02 -0.550 -0.333 0.321 -1.113
0.01471 0.00000 9.80000 1.1778976917 2.5037871698    1.122  2.159  3.6348  1.820    7  0.000  0.433     0.00     0.00     0.00     0.00     0.00 -1 -5.35e-10      0.00 6.896e-01 2.946e-01 2.100e-03 1.267e-03 6.468e-03 -1.000 1.578e-02 -0.628 -0.397 0.266 -1.183
0.01471 0.00000 9.80000 1.1779613495 2.5037963132    1.121  2.204  3.6309  1.759    7  0.000  0.433     0.00     0.00     0.00     0.00     0.00 -1 -6.82e-10      0.00 6.896e-01 2.946e-01 2.100e-03 1.267e-03 6.468e-03 -1.000 1.578e-02 -0.740 -0.489 0.186 -1.284
0.01471 0.00000 9.80000 1.1780147552 2.5038039832    1.120  2.246  3.6273  1.703    7  0.000  0.433     0.00     0.00     0.00     0.00     0.00 -1 -8.42e-10      0.00 6.896e-01 2.947e-01 2.100e-03 1.267e-03 6.468e-03 -1.000 1.578e-02 -0.845 -0.575 0.112 -1.378
0.01471 0.00000 9.80000 1.1780596972 2.5038104370    1.120  2.288  3.6238  1.646    7  0.000  0.433     0.00     0.00     0.00     0.00     0.00 -1 -1.04e-09      0.00 6.896e-01 2.947e-01 2.099e-03 1.267e-03 6.468e-03 -1.000 1.578e-02 -0.949 -0.659 0.039 -1.470
0.01471 0.00000 9.80000 1.1780979633 2.5038159317    1.119  2.329  3.6203  1.591    7  0.000  0.433     0.00     0.00     0.00     0.00     0.00 -1 -1.28e-09      0.00 6.896e-01 2.947e-01 2.099e-03 1.268e-03 6.468e-03 -1.000 1.578e-02 -1.052 -0.743 -0.033 -1.562
0.01471 0.00000 9.80000 1.1781313419 2.5038207242    1.118  2.370  3.6168  1.535    7  0.000  0.433     0.00     0.00     0.00     0.00     0.00 -1 -1.57e-09      0.00 6.896e-01 2.947e-01 2.099e-03 1.268e-03 6.468e-03 -1.000 1.578e-02 -1.155 -0.824 -0.103 -1.651
0.01471 0.00000 9.80000 1.1781604290 2.5038249003    1.117  2.411  3.6133  1.480    7  0.000  0.433     0.00     0.00     0.00     0.00     0.00 -1 -1.92e-09      0.00 6.896e-01 2.947e-01 2.099e-03 1.268e-03 6.468e-03 -1.000 1.578e-02 -1.258 -0.905 -0.171 -1.740
0.01471 0.00000 9.80000 1.1781860590 2.5038285799    1.116  2.452  3.6097  1.425    7  0.000  0.433     0.00     0.00     0.00     0.00     0.00 -1 -2.35e-09      0.00 6.896e-01 2.947e-01 2.099e-03 1.268e-03 6.468e-03 -1.000 1.578e-02 -1.359 -0.984 -0.234 -1.830
0.01471 0.00000 9.80000 1.1782093048 2.5038319170    1.115  2.492  3.6062  1.370    7  0.000  0.433     0.00     0.00     0.00     0.00     0.00 -1 -2.89e-09      0.00 6.896e-01 2.947e-01 2.099e-03 1.268e-03 6.468e-03 -1.000 1.578e-02 -1.459 -1.059 -0.292 -1.917
0.01471 0.00000 9.80000 1.1782305241 2.5038349631    1.114  2.532  3.6027  1.316    7  0.000  0.433    11.06     8.11     5.70     4.38     3.55  4 -3.51e-09      0.00 6.895e-01 2.947e-01 2.099e-03 1.268e-03 6.468e-03 -1.000 1.578e-02 -1.559 -1.135 -0.351 -2.004
0.01471 0.00000 9.80000 1.1782503128 2.5038378037    1.112  2.571  3.5983  1.258    7  0.000  0.433    12.47     9.00     6.30     4.84     3.93  4 -4.25e-09      0.00 6.895e-01 2.947e-01 2.098e-03 1.268e-03 6.468e-03 -1.000 1.576e-02 -1.658 -1.201 -0.393 -2.085
0.01471 0.00000 9.80000 1.1782690287 2.5038404902    1.110  2.611  3.5922  1.193    7  0.000  0.432    14.26    10.12     7.04     5.43     4.41  3 -5.19e-09      0.00 6.895e-01 2.947e-01 2.097e-03 1.268e-03 6.468e-03 -1.000 1.576e-02 -1.758 -1.252 -0.408 -2.157
0.01471 0.00000 9.80000 1.1782865524 2.5038430055    1.108  2.651  3.5876  1.134    7  0.000  0.432    16.09    11.24     7.79     6.01     4.88  3 -6.27e-09      0.00 6.895e-01 2.947e-01 2.094e-03 1.271e-03 6.468e-03 -1.000 1.575e-02 -1.857 -1.311 -0.437 -2.233
0.01471 0.00000 9.80000 1.1783028841 2.5038453496    1.106  2.690  3.5839  1.080    7  0.000  0.431    18.01    12.41     8.56     6.61     5.37  3 -7.58e-09      0.00 6.895e-01 2.947e-01 2.090e-03 1.275e-03 6.468e-03 -1.000 1.575e-02 -1.955 -1.375 -0.475 -2.312
0.01471 0.00000 9.80000 1.1783185005 2.5038475909    1.104  2.729  3.5801  1.025    7  0.000  0.430    20.17    13.70     9.40     7.28     5.91  3 -9.14e-09      0.00 6.895e-01 2.947e-01 2.085e-03 1.281e-03 6.468e-03 -1.000 1.575e-02 -2.052 -1.437 -0.510 -2.389
0.01471 0.00000 9.80000 1.1783339977 2.5038498151    1.101  2.769  3.5761  0.967    7  0.000  0.429    22.69    15.18    10.37     8.04     6.54  3 -1.11e-08      0.00 6.895e-01 2.947e-01 2.079e-03 1.288e-03 6.468e-03 -1.000 1.575e-02 -2.152 -1.491 -0.526 -2.464
0.01471 0.00000 9.80000 1.1783478260 2.5038517997    1.097  2.809  3.5720  0.909    7  0.000  0.428    25.59    16.86    11.46     8.90     7.24  3 -1.35e-08      0.00 6.895e-01 2.947e-01 2.074e-03 1.294e-03 6.468e-03 -1.000 1.575e-02 -2.253 -1.546 -0.539 -2.539
0.01471 0.00000 9.80000 1.1783576012 2.5038532026    1.095  2.847  3.5680  0.854    7  0.000  0.427    28.64    18.60    12.59     9.79     7.96  3 -1.61e-08      0.00 6.895e-01 2.947e-01 2.070e-03 1.299e-03 6.468e-03 -1.000 1.575e-02 -2.348 -1.591 -0.539 -2.605
0.01471 0.00000 9.80000 1.1783641577 2.5038541435    1.093  2.882  3.5643  0.804    7  0.000  0.426    31.78    20.36    13.73    10.69     8.70  3 -1.89e-08      0.00 6.895e-01 2.947e-01 2.067e-03 1.303e-03 6.468e-03 -1.000 1.575e-02 -2.434 -1.627 -0.526 -2.663
0.01471 0.00000 9.80000 1.1783695221 2.5038549134    1.090  2.918  3.5603  0.750    7  0.000  0.425    35.49    22.42    15.05    11.74     9.55  2 -2.23e-08      0.00 6.895e-01 2.947e-01 2.063e-03 1.308e-03 6.468e-03 -1.000 1.575e-02 -2.526 -1.664 -0.511 -2.724
0.01471 0.00000 9.80000 1.1783745289 2.5038556319    1.088  2.955  3.5561  0.696    7  0.000  0.425    39.72    24.72    16.52    12.91    10.51  2 -2.65e-08      0.00 6.895e-01 2.947e-01 2.061e-03 1.311e-03 6.468e-03 -1.000 1.575e-02 -2.618 -1.691 -0.466 -2.776
0.01471 0.00000 9.80000 1.1783791780 2.5038562991    1.085  2.992  3.5519  0.641    7  0.000  0.424    44.47    27.28    18.15    14.20    11.56  2 -3.14e-08      0.00 6.895e-01 2.947e-01 2.059e-03 1.314e-03 6.468e-03 -1.000 1.575e-02 -2.710 -1.715 -0.417 -2.828
0.01471 0.00000 9.80000 1.1783831120 2.5038568637    1.083  3.026  3.5478  0.590    7  0.000  0.424    49.44    29.92    19.82    15.53    12.64  2 -3.67e-08      0.00 6.895e-01 2.947e-01 2.057e-03 1.316e-03 6.468e-03 -1.000 1.575e-02 -2.795 -1.730 -0.355 -2.869
0.01471 0.00000 9.80000 1.1783870459 2.5038574282    1.080  3.061  3.5436  0.537    7  0.000  0.424    55.16    32.91    21.71    17.03    13.87  2  -4.3e-08      0.00 6.895e-01 2.947e-01 2.056e-03 1.317e-03 6.468e-03 -1.000 1.573e-02 -2.882 -1.738 -0.273 -2.905
0.01471 0.00000 9.80000 1.1783918142 2.5038581125    1.075  3.102  3.5383  0.472    7  0.000  0.423    62.97    36.92    24.23    19.05    15.52  2 -5.19e-08      0.00 6.895e-01 2.948e-01 2.055e-03 1.318e-03 6.468e-03 -1.000 1.571e-02 -2.986 -1.739 -0.156 -2.942
0.01471 0.00000 9.80000 1.1783963442 2.5038587625    1.070  3.139  3.5335  0.414    7  0.000  0.423    71.02    40.99    26.77    21.08    17.17  2 -6.15e-08      0.00 6.895e-01 2.948e-01 2.055e-03 1.318e-03 6.468e-03 -1.000 1.571e-02 -3.079 -1.726 -0.020 -2.962
0.01471 0.00000 9.80000 1.1784015894 2.5038595152    1.063  3.177  3.5283  0.352    7  0.000  0.423    80.59    45.74    29.72    23.45    19.11  2 -7.33e-08      0.00 6.895e-01 2.948e-01 2.055e-03 1.318e-03 6.468e-03 -1.000 1.571e-02 -3.174 -1.701 0.140 -2.972
0.01471 0.00000 9.80000 1.1784068346 2.5038602679    1.055  3.210  3.5237  0.298    7  0.000  0.423    90.02    50.33    32.55    25.73    20.97  1 -8.63e-08      0.00 6.895e-01 2.948e-01 2.055e-03 1.318e-03 6.468e-03 -1.000 1.571e-02 -3.254 -1.662 0.310 -2.962
0.01471 0.00000 9.80000 1.1784092188 2.5038606101    1.051  3.232  3.5205  0.262    7  0.000  0.423    97.09    53.73    34.65    27.41    22.35  1 -9.57e-08      0.00 6.895e-01 2.948e-01 2.055e-03 1.318e-03 6.469e-03 -1.000 1.571e-02 -3.310 -1.635 0.428 -2.955
0.01471 0.00000 9.80000 1.1784101725 2.5038607469    1.049  3.251  3.5178  0.231    7  0.000  0.423   103.43    56.76    36.51    28.91    23.57  1 -1.04e-07      0.00 6.895e-01 2.948e-01 2.055e-03 1.318e-03 6.469e-03 -1.000 1.571e-02 -3.358 -1.599 0.549 -2.934
0.01471 0.00000 9.80000 1.1784111261 2.5038608838    1.047  3.251  3.5177  0.229    7  0.000  0.423   103.75    56.90    36.60    28.98    23.63  1 -1.05e-07      0.00 6.895e-01 2.948e-01 2.055e-03 1.318e-03 6.469e-03 -1.000 1.571e-02 -3.358 -1.595 0.557 -2.932
0.01471 0.00000 9.80000 1.1784117222 2.5038609693    1.046  3.194  3.5249  0.315    7  0.000  0.423    86.85    48.75    31.57    24.95    20.33  1  -8.3e-08      0.00 6.895e-01 2.948e-01 2.054e-03 1.319e-03 6.469e-03 -1.000 1.571e-02 -3.216 -1.655 0.282 -2.947
0.01471 0.00000 9.80000 1.1784118414 2.5038609864    1.045  3.165  3.5291  0.360    7  0.000  0.423    78.99    44.89    29.18    23.03    18.76  2 -7.38e-08      0.00 6.895e-01 2.948e-01 2.054e-03 1.319e-03 6.469e-03 -1.000 1.571e-02 -3.143 -1.691 0.129 -2.957
0.01471 0.00000 9.80000 1.1784119606 2.5038610035    1.045  3.160  3.5297  0.368    7  0.000  0.423    77.78    44.30    28.81    22.73    18.52  2 -7.24e-08      0.00 6.895e-01 2.948e-01 2.054e-03 1.319e-03 6.469e-03 -1.000 1.571e-02 -3.131 -1.695 0.107 -2.957
0.01471 0.00000 9.80000 1.1784120798 2.5038610206    1.045  3.167  3.5289  0.358    7  0.000  0.423    79.41    45.10    29.31    23.13    18.85  2 -7.43e-08      0.00 6.895e-01 2.948e-01 2.054e-03 1.319e-03 6.469e-03 -1.000 1.571e-02 -3.147 -1.690 0.136 -2.957
0.01471 0.00000 9.80000 1.1784121990 2.5038610377    1.045  3.178  3.5274  0.341    7  0.000  0.423    82.24    46.49    30.17    23.83    19.42  2 -7.78e-08      0.00 6.895e-01 2.948e-01 2.054e-03 1.319e-03 6.469e-03 -1.000 1.571e-02 -3.175 -1.681 0.185 -2.957
0.01471 0.00000 9.80000 1.1784124374 2.5038610719    1.044  3.193  3.5255  0.318    7  0.000  0.423    86.21    48.44    31.38    24.79    20.20  1 -8.32e-08      0.00 6.895e-01 2.948e-01 2.054e-03 1.319e-03 6.469e-03 -1.000 1.571e-02 -3.212 -1.667 0.254 -2.955
0.01471 0.00000 9.80000 1.1784126759 2.5038611061    1.044  3.214  3.5226  0.285    7  0.000  0.423    92.28    51.38    33.20    26.25    21.40  1 -9.07e-08      0.00 6.895e-01 2.948e-01 2.054e-03 1.319e-03 6.469e-03 -1.000 1.571e-02 -3.265 -1.645 0.356 -2.952
0.01471 0.00000 9.80000 1.1784130335 2.5038611575    1.044  3.237  3.5195  0.249    7  0.000  0.423    99.42    54.82    35.31    27.96    22.79  1    -1e-07      0.00 6.895e-01 2.948e-01 2.054e-03 1.319e-03 6.469e-03 -1.000 1.571e-02 -3.323 -1.619 0.475 -2.944
0.01471 0.00000 9.80000 1.1784132719 2.5038611917    1.043  3.260  3.5163  0.213    7  0.000  0.423   107.26    58.55    37.61    29.80    24.30  1  -1.1e-07      0.00 6.895e-01 2.948e-01 2.054e-03 1.319e-03 6.469e-03 -1.000 1.571e-02 -3.381 -1.572 0.625 -2.917
0.01471 0.00000 9.80000 1.1784136295 2.5038612430    1.042  3.292  3.5118  0.163    7  0.000  0.423   119.01    64.08    40.99    32.53    26.52  1 -1.25e-07      0.00 6.895e-01 2.948e-01 2.054e-03 1.319e-03 6.469e-03 -1.000 1.571e-02 -3.461 -1.505 0.839 -2.877
0.01471 0.00000 9.80000 1.1784139872 2.5038612943    1.041  3.323  3.5074  0.114    7  0.000  0.423   131.73    69.99    44.59    35.43    28.90  0 -1.42e-07      0.00 6.895e-01 2.948e-01 2.054e-03 1.319e-03 6.469e-03 -1.000 1.571e-02 -3.538 -1.448 1.019 -2.843
0.01471 0.00000 9.80000 1.1784144640 2.5038613627    1.040  3.354  3.5029  0.065    7  0.000  0.423   145.87    76.46    48.52    38.60    31.49  0 -1.62e-07      0.00 6.895e-01 2.948e-01 2.054e-03 1.319e-03 6.469e-03 -1.000 1.571e-02 -3.614 -1.388 1.194 -2.805
0.01471 0.00000 9.80000 1.1784150600 2.5038614483    1.038  3.381  3.4988  0.021    7  0.525  0.423   159.92    82.80    52.35    41.71    34.03  0 -1.83e-07      0.00 6.895e-01 2.948e-01 2.054e-03 1.319e-03 6.469e-03 -1.000 1.571e-02 -3.682 -1.325 1.360 -2.761
0.01471 0.00000 9.80000 1.1784158945 2.5038615680    1.034  3.406  3.4947 -0.023    7  0.525  0.423   174.90    89.46    56.36    44.96    36.69  0 -2.03e-07      0.00 6.895e-01 2.948e-01 2.054e-03 1.319e-03 6.469e-03 -1.000 1.571e-02 -3.746 -1.268 1.501 -2.719
0.01471 0.00000 9.80000 1.1784160137 2.5038615851    1.034  3.406  3.4947 -0.023    8  0.525  0.444   174.91    89.47    56.37    44.96    36.69  0 -2.03e-07      0.00 6.895e-01 2.957e-01 2.160e-03 1.320e-03 6.483e-03 -1.000 1.474e-02 -3.746 -1.268 1.501 -2.719
0.01471 0.00000 9.80000 1.1784161329 2.5038616022    1.033  3.145  3.5299  0.379    8  0.525  0.444    75.76    43.26    28.16    22.22    18.10  2 -6.97e-08      0.00 6.895e-01 2.957e-01 2.160e-03 1.320e-03 6.483e-03 -1.000 1.474e-02 -3.091 -1.660 0.137 -2.920
0.01471 0.00000 9.80000 1.1784161329 2.5038616022    1.033  3.030  3.5452  0.555    8  0.525  0.444    52.49    31.45    20.77    16.31    13.28  2 -4.29e-08      0.00 6.895e-01 2.957e-01 2.160e-03 1.320e-03 6.483e-03 -1.000 1.474e-02 -2.804 -1.691 -0.262 -2.847
0.01471 0.00000 9.80000 1.1784163713 2.5038616364    1.032  2.857  3.5683  0.820    8  0.525  0.444    30.22    19.47    13.14    10.25     8.33  2 -2.03e-08      0.00 6.895e-01 2.957e-01 2.160e-03 1.320e-03 6.483e-03 -1.000 1.474e-02 -2.371 -1.619 -0.570 -2.632
0.01471 0.00000 9.80000 1.1784167290 2.5038616877    1.031  2.880  3.5649  0.783    8  0.526  0.444    32.65    20.83    14.01    10.94     8.89  2 -2.25e-08      0.00 6.895e-01 2.957e-01 2.160e-03 1.320e-03 6.483e-03 -1.000 1.474e-02 -2.430 -1.631 -0.538 -2.664
0.01471 0.00000 9.80000 1.1784170866 2.5038617391    1.030  3.004  3.5480  0.591    8  0.526  0.444    48.73    29.48    19.52    15.32    12.47  2 -3.88e-08      0.00 6.895e-01 2.957e-01 2.160e-03 1.320e-03 6.483e-03 -1.000 1.474e-02 -2.739 -1.677 -0.305 -2.815
0.01471 0.00000 9.80000 1.1784175634 2.5038618075    1.028  3.164  3.5261  0.342    8  0.526  0.444    81.70    46.17    29.96    23.67    19.29  2 -7.66e-08      0.00 6.895e-01 2.957e-01 2.160e-03 1.320e-03 6.483e-03 -1.000 1.474e-02 -3.139 -1.609 0.293 -2.894
0.01471 0.00000 9.80000 1.1784180403 2.5038618759    1.026  3.297  3.5076  0.134    8  0.526  0.444   126.04    67.25    42.91    34.09    27.80  0 -1.33e-07      0.00 6.895e-01 2.957e-01 2.160e-03 1.320e-03 6.483e-03 -1.000 1.474e-02 -3.474 -1.391 1.067 -2.785
0.01471 0.00000 9.80000 1.1784187555 2.5038619786    1.023  3.384  3.4954 -0.003    8  0.526  0.444   167.53    86.07    54.31    43.31    35.34  0 -1.91e-07      0.00 6.895e-01 2.957e-01 2.160e-03 1.320e-03 6.483e-03 -1.000 1.474e-02 -3.691 -1.235 1.516 -2.683
0.01471 0.00000 9.80000 1.1784194708 2.5038620812    1.020  3.430  3.4885 -0.078    8  0.527  0.444   190.37    98.45    61.74    49.34    40.27  0 -2.31e-07      0.00 6.895e-01 2.957e-01 2.160e-03 1.320e-03 6.483e-03 -1.000 1.474e-02 -3.806 -1.160 1.711 -2.631
0.01471 0.00000 9.80000 1.1784203053 2.5038622009    1.017  3.453  3.4848 -0.116    8  0.527  0.444   201.67   105.46    65.93    52.75    43.06  0 -2.55e-07      0.00 6.895e-01 2.957e-01 2.160e-03 1.320e-03 6.483e-03 -1.000 1.474e-02 -3.862 -1.140 1.757 -2.619
0.01471 0.00000 9.80000 1.1784212589 2.5038623378    1.013  3.466  3.4822 -0.141    8  0.527  0.444   209.37   110.31    68.81    55.10    44.98  0 -2.71e-07      0.00 6.895e-01 2.957e-01 2.160e-03 1.320e-03 6.483e-03 -1.000 1.474e-02 -3.895 -1.121 1.793 -2.604
0.01471 0.00000 9.80000 1.1784212589 2.5038623378    1.013  3.267  3.5090  0.165    8  0.527  0.444   117.98    63.43    40.57    32.22    26.27  0 -1.21e-07      0.00 6.895e-01 2.957e-01 2.160e-03 1.320e-03 6.483e-03 -1.000 1.474e-02 -3.398 -1.356 1.064 -2.743
0.01471 0.00000 9.80000 1.1784213781 2.5038623549    1.012  3.096  3.5319  0.427    8  0.527  0.444    68.29    39.48    25.79    20.34    16.56  2 -6.01e-08      0.00 6.895e-01 2.957e-01 2.160e-03 1.320e-03 6.483e-03 -1.000 1.474e-02 -2.971 -1.585 0.156 -2.831
0.01471 0.00000 9.80000 1.1784216166 2.5038623891    1.011  2.922  3.5553  0.694    8  0.528  0.444    39.13    24.36    16.26    12.74    10.36  2 -2.87e-08      0.00 6.895e-01 2.957e-01 2.160e-03 1.320e-03 6.483e-03 -1.000 1.474e-02 -2.536 -1.595 -0.357 -2.686
0.01471 0.00000 9.80000 1.1784219742 2.5038624404    1.010  2.944  3.5522  0.659    8  0.528  0.444    42.04    25.92    17.25    13.53    11.00  2 -3.16e-08      0.00 6.895e-01 2.957e-01 2.160e-03 1.320e-03 6.483e-03 -1.000 1.474e-02 -2.590 -1.601 -0.311 -2.711
0.01471 0.00000 9.80000 1.1784223318 2.5038624917    1.008  3.064  3.5358  0.472    8  0.528  0.444    62.05    36.32    23.81    18.76    15.27  2 -5.32e-08      0.00 6.895e-01 2.957e-01 2.160e-03 1.320e-03 6.483e-03 -1.000 1.474e-02 -2.891 -1.590 0.052 -2.809
0.01471 0.00000 9.80000 1.1784229279 2.5038625773    1.006  3.220  3.5146  0.231    8  0.528  0.444   102.57    56.14    36.10    28.63    23.33  1 -1.02e-07      0.00 6.895e-01 2.957e-01 2.160e-03 1.320e-03 6.483e-03 -1.000 1.474e-02 -3.279 -1.417 0.827 -2.771
0.01471 0.00000 9.80000 1.1784235239 2.5038626628    1.003  3.349  3.4968  0.030    8  0.529  0.444   155.95    80.70    51.05    40.70    33.20  0 -1.74e-07      0.00 6.895e-01 2.957e-01 2.160e-03 1.320e-03 6.483e-03 -1.000 1.474e-02 -3.602 -1.195 1.520 -2.636
0.01471 0.00000 9.80000 1.1784242392 2.5038627654    1.000  3.431  3.4853 -0.100    8  0.529  0.444   195.47   101.94    63.80    51.05    41.66  0 -2.44e-07      0.00 6.895e-01 2.957e-01 2.160e-03 1.320e-03 6.483e-03 -1.000 1.474e-02 -3.807 -1.099 1.790 -2.576
0.01471 0.00000 9.80000 1.1784249544 2.5038628681    0.996  3.472  3.4792 -0.167    8  0.529  0.444   216.46   115.07    71.62    57.42    46.87  0 -2.91e-07      0.00 6.895e-01 2.957e-01 2.160e-03 1.320e-03 6.483e-03 -1.000 1.474e-02 -3.911 -1.079 1.852 -2.567
0.01471 0.00000 9.80000 1.1784259081 2.5038630049    0.992  3.490  3.4764 -0.198    8  0.530  0.444   226.59   121.55    75.46    60.55    49.44  0 -3.16e-07      0.00 6.895e-01 2.957e-01 2.160e-03 1.320e-03 6.483e-03 -1.000 1.474e-02 -3.955 -1.075 1.875 -2.568
0.01471 0.00000 9.80000 1.1784268618 2.5038631418    0.987  3.499  3.4748 -0.215    8  0.530  0.444   232.18   125.20    77.61    62.32    50.88  0 -3.31e-07      0.00 6.895e-01 2.957e-01 2.160e-03 1.320e-03 6.483e-03 -1.000 1.474e-02 -3.977 -1.070 1.891 -2.565
0.01471 0.00000 9.80000 1.1784268618 2.5038631418    0.987  3.308  3.5010  0.080    8  0.530  0.444   140.13    73.43    46.63    37.15    30.29  0 -1.55e-07      0.00 6.895e-01 2.957e-01 2.160e-03 1.320e-03 6.483e-03 -1.000 1.474e-02 -3.500 -1.220 1.403 -2.645
0.01471 0.00000 9.80000 1.1784271002 2.5038631760    0.986  3.139  3.5242  0.342    8  0.530  0.444    81.05    45.71    29.65    23.46    19.10  1 -7.75e-08      0.00 6.895e-01 2.957e-01 2.160e-03 1.320e-03 6.483e-03 -1.000 1.474e-02 -3.076 -1.498 0.453 -2.794
0.01471 0.00000 9.80000 1.1784273386 2.5038632102    0.984  2.965  3.5480  0.610    8  0.530  0.444    46.25    28.12    18.64    14.64    11.91  2 -3.74e-08      0.00 6.895e-01 2.957e-01 2.160e-03 1.320e-03 6.483e-03 -1.000 1.474e-02 -2.642 -1.580 -0.211 -2.718
0.01471 0.00000 9.80000 1.1784276962 2.5038632615    0.982  2.986  3.5449  0.576    8  0.531  0.444    49.71    29.93    19.79    15.56    12.66  2 -4.13e-08      0.00 6.895e-01 2.957e-01 2.160e-03 1.320e-03 6.483e-03 -1.000 1.474e-02 -2.696 -1.577 -0.142 -2.735
0.01471 0.00000 9.80000 1.1784281731 2.5038633299    0.979  3.105  3.5284  0.390    8  0.531  0.444    73.21    41.83    27.24    21.53    17.53  2 -6.86e-08      0.00 6.895e-01 2.957e-01 2.160e-03 1.320e-03 6.483e-03 -1.000 1.474e-02 -2.991 -1.523 0.310 -2.792
0.01471 0.00000 9.80000 1.1784286499 2.5038633983    0.976  3.257  3.5071  0.151    8  0.531  0.444   120.57    64.40    41.12    32.71    26.66  0  -1.3e-07      0.00 6.895e-01 2.957e-01 2.160e-03 1.320e-03 6.483e-03 -1.000 1.474e-02 -3.372 -1.276 1.189 -2.672
0.01471 0.00000 9.80000 1.1784293652 2.5038635010    0.972  3.383  3.4892 -0.048    8  0.532  0.444   178.84    92.25    57.96    46.36    37.82  0 -2.18e-07      0.00 6.895e-01 2.957e-01 2.160e-03 1.320e-03 6.483e-03 -1.000 1.474e-02 -3.687 -1.061 1.798 -2.530
0.01471 0.00000 9.80000 1.1784301996 2.5038636207    0.967  3.463  3.4776 -0.177    8  0.532  0.444   217.43   116.28    72.29    58.03    47.36  0 -3.04e-07      0.00 6.895e-01 2.957e-01 2.160e-03 1.320e-03 6.483e-03 -1.000 1.474e-02 -3.888 -1.031 1.909 -2.521
0.01471 0.00000 9.80000 1.1784310341 2.5038637405    0.962  3.504  3.4715 -0.244    8  0.533  0.444   240.53   131.13    81.07    65.20    53.23  0 -3.61e-07      0.00 6.895e-01 2.957e-01 2.160e-03 1.320e-03 6.483e-03 -1.000 1.474e-02 -3.989 -1.028 1.952 -2.528
0.01471 0.00000 9.80000 1.1784321070 2.5038638944    0.956  3.521  3.4686 -0.275    8  0.533  0.444   251.69   138.48    85.39    68.75    56.13  0 -3.93e-07      0.00 6.895e-01 2.957e-01 2.160e-03 1.320e-03 6.483e-03 -1.000 1.474e-02 -4.031 -1.025 1.973 -2.530
0.01471 0.00000 9.80000 1.1784331799 2.5038640484    0.950  3.529  3.4670 -0.293    8  0.534  0.444   257.82   142.64    87.83    70.76    57.77  0 -4.13e-07      0.01 6.895e-01 2.957e-01 2.160e-03 1.320e-03 6.483e-03 -1.000 1.474e-02 -4.051 -1.023 1.986 -2.529
0.01471 0.00000 9.80000 1.1784331799 2.5038640484    0.949  3.349  3.4925 -0.012    8  0.534  0.444   167.56    85.80    54.05    43.22    35.25  0 -2.04e-07      0.00 6.895e-01 2.957e-01 2.160e-03 1.320e-03 6.483e-03 -1.000 1.474e-02 -3.602 -1.065 1.736 -2.523
0.01471 0.00000 9.80000 1.1784334183 2.5038640826    0.948  3.181  3.5162  0.250    8  0.534  0.444    97.42    53.41    34.37    27.30    22.23  1 -1.04e-07      0.00 6.895e-01 2.957e-01 2.160e-03 1.320e-03 6.483e-03 -1.000 1.474e-02 -3.183 -1.372 0.820 -2.717
0.01471 0.00000 9.80000 1.1784336567 2.5038641168    0.946  3.008  3.5407  0.521    8  0.534  0.444    55.29    32.74    21.54    16.98    13.82  2 -5.09e-08      0.00 6.895e-01 2.957e-01 2.160e-03 1.320e-03 6.483e-03 -1.000 1.474e-02 -2.750 -1.551 -0.027 -2.738
0.01471 0.00000 9.80000 1.1784340143 2.5038641681    0.943  3.029  3.5374  0.485    8  0.535  0.444    59.58    34.92    22.90    18.08    14.71  2 -5.63e-08      0.00 6.895e-01 2.957e-01 2.160e-03 1.320e-03 6.483e-03 -1.000 1.474e-02 -2.804 -1.536 0.067 -2.745
0.01471 0.00000 9.80000 1.1784344912 2.5038642365    0.939  3.145  3.5206  0.299    8  0.535  0.444    87.76    48.76    31.50    24.99    20.35  1 -9.23e-08      0.00 6.895e-01 2.957e-01 2.160e-03 1.320e-03 6.483e-03 -1.000 1.474e-02 -3.094 -1.420 0.635 -2.739
0.01471 0.00000 9.80000 1.1784350872 2.5038643220    0.934  3.294  3.4988  0.061    8  0.535  0.444   144.37    74.87    47.44    37.88    30.88  0 -1.72e-07      0.00 6.895e-01 2.957e-01 2.160e-03 1.320e-03 6.483e-03 -1.000 1.474e-02 -3.466 -1.121 1.550 -2.555
0.01471 0.00000 9.80000 1.1784358025 2.5038644247    0.928  3.418  3.4806 -0.138    8  0.536  0.444   201.57   107.14    66.79    53.63    43.75  0 -2.85e-07      0.00 6.895e-01 2.957e-01 2.160e-03 1.320e-03 6.483e-03 -1.000 1.474e-02 -3.774 -0.971 1.947 -2.456
0.01471 0.00000 9.80000 1.1784366369 2.5038645444    0.921  3.496  3.4686 -0.267    8  0.536  0.444   245.21   135.16    83.37    67.19    54.84  0 -3.96e-07      0.00 6.895e-01 2.957e-01 2.160e-03 1.320e-03 6.483e-03 -1.000 1.474e-02 -3.970 -0.967 2.030 -2.471
0.01471 0.00000 9.80000 1.1784375906 2.5038646813    0.913  3.536  3.4622 -0.336    8  0.537  0.444   271.81   152.82    93.73    75.70    61.80  0 -4.73e-07      0.01 6.895e-01 2.957e-01 2.160e-03 1.321e-03 6.483e-03 -1.000 1.474e-02 -4.070 -0.972 2.068 -2.486
0.01471 0.00000 9.80000 1.1784386635 2.5038648352    0.905  3.553  3.4590 -0.370    8  0.538  0.444   285.30   162.05    99.10    80.14    65.43  0 -5.19e-07      0.01 6.895e-01 2.957e-01 2.160e-03 1.321e-03 6.483e-03 -1.000 1.474e-02 -4.113 -0.969 2.099 -2.488
0.01471 0.00000 9.80000 1.1784398556 2.5038650063    0.896  3.561  3.4572 -0.391    8  0.539  0.444   293.32   167.72   102.39    82.87    67.65  0 -5.53e-07      0.01 6.895e-01 2.957e-01 2.160e-03 1.321e-03 6.483e-03 -1.000 1.474e-02 -4.134 -0.965 2.126 -2.487
0.01471 0.00000 9.80000 1.1784398556 2.5038650063    0.895  3.395  3.4817 -0.126    8  0.539  0.444   195.44   103.98    64.86    52.12    42.51  0  -2.9e-07      0.00 6.895e-01 2.957e-01 2.160e-03 1.321e-03 6.483e-03 -1.000 1.474e-02 -3.717 -0.936 1.974 -2.419
0.01471 0.00000 9.80000 1.1784400940 2.5038650405    0.892  3.229  3.5060  0.135    8  0.539  0.444   122.72    64.75    41.26    32.93    26.82  0 -1.51e-07      0.00 6.895e-01 2.957e-01 2.160e-03 1.321e-03 6.483e-03 -1.000 1.474e-02 -3.303 -1.175 1.318 -2.576
0.01471 0.00000 9.80000 1.1784403324 2.5038650747    0.888  3.057  3.5313  0.407    8  0.539  0.444    69.19    39.54    25.76    20.41    16.61  1 -7.56e-08      0.00 6.895e-01 2.957e-01 2.160e-03 1.321e-03 6.483e-03 -1.000 1.474e-02 -2.871 -1.472 0.287 -2.722
0.01471 0.00000 9.80000 1.1784408092 2.5038651431    0.883  3.078  3.5277  0.369    8  0.539  0.444    74.96    42.34    27.49    21.82    17.75  1 -8.42e-08      0.00 6.895e-01 2.957e-01 2.160e-03 1.321e-03 6.483e-03 -1.000 1.474e-02 -2.925 -1.438 0.417 -2.712
0.01471 0.00000 9.80000 1.1784412861 2.5038652115    0.876  3.191  3.5102  0.182    8  0.540  0.444   110.87    59.22    37.87    30.20    24.59  0 -1.37e-07      0.00 6.895e-01 2.957e-01 2.160e-03 1.321e-03 6.483e-03 -1.000 1.474e-02 -3.208 -1.200 1.188 -2.582
0.01471 0.00000 9.80000 1.1784418821 2.5038652971    0.867  3.336  3.4877 -0.057    8  0.540  0.444   173.70    91.01    57.06    45.82    37.35  0 -2.51e-07      0.00 6.895e-01 2.957e-01 2.160e-03 1.321e-03 6.483e-03 -1.000 1.474e-02 -3.570 -0.914 1.954 -2.385
0.01471 0.00000 9.80000 1.1784427166 2.5038654168    0.857  3.456  3.4686 -0.259    8  0.541  0.444   235.68   130.59    80.54    65.05    53.06  0 -4.15e-07      0.01 6.895e-01 2.957e-01 2.160e-03 1.321e-03 6.483e-03 -1.000 1.474e-02 -3.870 -0.867 2.128 -2.371
0.01471 0.00000 9.80000 1.1784435511 2.5038655365    0.845  3.532  3.4559 -0.392    8  0.542  0.444   286.00    -1.00    -1.00    -1.00    -1.00  0 -5.79e-07      0.01 6.895e-01 2.957e-01 2.160e-03 1.321e-03 6.483e-03 -1.000 1.474e-02 -4.061 -0.879 2.222 -2.403
0.01471 0.00000 9.80000 1.1784446239 2.5038656905    0.831  3.571  3.4490 -0.465    8  0.542  0.444   277.93    -1.00    -1.00    -1.00    -1.00  0 -7.03e-07      0.01 6.895e-01 2.957e-01 2.160e-03 1.321e-03 6.483e-03 -1.000 1.474e-02 -4.158 -0.883 2.301 -2.420
0.01471 0.00000 9.80000 1.1784456968 2.5038658444    0.817  3.588  3.4455 -0.504    8  0.543  0.444   269.13    -1.00    -1.00    -1.00    -1.00  0 -8.48e-07      0.02 6.895e-01 2.957e-01 2.160e-03 1.321e-03 6.483e-03 -1.000 1.474e-02 -4.200 -0.881 2.356 -2.424
0.01471 0.00000 9.80000 1.1784470081 2.5038660326    0.801  3.597  3.4436 -0.529    8  0.544  0.444   259.69    -1.00    -1.00    -1.00    -1.00  0 -9.91e-07      0.03 6.895e-01 2.957e-01 2.160e-03 1.321e-03 6.483e-03 -1.000 1.474e-02 -4.222 -0.871 2.401 -2.419
0.01471 0.00000 9.80000 1.1784470081 2.5038660326    0.799  3.445  3.4679 -0.281    8  0.544  0.444   237.87   133.51    82.14    66.53    54.24  0  -4.9e-07      0.01 6.895e-01 2.957e-01 2.160e-03 1.321e-03 6.483e-03 -1.000 1.474e-02 -3.842 -0.821 2.185 -2.327
0.01471 0.00000 9.80000 1.1784472466 2.5038660668    0.795  3.282  3.4940 -0.015    8  0.544  0.444   157.76    82.53    51.87    41.73    33.98  0 -2.64e-07      0.00 6.895e-01 2.957e-01 2.160e-03 1.321e-03 6.483e-03 -1.000 1.474e-02 -3.434 -0.935 1.844 -2.389
0.01471 0.00000 9.80000 1.1784474850 2.5038661010    0.787  3.109  3.5221  0.265    8  0.545  0.444    91.37    49.59    31.89    25.47    20.71  0 -1.37e-07      0.00 6.895e-01 2.957e-01 2.160e-03 1.321e-03 6.483e-03 -1.000 1.474e-02 -3.004 -1.368 0.653 -2.678
0.01471 0.00000 9.80000 1.1784478426 2.5038661523    0.776  3.131  3.5191  0.226    8  0.545  0.444    99.01    53.03    33.98    27.18    22.11  0 -1.56e-07      0.00 6.895e-01 2.957e-01 2.160e-03 1.321e-03 6.483e-03 -1.000 1.474e-02 -3.057 -1.338 0.773 -2.667
0.01471 0.00000 9.80000 1.1784484386 2.5038662378    0.762  3.240  3.5017  0.039    8  0.546  0.444   142.92    74.02    46.72    37.58    30.58  0 -2.57e-07      0.00 6.895e-01 2.957e-01 2.160e-03 1.321e-03 6.483e-03 -1.000 1.474e-02 -3.331 -1.060 1.561 -2.484
0.01471 0.00000 9.80000 1.1784490347 2.5038663234    0.746  3.380  3.4793 -0.200    8  0.546  0.444   205.01   113.38    70.16    56.83    46.29  0 -4.76e-07      0.01 6.895e-01 2.957e-01 2.160e-03 1.321e-03 6.483e-03 -1.000 1.474e-02 -3.680 -0.831 2.118 -2.321
0.01471 0.00000 9.80000 1.1784497499 2.5038664260    0.726  3.496  3.4610 -0.400    8  0.547  0.444   217.65    -1.00    -1.00    -1.00    -1.00  0 -8.07e-07      0.02 6.895e-01 2.957e-01 2.160e-03 1.321e-03 6.483e-03 -1.000 1.474e-02 -3.969 -0.817 2.265 -2.338
0.01471 0.00000 9.80000 1.1784507036 2.5038665628    0.704  3.569  3.4507 -0.529    8  0.548  0.444   205.91    -1.00    -1.00    -1.00    -1.00  0 -1.18e-06      0.04 6.895e-01 2.957e-01 2.160e-03 1.321e-03 6.483e-03 -1.000 1.474e-02 -4.153 -0.837 2.376 -2.380
0.01471 0.00000 9.80000 1.1784516573 2.5038666997    0.680  3.606  3.4480 -0.592    8  0.548  0.444   193.30    -1.00    -1.00    -1.00    -1.00  0 -1.77e-06      0.07 6.895e-01 2.957e-01 2.160e-03 1.321e-03 6.483e-03 -1.000 1.474e-02 -4.246 -0.843 2.450 -2.399
0.01471 0.00000 9.80000 1.1784528494 2.5038668707    0.654  3.623  3.4511 -0.613    8  0.549  0.444   180.05    -1.00    -1.00    -1.00    -1.00  0 -2.31e-06      0.11 6.895e-01 2.957e-01 2.160e-03 1.321e-03 6.483e-03 -1.000 1.474e-02 -4.287 -0.857 2.446 -2.417
0.01471 0.00000 9.80000 1.1784540415 2.5038670418    0.626  3.631  3.4581 -0.612    8  0.550  0.444   166.38    -1.00    -1.00    -1.00    -1.00  0 -2.78e-06      0.27 6.895e-01 2.957e-01 2.160e-03 1.321e-03 6.483e-03 -1.000 1.474e-02 -4.308 -0.693 2.715 -2.283
0.01471 0.00000 9.80000 1.1784567833 2.5038674352    0.551 -9.999  4.0000  1.720    9  0.552  0.000     0.00     0.00     0.00     0.00     0.00 -1    -1e-30      0.00 6.895e-01 2.957e-01 2.160e-03 1.321e-03 6.483e-03 -1.000 1.474e-02 29.767 29.981 29.971 29.987
# Zini     MH   logAge Mini        int_IMF         Mass   logL    logTe  logg  label   McoreTP C_O  period0  period1  period2  period3  period4  pmode  Mloss  tau1m   X   Y   Xc  Xn  Xo  Cexcess  Z 	 mbolmag  Gmag    G_BPmag  G_RPmag
0.01471 0.00000 10.00000 0.0900000036 1.0816895926    0.090 -3.421  3.3635  5.219    1  0.000  0.545     0.00     0.00     0.00     0.00     0.00 -1 -3.91e-17      0.00 7.095e-01 2.757e-01 2.655e-03 7.163e-04 6.496e-03 -1.000 1.476e-02 13.323 15.373 18.308 13.882
0.01471 0.00000 10.00000 0.1000000015 1.1711064122    0.100 -3.237  3.3896  5.186    1  0.000  0.545     0.00     0.00     0.00     0.00     0.00 -1 -2.22e-17      0.00 7.091e-01 2.761e-01 2.655e-03 7.163e-04 6.496e-03 -1.000 1.476e-02 12.864 14.912 17.834 13.422
0.01471 0.00000 10.00000 0.1095191166 1.2460357184    0.109 -3.104  3.4072  5.163    1  0.000  0.545     0.00     0.00     0.00     0.00     0.00 -1 -4.24e-17      0.00 7.087e-01 2.766e-01 2.655e-03 7.163e-04 6.496e-03 -1.000 1.476e-02 12.531 14.579 17.491 13.090
0.01471 0.00000 10.00000 0.1200000048 1.3193154741    0.120 -2.971  3.4249  5.139    1  0.000  0.545     0.00     0.00     0.00     0.00     0.00 -1 -1.05e-16      0.00 7.082e-01 2.770e-01 2.655e-03 7.163e-04 6.496e-03 -1.000 1.476e-02 12.197 14.135 16.888 12.672
0.01471 0.00000 10.00000 0.1400000006 1.4384526719    0.140 -2.788  3.4448  5.103    1  0.000  0.545     0.00     0.00     0.00     0.00     0.00 -1 -1.54e-16      0.00 7.075e-01 2.778e-01 2.655e-03 7.163e-04 6.496e-03 -1.000 1.476e-02 11.740 13.412 15.804 12.013
0.01471 0.00000 10.00000 0.1482364535 1.4812525130    0.148 -2.727  3.4506  5.091    1  0.000  0.545     0.00     0.00     0.00     0.00     0.00 -1 -1.74e-16      0.00 7.072e-01 2.781e-01 2.655e-03 7.163e-04 6.496e-03 -1.000 1.476e-02 11.589 13.186 15.478 11.805
0.01471 0.00000 10.00000 0.1599999964 1.5372931554    0.160 -2.646  3.4584  5.074    1  0.000  0.545     0.00     0.00     0.00     0.00     0.00 -1 -2.06e-16      0.00 7.068e-01 2.785e-01 2.655e-03 7.163e-04 6.496e-03 -1.000 1.476e-02 11.386 12.884 15.038 11.531
0.01471 0.00000 10.00000 0.2000000030 1.6938790862    0.200 -2.427  3.4771  5.026    1  0.000  0.545     0.00     0.00     0.00     0.00     0.00 -1 -3.23e-16      0.00 7.056e-01 2.796e-01 2.655e-03 7.163e-04 6.496e-03 -1.000 1.476e-02 10.836 12.119 13.982 10.830
0.01471 0.00000 10.00000 0.2500000000 1.8403257998    0.250 -2.214  3.4934  4.975    1  0.000  0.545     0.00     0.00     0.00     0.00     0.00 -1 -1.07e-16      0.00 7.048e-01 2.805e-01 2.655e-03 7.163e-04 6.496e-03 -1.000 1.476e-02 10.304 11.415 13.053 10.184
0.01471 0.00000 10.00000 0.3000000119 1.9529139769    0.300 -2.049  3.5038  4.931    1  0.000  0.545     0.00     0.00     0.00     0.00     0.00 -1 -3.26e-18      0.00 7.045e-01 2.807e-01 2.655e-03 7.163e-04 6.496e-03 -1.000 1.476e-02 9.893 10.911 12.434 9.714
0.01471 0.00000 10.00000 0.3500000238 2.0434175133    0.350 -1.901  3.5125  4.885    1  0.000  0.545     0.00     0.00     0.00     0.00     0.00 -1 -4.09e-16      0.00 7.104e-01 2.749e-01 2.655e-03 7.163e-04 6.496e-03 -1.000 1.476e-02 9.523 10.472 11.909 9.301
0.01471 0.00000 10.00000 0.3675447702 2.0712704838    0.368 -1.848  3.5165  4.870    1  0.000  0.545     0.00     0.00     0.00     0.00     0.00 -1 -6.08e-16      0.00 7.105e-01 2.748e-01 2.655e-03 7.163e-04 6.496e-03 -1.000 1.476e-02 9.391 10.308 11.708 9.150
0.01471 0.00000 10.00000 0.4000000358 2.1185024810    0.400 -1.757  3.5236  4.843    1  0.000  0.545     0.00     0.00     0.00     0.00     0.00 -1 -1.32e-15      0.00 7.106e-01 2.746e-01 2.655e-03 7.163e-04 6.496e-03 -1.000 1.476e-02 9.162 10.027 11.367 8.890
0.01471 0.00000 10.00000 0.4500000179 2.1822809362    0.450 -1.606  3.5360  4.793    1  0.000  0.545     0.00     0.00     0.00     0.00     0.00 -1 -1.86e-15      0.00 7.107e-01 2.745e-01 2.655e-03 7.163e-04 6.496e-03 -1.000 1.476e-02 8.785 9.566 10.812 8.465
0.01471 0.00000 10.00000 0.5000000000 2.2374541529    0.500 -1.446  3.5517  4.742    1  0.000  0.545     0.00     0.00     0.00     0.00     0.00 -1 -2.71e-15      0.00 7.107e-01 2.745e-01 2.655e-03 7.163e-04 6.496e-03 -1.000 1.476e-02 8.385 9.069 10.211 8.012
0.01471 0.00000 10.00000 0.5500000119 2.2836582633    0.550 -1.267  3.5721  4.686    1  0.000  0.545     0.00     0.00     0.00     0.00     0.00 -1 -4.16e-15      0.00 7.334e-01 2.529e-01 2.459e-03 6.637e-04 6.021e-03 -1.000 1.368e-02 7.938 8.497 9.514 7.499
0.01471 0.00000 10.00000 0.6000000238 2.3211213258    0.600 -1.092  3.5975  4.650    1  0.000  0.544     0.00     0.00     0.00     0.00     0.00 -1 -6.21e-15      0.00 7.368e-01 2.496e-01 2.432e-03 6.566e-04 5.957e-03 -1.000 1.356e-02 7.500 7.922 8.810 6.995
0.01471 0.00000 10.00000 0.6499999762 2.3520353107    0.650 -0.912  3.6284  4.629    1  0.000  0.544     0.00     0.00     0.00     0.00     0.00 -1 -9.26e-15      0.00 7.399e-01 2.467e-01 2.408e-03 6.501e-04 5.900e-03 -1.000 1.343e-02 7.050 7.324 8.074 6.480
0.01471 0.00000 10.00000 0.6561470032 2.3554637328    0.656 -0.890  3.6324  4.626    1  0.000  0.544     0.00     0.00     0.00     0.00     0.00 -1 -9.72e-15      0.00 7.403e-01 2.463e-01 2.405e-03 6.493e-04 5.893e-03 -1.000 1.342e-02 6.994 7.249 7.981 6.417
0.01471 0.00000 10.00000 0.7000000477 2.3779267258    0.700 -0.736  3.6597  4.610    1  0.000  0.544     0.00     0.00     0.00     0.00     0.00 -1 -1.36e-14      0.00 7.428e-01 2.438e-01 2.385e-03 6.440e-04 5.845e-03 -1.000 1.332e-02 6.611 6.734 7.348 5.983
0.01471 0.00000 10.00000 0.7189147472 2.3866483277    0.719 -0.671  3.6711  4.602    1  0.000  0.541     0.00     0.00     0.00     0.00     0.00 -1 -1.58e-14      0.00 7.441e-01 2.426e-01 2.362e-03 6.409e-04 5.820e-03 -1.000 1.324e-02 6.447 6.523 7.096 5.804
0.01471 0.00000 10.00000 0.7406628132 2.3960459683    0.741 -0.596  3.6837  4.591    1  0.000  0.538     0.00     0.00     0.00     0.00     0.00 -1 -1.87e-14      0.00 7.456e-01 2.413e-01 2.337e-03 6.374e-04 5.793e-03 -1.000 1.318e-02 6.260 6.290 6.821 5.605
0.01471 0.00000 10.00000 0.7500000000 2.3998889087    0.750 -0.564  3.6891  4.586    1  0.000  0.536     0.00     0.00     0.00     0.00     0.00 -1 -2.01e-14      0.00 7.462e-01 2.407e-01 2.326e-03 6.359e-04 5.781e-03 -1.000 1.313e-02 6.181 6.194 6.708 5.522
0.01471 0.00000 10.00000 0.7565168738 2.4025065378    0.756 -0.543  3.6922  4.580    1  0.000  0.536     0.00     0.00     0.00     0.00     0.00 -1 -2.12e-14      0.00 7.468e-01 2.401e-01 2.321e-03 6.347e-04 5.770e-03 -1.000 1.308e-02 6.127 6.130 6.635 5.466
0.01471 0.00000 10.00000 0.7757520080 2.4099386123    0.775 -0.479  3.7013  4.564    1  0.000  0.536     0.00     0.00     0.00     0.00     0.00 -1 -2.47e-14      0.00 7.485e-01 2.384e-01 2.308e-03 6.310e-04 5.736e-03 -1.000 1.302e-02 5.967 5.945 6.423 5.304
0.01471 0.00000 10.00000 0.7932921648 2.4163557292    0.793 -0.421  3.7095  4.548    1  0.000  0.536     0.00     0.00     0.00     0.00     0.00 -1 -2.85e-14      0.00 7.501e-01 2.369e-01 2.295e-03 6.276e-04 5.706e-03 -1.000 1.295e-02 5.821 5.779 6.236 5.157
0.01471 0.00000 10.00000 0.8000000119 2.4187244405    0.800 -0.398  3.7125  4.541    1  0.000  0.536     0.00     0.00     0.00     0.00     0.00 -1    -3e-14      0.00 7.507e-01 2.364e-01 2.290e-03 6.263e-04 5.695e-03 -1.000 1.293e-02 5.766 5.716 6.165 5.101
0.01471 0.00000 10.00000 0.8096144199 2.4220409450    0.809 -0.366  3.7167  4.531    1  0.000  0.536     0.00     0.00     0.00     0.00     0.00 -1 -3.25e-14      0.00 7.517e-01 2.354e-01 2.282e-03 6.242e-04 5.676e-03 -1.000 1.290e-02 5.685 5.627 6.065 5.022
0.01471 0.00000 10.00000 0.8266497850 2.4277000378    0.826 -0.309  3.7240  4.512    1  0.000  0.536     0.00     0.00     0.00     0.00     0.00 -1 -3.76e-14      0.00 7.535e-01 2.337e-01 2.268e-03 6.203e-04 5.642e-03 -1.000 1.284e-02 5.542 5.469 5.890 4.880
0.01471 0.00000 10.00000 0.8419318795 2.4325532414    0.841 -0.257  3.7302  4.493    1  0.000  0.536     0.00     0.00     0.00     0.00     0.00 -1 -4.29e-14      0.00 7.551e-01 2.321e-01 2.255e-03 6.169e-04 5.611e-03 -1.000 1.277e-02 5.412 5.329 5.736 4.753
0.01471 0.00000 10.00000 0.8500000238 2.4350346840    0.849 -0.230  3.7334  4.482    1  0.000  0.536     0.00     0.00     0.00     0.00     0.00 -1  -4.6e-14      0.00 7.560e-01 2.313e-01 2.248e-03 6.151e-04 5.595e-03 -1.000 1.274e-02 5.344 5.255 5.654 4.687
0.01471 0.00000 10.00000 0.8648488522 2.4394627352    0.864 -0.178  3.7389  4.460    1  0.000  0.536     0.00     0.00     0.00     0.00     0.00 -1 -5.26e-14      0.00 7.579e-01 2.295e-01 2.233e-03 6.110e-04 5.558e-03 -1.000 1.267e-02 5.215 5.117 5.503 4.562
0.01471 0.00000 10.00000 0.8803588152 2.4439050007    0.879 -0.123  3.7443  4.435    1  0.000  0.536     0.00     0.00     0.00     0.00     0.00 -1 -6.08e-14      0.00 7.599e-01 2.276e-01 2.218e-03 6.068e-04 5.521e-03 -1.000 1.253e-02 5.078 4.974 5.347 4.432
0.01471 0.00000 10.00000 0.8946493864 2.4478416169    0.894 -0.072  3.7490  4.409    1  0.000  0.535     0.00     0.00     0.00     0.00     0.00 -1    -7e-14      0.00 7.617e-01 2.259e-01 2.203e-03 6.029e-04 5.486e-03 -1.000 1.245e-02 4.949 4.840 5.202 4.309
0.01471 0.00000 10.00000 0.8999999762 2.4492786016    0.899 -0.052  3.7507  4.399    1  0.000  0.535     0.00     0.00     0.00     0.00     0.00 -1 -7.39e-14      0.00 7.623e-01 2.252e-01 2.198e-03 6.015e-04 5.473e-03 -1.000 1.244e-02 4.900 4.789 5.147 4.262
0.01471 0.00000 10.00000 0.9101802111 2.4519590888    0.909 -0.014  3.7536  4.378    1  0.000  0.535     0.00     0.00     0.00     0.00     0.00 -1 -8.21e-14      0.00 7.639e-01 2.237e-01 2.185e-03 5.981e-04 5.443e-03 -1.000 1.241e-02 4.806 4.693 5.044 4.173
0.01471 0.00000 10.00000 0.9272474051 2.4563014374    0.926  0.050  3.7578  4.338    1  0.000  0.535     0.00     0.00     0.00     0.00     0.00 -1 -9.85e-14      0.00 7.665e-01 2.212e-01 2.165e-03 5.926e-04 5.394e-03 -1.000 1.228e-02 4.646 4.529 4.871 4.019
0.01471 0.00000 10.00000 0.9426717162 2.4600706392    0.941  0.107  3.7607  4.299    1  0.000  0.535     0.00     0.00     0.00     0.00     0.00 -1 -1.17e-13      0.00 7.685e-01 2.194e-01 2.150e-03 5.886e-04 5.358e-03 -1.000 1.215e-02 4.502 4.383 4.718 3.880
0.01471 0.00000 10.00000 0.9499999881 2.4618121868    0.949  0.137  3.7619  4.278    1  0.000  0.535     0.00     0.00     0.00     0.00     0.00 -1 -1.28e-13      0.00 7.685e-01 2.194e-01 2.150e-03 5.887e-04 5.359e-03 -1.000 1.216e-02 4.428 4.309 4.641 3.808
0.01471 0.00000 10.00000 0.9547026753 2.4629135882    0.954  0.156  3.7626  4.264    1  0.000  0.535     0.00     0.00     0.00     0.00     0.00 -1 -1.35e-13      0.00 7.686e-01 2.192e-01 2.149e-03 5.885e-04 5.357e-03 -1.000 1.217e-02 4.380 4.260 4.590 3.762
0.01471 0.00000 10.00000 0.9564054012 2.4633093081    0.955  0.163  3.7628  4.258    1  0.000  0.535     0.00     0.00     0.00     0.00     0.00 -1 -1.39e-13      0.00 7.686e-01 2.192e-01 2.150e-03 5.886e-04 5.358e-03 -1.000 1.218e-02 4.362 4.242 4.572 3.744
0.01471 0.00000 10.00000 0.9658489227 2.4654749218    0.965  0.204  3.7635  4.224    1  0.000  0.535     0.00     0.00     0.00     0.00     0.00 -1 -1.58e-13      0.00 7.680e-01 2.198e-01 2.157e-03 5.905e-04 5.375e-03 -1.000 1.224e-02 4.259 4.139 4.467 3.643
0.01471 0.00000 10.00000 0.9732166529 2.4671309877    0.972  0.237  3.7635  4.195    1  0.000  0.535     0.00     0.00     0.00     0.00     0.00 -1 -1.75e-13      0.00 7.671e-01 2.206e-01 2.165e-03 5.928e-04 5.396e-03 -1.000 1.229e-02 4.177 4.056 4.384 3.561
0.01471 0.00000 10.00000 0.9815793037 2.4689760857    0.981  0.276  3.7628  4.157    1  0.000  0.535     0.00     0.00     0.00     0.00     0.00 -1 -1.99e-13      0.00 7.653e-01 2.223e-01 2.183e-03 5.978e-04 5.443e-03 -1.000 1.239e-02 4.080 3.960 4.289 3.463
0.01471 0.00000 10.00000 0.9871489406 2.4701850201    0.986  0.303  3.7618  4.128    1  0.000  0.535     0.00     0.00     0.00     0.00     0.00 -1 -2.18e-13      0.00 7.636e-01 2.239e-01 2.200e-03 6.025e-04 5.485e-03 -1.000 1.246e-02 4.014 3.895 4.225 3.396
0.01471 0.00000 10.00000 0.9889955521 2.4705823870    0.988  0.311  3.7612  4.118    2  0.000  0.535     0.00     0.00     0.00     0.00     0.00 -1 -2.26e-13      0.00 7.623e-01 2.251e-01 2.212e-03 6.058e-04 5.515e-03 -1.000 1.257e-02 3.991 3.873 4.204 3.372
0.01471 0.00000 10.00000 0.9965283275 2.4721858129    0.996  0.348  3.7575  4.070    2  0.000  0.535     0.00     0.00     0.00     0.00     0.00 -1 -2.57e-13      0.00 7.562e-01 2.310e-01 2.268e-03 6.210e-04 5.654e-03 -1.000 1.288e-02 3.900 3.784 4.124 3.276
0.01471 0.00000 10.00000 1.0000000000 2.4729154477    0.999  0.363  3.7538  4.041    2  0.000  0.535     0.00     0.00     0.00     0.00     0.00 -1 -2.75e-13      0.00 7.517e-01 2.352e-01 2.305e-03 6.311e-04 5.744e-03 -1.000 1.308e-02 3.862 3.750 4.097 3.233
0.01471 0.00000 10.00000 1.0036085844 2.4736677073    1.003  0.379  3.7497  4.011    2  0.000  0.535     0.00     0.00     0.00     0.00     0.00 -1 -2.93e-13      0.00 7.470e-01 2.397e-01 2.344e-03 6.418e-04 5.840e-03 -1.000 1.328e-02 3.822 3.714 4.071 3.188
0.01471 0.00000 10.00000 1.0078628063 2.4745466072    1.007  0.391  3.7403  3.964    2  0.000  0.536     0.00     0.00     0.00     0.00     0.00 -1 -3.16e-13      0.00 7.395e-01 2.469e-01 2.402e-03 6.574e-04 5.980e-03 -1.000 1.359e-02 3.794 3.696 4.072 3.151
0.01471 0.00000 10.00000 1.0107444525 2.4751371091    1.010  0.391  3.7297  3.922    2  0.000  0.536     0.00     0.00     0.00     0.00     0.00 -1 -3.31e-13      0.00 7.337e-01 2.525e-01 2.447e-03 6.692e-04 6.086e-03 -1.000 1.384e-02 3.792 3.712 4.110 3.144
0.01471 0.00000 10.00000 1.0127203465 2.4755397731    1.011  0.391  3.7197  3.883    2  0.000  0.536     0.00     0.00     0.00     0.00     0.00 -1 -3.45e-13      0.00 7.295e-01 2.566e-01 2.477e-03 6.773e-04 6.158e-03 -1.000 1.396e-02 3.793 3.731 4.152 3.141
0.01471 0.00000 10.00000 1.0145750046 2.4759160902    1.013  0.402  3.7100  3.834    2  0.000  0.537     0.00     0.00     0.00     0.00     0.00 -1 -3.72e-13      0.00 7.257e-01 2.601e-01 2.503e-03 6.843e-04 6.219e-03 -1.000 1.413e-02 3.765 3.725 4.167 3.114
0.01471 0.00000 10.00000 1.0164020061 2.4762852518    1.015  0.433  3.7020  3.771    2  0.000  0.537     0.00     0.00     0.00     0.00     0.00 -1 -4.26e-13      0.00 7.220e-01 2.637e-01 2.526e-03 6.902e-04 6.272e-03 -1.000 1.426e-02 3.688 3.667 4.129 3.039
0.01471 0.00000 10.00000 1.0173952579 2.4764853074    1.016  0.458  3.6985  3.733    2  0.000  0.537     0.00     0.00     0.00     0.00     0.00 -1 -4.71e-13      0.00 7.200e-01 2.657e-01 2.536e-03 6.930e-04 6.297e-03 -1.000 1.428e-02 3.626 3.614 4.085 2.978
0.01471 0.00000 10.00000 1.0188299417 2.4767734821    1.017  0.509  3.6951  3.669    3  0.000  0.537     0.00     0.00     0.00     0.00     0.00 -1 -5.67e-13      0.00 7.167e-01 2.689e-01 2.547e-03 6.966e-04 6.327e-03 -1.000 1.437e-02 3.498 3.496 3.975 2.853
0.01471 0.00000 10.00000 1.0200771093 2.4770232344    1.019  0.560  3.6928  3.609    3  0.000  0.535     0.00     0.00     0.00     0.00     0.00 -1 -6.81e-13      0.00 7.135e-01 2.721e-01 2.547e-03 7.022e-04 6.349e-03 -1.000 1.444e-02 3.370 3.375 3.859 2.727
0.01471 0.00000 10.00000 1.0209753513 2.4772026779    1.019  0.601  3.6915  3.563    3  0.000  0.530     0.00     0.00     0.00     0.00     0.00 -1 -7.89e-13      0.00 7.107e-01 2.748e-01 2.529e-03 7.165e-04 6.363e-03 -1.000 1.448e-02 3.266 3.275 3.762 2.625
0.01471 0.00000 10.00000 1.0218379498 2.4773746593    1.020  0.645  3.6903  3.515    3  0.000  0.521     0.00     0.00     0.00     0.00     0.00 -1 -9.19e-13      0.00 7.079e-01 2.775e-01 2.490e-03 7.542e-04 6.374e-03 -1.000 1.452e-02 3.158 3.170 3.660 2.518
0.01471 0.00000 10.00000 1.0226492882 2.4775361162    1.021  0.689  3.6892  3.467    3  0.000  0.508     0.00     0.00     0.00     0.00     0.00 -1 -1.07e-12      0.00 7.053e-01 2.801e-01 2.434e-03 8.160e-04 6.383e-03 -1.000 1.454e-02 3.049 3.064 3.556 2.409
0.01471 0.00000 10.00000 1.0234050751 2.4776862536    1.022  0.733  3.6881  3.419    3  0.000  0.495     0.00     0.00     0.00     0.00     0.00 -1 -1.26e-12      0.00 7.029e-01 2.825e-01 2.374e-03 8.894e-04 6.390e-03 -1.000 1.456e-02 2.939 2.958 3.453 2.300
0.01471 0.00000 10.00000 1.0240525007 2.4778146622    1.022  0.773  3.6871  3.374    3  0.000  0.484     0.00     0.00     0.00     0.00     0.00 -1 -1.45e-12      0.00 7.009e-01 2.846e-01 2.323e-03 9.540e-04 6.396e-03 -1.000 1.458e-02 2.837 2.859 3.357 2.199
0.01471 0.00000 10.00000 1.0246695280 2.4779368681    1.023  0.815  3.6860  3.328    3  0.000  0.476     0.00     0.00     0.00     0.00     0.00 -1 -1.68e-12      0.00 6.991e-01 2.863e-01 2.284e-03 1.004e-03 6.400e-03 -1.000 1.458e-02 2.732 2.757 3.258 2.095
0.01471 0.00000 10.00000 1.0252935886 2.4780602950    1.024  0.861  3.6847  3.278    3  0.000  0.469     0.00     0.00     0.00     0.00     0.00 -1 -1.98e-12      0.00 6.976e-01 2.878e-01 2.253e-03 1.044e-03 6.404e-03 -1.000 1.461e-02 2.617 2.646 3.151 1.981
0.01471 0.00000 10.00000 1.0258215666 2.4781645837    1.024  0.903  3.6834  3.231    3  0.000  0.464     0.00     0.00     0.00     0.00     0.00 -1  -2.3e-12      0.00 6.964e-01 2.889e-01 2.231e-03 1.072e-03 6.407e-03 -1.000 1.464e-02 2.512 2.546 3.053 1.877
0.01471 0.00000 10.00000 1.0262939930 2.4782577951    1.024  0.944  3.6822  3.185    3  0.000  0.461     0.00     0.00     0.00     0.00     0.00 -1 -2.66e-12      0.00 6.955e-01 2.898e-01 2.216e-03 1.092e-03 6.408e-03 -1.000 1.463e-02 2.411 2.448 2.959 1.777
0.01471 0.00000 10.00000 1.0267328024 2.4783442853    1.025  0.984  3.6809  3.140    3  0.000  0.458     0.00     0.00     0.00     0.00     0.00 -1 -3.07e-12      0.00 6.949e-01 2.905e-01 2.204e-03 1.107e-03 6.410e-03 -1.000 1.461e-02 2.310 2.352 2.866 1.677
0.01471 0.00000 10.00000 1.0271669626 2.4784297755    1.025  1.027  3.6793  3.091    3  0.000  0.457     0.00     0.00     0.00     0.00     0.00 -1 -3.58e-12      0.00 6.943e-01 2.911e-01 2.195e-03 1.119e-03 6.411e-03 -1.000 1.461e-02 2.201 2.248 2.767 1.570
0.01471 0.00000 10.00000 1.0276395082 2.4785227298    1.026  1.079  3.6774  3.031    3  0.000  0.455     0.00     0.00     0.00     0.00     0.00 -1 -4.32e-12      0.00 6.939e-01 2.915e-01 2.188e-03 1.128e-03 6.412e-03 -1.000 1.462e-02 2.072 2.125 2.650 1.443
0.01471 0.00000 10.00000 1.0279853344 2.4785906949    1.026  1.121  3.6757  2.983    3  0.000  0.454     0.00     0.00     0.00     0.00     0.00 -1 -5.03e-12      0.00 6.937e-01 2.917e-01 2.185e-03 1.132e-03 6.413e-03 -1.000 1.462e-02 1.967 2.026 2.556 1.340
0.01471 0.00000 10.00000 1.0282905102 2.4786506273    1.026  1.161  3.6741  2.937    3  0.000  0.454     0.00     0.00     0.00     0.00     0.00 -1  -5.8e-12      0.00 6.936e-01 2.917e-01 2.184e-03 1.134e-03 6.413e-03 -1.000 1.462e-02 1.868 1.933 2.467 1.243
0.01471 0.00000 10.00000 1.0285724401 2.4787059581    1.026  1.200  3.6724  2.891    3  0.000  0.454     0.00     0.00     0.00     0.00     0.00 -1 -6.69e-12      0.00 6.936e-01 2.918e-01 2.183e-03 1.135e-03 6.413e-03 -1.000 1.462e-02 1.770 1.840 2.379 1.147
0.01471 0.00000 10.00000 1.0289113522 2.4787724260    1.027  1.252  3.6701  2.830    3  0.000  0.454     0.00     0.00     0.00     0.00     0.00 -1 -8.09e-12      0.00 6.936e-01 2.918e-01 2.183e-03 1.135e-03 6.414e-03 -1.000 1.462e-02 1.640 1.719 2.263 1.020
0.01471 0.00000 10.00000 1.0292114019 2.4788312302    1.027  1.302  3.6678  2.770    3  0.000  0.454     0.00     0.00     0.00     0.00     0.00 -1 -9.71e-12      0.00 6.936e-01 2.918e-01 2.182e-03 1.136e-03 6.414e-03 -1.000 1.462e-02 1.515 1.602 2.154 0.898
0.01471 0.00000 10.00000 1.0294865370 2.4788851169    1.027  1.352  3.6654  2.711    3  0.000  0.454     0.00     0.00     0.00     0.00     0.00 -1 -1.17e-11      0.00 6.936e-01 2.918e-01 2.182e-03 1.136e-03 6.414e-03 -1.000 1.462e-02 1.390 1.486 2.044 0.777
0.01471 0.00000 10.00000 1.0297421217 2.4789351449    1.027  1.402  3.6629  2.651    3  0.000  0.453     0.00     0.00     0.00     0.00     0.00 -1  -1.4e-11      0.00 6.936e-01 2.918e-01 2.182e-03 1.136e-03 6.414e-03 -1.000 1.462e-02 1.264 1.371 1.936 0.655
0.01471 0.00000 10.00000 1.0299761295 2.4789809244    1.027  1.450  3.6604  2.593    3  0.000  0.453     0.00     0.00     0.00     0.00     0.00 -1 -1.67e-11      0.00 6.936e-01 2.918e-01 2.181e-03 1.137e-03 6.414e-03 -1.000 1.462e-02 1.145 1.261 1.833 0.540
0.01471 0.00000 10.00000 1.0302159786 2.4790278218    1.027  1.495  3.6581  2.539    3  0.000  0.453     0.00     0.00     0.00     0.00     0.00 -1 -1.97e-11      0.00 6.935e-01 2.918e-01 2.181e-03 1.137e-03 6.414e-03 -1.000 1.462e-02 1.033 1.159 1.737 0.432
0.01471 0.00000 10.00000 1.0304613113 2.4790757655    1.027  1.529  3.6564  2.498    3  0.000  0.453     0.00     0.00     0.00     0.00     0.00 -1 -2.25e-11      0.00 6.935e-01 2.918e-01 2.181e-03 1.138e-03 6.414e-03 -1.000 1.463e-02 0.947 1.079 1.663 0.349
0.01471 0.00000 10.00000 1.0306473970 2.4791121134    1.027  1.500  3.6584  2.535    3  0.000  0.453     0.00     0.00     0.00     0.00     0.00 -1 -2.04e-11      0.00 6.935e-01 2.918e-01 2.181e-03 1.138e-03 6.414e-03 -1.000 1.463e-02 1.020 1.144 1.722 0.419
0.01471 0.00000 10.00000 1.0307716131 2.4791363680    1.027  1.459  3.6610  2.586    3  0.000  0.453     0.00     0.00     0.00     0.00     0.00 -1 -1.76e-11      0.00 6.935e-01 2.918e-01 2.181e-03 1.138e-03 6.414e-03 -1.000 1.463e-02 1.122 1.235 1.805 0.516
0.01471 0.00000 10.00000 1.0307822227 2.4791384394    1.027  1.457  3.6612  2.590    3  0.000  0.453     0.00     0.00     0.00     0.00     0.00 -1 -1.73e-11      0.00 6.935e-01 2.918e-01 2.181e-03 1.138e-03 6.414e-03 -1.000 1.463e-02 1.128 1.241 1.811 0.522
0.01471 0.00000 10.00000 1.0309557915 2.4791723186    1.027  1.503  3.6586  2.534    3  0.000  0.453     0.00     0.00     0.00     0.00     0.00 -1 -2.03e-11      0.00 6.935e-01 2.919e-01 2.180e-03 1.138e-03 6.414e-03 -1.000 1.463e-02 1.013 1.136 1.713 0.411
0.01471 0.00000 10.00000 1.0311341286 2.4792071149    1.028  1.550  3.6560  2.475    3  0.000  0.453     0.00     0.00     0.00     0.00     0.00 -1 -2.41e-11      0.00 6.935e-01 2.919e-01 2.180e-03 1.139e-03 6.414e-03 -1.000 1.463e-02 0.894 1.028 1.614 0.297
0.01471 0.00000 10.00000 1.0313045979 2.4792403631    1.028  1.598  3.6532  2.417    3  0.000  0.453     0.00     0.00     0.00     0.00     0.00 -1 -2.88e-11      0.00 6.935e-01 2.919e-01 2.180e-03 1.139e-03 6.414e-03 -1.000 1.463e-02 0.774 0.919 1.515 0.181
0.01471 0.00000 10.00000 1.0314577818 2.4792702292    1.028  1.645  3.6506  2.359    3  0.000  0.453     0.00     0.00     0.00     0.00     0.00 -1 -3.42e-11      0.00 6.935e-01 2.919e-01 2.180e-03 1.139e-03 6.415e-03 -1.000 1.463e-02 0.658 0.814 1.419 0.069
0.01471 0.00000 10.00000 1.0316030979 2.4792985519    1.027  1.692  3.6477  2.300    3  0.000  0.453     0.00     0.00     0.00     0.00     0.00 -1 -4.09e-11      0.00 6.935e-01 2.919e-01 2.180e-03 1.139e-03 6.415e-03 -1.000 1.463e-02 0.539 0.708 1.324 -0.045
0.01471 0.00000 10.00000 1.0317310095 2.4793234748    1.027  1.738  3.6450  2.244    3  0.000  0.453     0.00     0.00     0.00     0.00     0.00 -1 -4.85e-11      0.00 6.935e-01 2.919e-01 2.180e-03 1.139e-03 6.415e-03 -1.000 1.463e-02 0.425 0.607 1.233 -0.154
0.01471 0.00000 10.00000 1.0318512917 2.4793469047    1.027  1.784  3.6421  2.186    3  0.000  0.453     0.00     0.00     0.00     0.00     0.00 -1 -5.77e-11      0.00 6.935e-01 2.919e-01 2.179e-03 1.140e-03 6.415e-03 -1.000 1.463e-02 0.309 0.504 1.141 -0.264
0.01471 0.00000 10.00000 1.0319596529 2.4793680071    1.027  1.830  3.6392  2.129    3  0.000  0.453     0.00     0.00     0.00     0.00     0.00 -1 -6.85e-11      0.00 6.935e-01 2.919e-01 2.179e-03 1.140e-03 6.415e-03 -1.000 1.463e-02 0.195 0.404 1.052 -0.373
0.01471 0.00000 10.00000 1.0320588350 2.4793873175    1.027  1.875  3.6364  2.072    3  0.000  0.453     0.00     0.00     0.00     0.00     0.00 -1 -8.12e-11      0.00 6.935e-01 2.919e-01 2.179e-03 1.140e-03 6.415e-03 -1.000 1.463e-02 0.082 0.306 0.966 -0.479
0.01471 0.00000 10.00000 1.0321518183 2.4794054171    1.027  1.921  3.6334  2.014    3  0.000  0.453     0.00     0.00     0.00     0.00     0.00 -1 -9.64e-11      0.00 6.935e-01 2.919e-01 2.179e-03 1.140e-03 6.415e-03 -1.000 1.463e-02 -0.032 0.207 0.879 -0.586
0.01471 0.00000 10.00000 1.0322341919 2.4794214483    1.027  1.965  3.6305  1.958    3  0.000  0.453     0.00     0.00     0.00     0.00     0.00 -1 -1.14e-10      0.00 6.935e-01 2.919e-01 2.179e-03 1.140e-03 6.415e-03 -1.000 1.463e-02 -0.143 0.111 0.794 -0.689
0.01471 0.00000 10.00000 1.0323095322 2.4794361082    1.026  2.009  3.6275  1.902    3  0.000  0.453     0.00     0.00     0.00     0.00     0.00 -1 -1.34e-10      0.00 6.935e-01 2.919e-01 2.179e-03 1.140e-03 6.415e-03 -1.000 1.463e-02 -0.253 0.018 0.712 -0.789
0.01471 0.00000 10.00000 1.0323804617 2.4794499076    1.026  2.054  3.6244  1.845    3  0.000  0.453     0.00     0.00     0.00     0.00     0.00 -1  -1.6e-10      0.00 6.935e-01 2.919e-01 2.179e-03 1.140e-03 6.415e-03 -1.000 1.463e-02 -0.366 -0.077 0.628 -0.891
0.01471 0.00000 10.00000 1.0324431658 2.4794621049    1.026  2.097  3.6214  1.789    3  0.000  0.453     0.00     0.00     0.00     0.00     0.00 -1 -1.88e-10      0.00 6.935e-01 2.919e-01 2.179e-03 1.141e-03 6.415e-03 -1.000 1.463e-02 -0.474 -0.168 0.546 -0.989
0.01471 0.00000 10.00000 1.0325025320 2.4794736514    1.025  2.142  3.6183  1.732    3  0.000  0.453     0.00     0.00     0.00     0.00     0.00 -1 -2.22e-10      0.00 6.935e-01 2.919e-01 2.179e-03 1.141e-03 6.415e-03 -1.000 1.463e-02 -0.585 -0.261 0.464 -1.089
0.01471 0.00000 10.00000 1.0325542688 2.4794837127    1.025  2.184  3.6154  1.678    3  0.000  0.453     0.00     0.00     0.00     0.00     0.00 -1  -2.6e-10      0.00 6.935e-01 2.919e-01 2.179e-03 1.141e-03 6.415e-03 -1.000 1.463e-02 -0.689 -0.347 0.388 -1.182
0.01471 0.00000 10.00000 1.0326038599 2.4794933556    1.025  2.227  3.6122  1.623    3  0.000  0.453     0.00     0.00     0.00     0.00     0.00 -1 -3.07e-10      0.00 6.935e-01 2.919e-01 2.179e-03 1.141e-03 6.415e-03 -1.000 1.463e-02 -0.797 -0.436 0.309 -1.278
0.01471 0.00000 10.00000 1.0326492786 2.4795021863    1.024  2.270  3.6091  1.567    3  0.000  0.453     0.00     0.00     0.00     0.00     0.00 -1 -3.62e-10      0.00 6.935e-01 2.919e-01 2.179e-03 1.141e-03 6.415e-03 -1.000 1.463e-02 -0.904 -0.523 0.232 -1.373
0.01471 0.00000 10.00000 1.0326900482 2.4795101123    1.024  2.311  3.6060  1.513    3  0.000  0.453     0.00     0.00     0.00     0.00     0.00 -1 -4.24e-10      0.00 6.935e-01 2.919e-01 2.178e-03 1.141e-03 6.415e-03 -1.000 1.463e-02 -1.008 -0.606 0.160 -1.463
0.01471 0.00000 10.00000 1.0327284336 2.4795175742    1.023  2.353  3.6028  1.458    3  0.000  0.453     0.00     0.00     0.00     0.00     0.00 -1 -4.98e-10      0.00 6.935e-01 2.919e-01 2.178e-03 1.141e-03 6.415e-03 -1.000 1.463e-02 -1.113 -0.689 0.092 -1.556
0.01471 0.00000 10.00000 1.0327633619 2.4795243634    1.022  2.394  3.5996  1.404    3  0.000  0.453     0.00     0.00     0.00     0.00     0.00 -1 -5.83e-10      0.00 6.935e-01 2.919e-01 2.178e-03 1.141e-03 6.415e-03 -1.000 1.463e-02 -1.216 -0.769 0.028 -1.646
0.01471 0.00000 10.00000 1.0327953100 2.4795305729    1.022  2.435  3.5964  1.350    3  0.000  0.453     0.00     0.00     0.00     0.00     0.00 -1 -6.82e-10      0.00 6.935e-01 2.919e-01 2.178e-03 1.141e-03 6.415e-03 -1.000 1.463e-02 -1.317 -0.845 -0.029 -1.733
0.01471 0.00000 10.00000 1.0328253508 2.4795364113    1.021  2.476  3.5931  1.296    3  0.000  0.453     0.00     0.00     0.00     0.00     0.00 -1 -7.98e-10      0.00 6.935e-01 2.919e-01 2.178e-03 1.141e-03 6.415e-03 -1.000 1.463e-02 -1.420 -0.921 -0.085 -1.821
0.01471 0.00000 10.00000 1.0328524113 2.4795416702    1.020  2.515  3.5899  1.243    3  0.000  0.453    12.49     9.05     6.32     4.87     3.95  4 -9.31e-10      0.00 6.935e-01 2.919e-01 2.178e-03 1.141e-03 6.415e-03 -1.000 1.463e-02 -1.519 -0.994 -0.139 -1.906
0.01471 0.00000 10.00000 1.0328769684 2.4795464423    1.019  2.554  3.5866  1.191    3  0.000  0.453    13.92     9.94     6.91     5.34     4.33  3 -1.08e-09      0.00 6.935e-01 2.919e-01 2.178e-03 1.141e-03 6.415e-03 -1.000 1.463e-02 -1.615 -1.060 -0.182 -1.986
0.01471 0.00000 10.00000 1.0329004526 2.4795510056    1.018  2.594  3.5833  1.137    3  0.000  0.453    15.55    10.94     7.57     5.86     4.76  3 -1.26e-09      0.00 6.935e-01 2.919e-01 2.178e-03 1.141e-03 6.415e-03 -1.000 1.463e-02 -1.714 -1.128 -0.225 -2.067
0.01471 0.00000 10.00000 1.0329216719 2.4795551286    1.017  2.632  3.5800  1.086    3  0.000  0.453    17.32    12.01     8.28     6.42     5.21  3 -1.46e-09      0.00 6.935e-01 2.919e-01 2.178e-03 1.141e-03 6.415e-03 -1.000 1.463e-02 -1.810 -1.193 -0.267 -2.146
0.01471 0.00000 10.00000 1.0329411030 2.4795589040    1.016  2.669  3.5766  1.034    3  0.000  0.453    19.28    13.18     9.05     7.02     5.70  3  -1.7e-09      0.00 6.935e-01 2.919e-01 2.178e-03 1.141e-03 6.415e-03 -1.000 1.463e-02 -1.904 -1.249 -0.290 -2.218
0.01471 0.00000 10.00000 1.0329595804 2.4795624940    1.015  2.707  3.5732  0.982    3  0.000  0.453    21.48    14.48     9.90     7.69     6.25  3 -1.97e-09      0.00 6.935e-01 2.919e-01 2.178e-03 1.141e-03 6.415e-03 -1.000 1.463e-02 -1.998 -1.304 -0.312 -2.291
0.01471 0.00000 10.00000 1.0329768658 2.4795658522    1.014  2.745  3.5697  0.930    3  0.000  0.453    23.93    15.90    10.82     8.42     6.84  3 -2.28e-09      0.00 6.935e-01 2.919e-01 2.178e-03 1.141e-03 6.415e-03 -1.000 1.463e-02 -2.092 -1.357 -0.329 -2.361
0.01471 0.00000 10.00000 1.0329964161 2.4795696503    1.012  2.790  3.5653  0.867    3  0.000  0.453    27.29    17.82    12.07     9.41     7.65  3 -2.73e-09      0.00 6.935e-01 2.919e-01 2.178e-03 1.141e-03 6.415e-03 -1.000 1.463e-02 -2.205 -1.411 -0.326 -2.441
0.01471 0.00000 10.00000 1.0330140591 2.4795730777    1.010  2.834  3.5611  0.805    3  0.000  0.453    31.02    19.91    13.42    10.48     8.52  2 -3.25e-09      0.00 6.935e-01 2.919e-01 2.178e-03 1.141e-03 6.415e-03 -1.000 1.463e-02 -2.314 -1.463 -0.321 -2.517
0.01471 0.00000 10.00000 1.0330303907 2.4795762502    1.008  2.877  3.5568  0.744    3  0.000  0.453    35.24    22.24    14.91    11.66     9.48  2 -3.86e-09      0.00 6.935e-01 2.919e-01 2.178e-03 1.141e-03 6.415e-03 -1.000 1.463e-02 -2.423 -1.505 -0.294 -2.587
0.01471 0.00000 10.00000 1.0330455303 2.4795791911    1.006  2.920  3.5524  0.682    3  0.000  0.453    40.04    24.84    16.57    12.98    10.56  2 -4.59e-09      0.00 6.935e-01 2.919e-01 2.178e-03 1.141e-03 6.415e-03 -1.000 1.463e-02 -2.530 -1.543 -0.256 -2.652
0.01471 0.00000 10.00000 1.0330593586 2.4795818772    1.004  2.962  3.5479  0.621    3  0.000  0.453    45.43    27.71    18.39    14.43    11.74  2 -5.45e-09      0.00 6.935e-01 2.919e-01 2.178e-03 1.141e-03 6.415e-03 -1.000 1.463e-02 -2.635 -1.572 -0.201 -2.710
0.01471 0.00000 10.00000 1.0330722332 2.4795843779    1.001  3.003  3.5434  0.561    3  0.000  0.453    51.50    30.89    20.40    16.04    13.05  2 -6.44e-09      0.00 6.935e-01 2.919e-01 2.178e-03 1.141e-03 6.415e-03 -1.000 1.463e-02 -2.738 -1.592 -0.126 -2.760
0.01471 0.00000 10.00000 1.0330842733 2.4795867165    0.998  3.044  3.5389  0.501    3  0.000  0.453    58.38    34.43    22.63    17.82    14.50  2 -7.63e-09      0.00 6.935e-01 2.919e-01 2.178e-03 1.141e-03 6.415e-03 -1.000 1.463e-02 -2.841 -1.607 -0.042 -2.806
0.01471 0.00000 10.00000 1.0330953598 2.4795888698    0.995  3.084  3.5344  0.441    3  0.000  0.453    66.03    38.30    25.05    19.76    16.09  2    -9e-09      0.00 6.935e-01 2.919e-01 2.178e-03 1.142e-03 6.415e-03 -1.000 1.463e-02 -2.941 -1.609 0.072 -2.838
0.01471 0.00000 10.00000 1.0331056118 2.4795908610    0.992  3.124  3.5299  0.382    3  0.000  0.453    74.65    42.58    27.71    21.90    17.83  2 -1.06e-08      0.00 6.934e-01 2.919e-01 2.178e-03 1.142e-03 6.415e-03 -1.000 1.463e-02 -3.039 -1.608 0.189 -2.868
0.01471 0.00000 10.00000 1.0331151485 2.4795927132    0.988  3.162  3.5253  0.324    3  0.000  0.453    84.27    47.28    30.63    24.24    19.74  1 -1.25e-08      0.00 6.934e-01 2.919e-01 2.178e-03 1.142e-03 6.415e-03 -1.000 1.463e-02 -3.136 -1.585 0.340 -2.875
0.01471 0.00000 10.00000 1.0331239700 2.4795944265    0.984  3.200  3.5207  0.266    3  0.000  0.453    95.01    52.44    33.80    26.80    21.83  1 -1.46e-08      0.00 6.934e-01 2.919e-01 2.178e-03 1.142e-03 6.415e-03 -1.000 1.463e-02 -3.229 -1.558 0.500 -2.877
0.01471 0.00000 10.00000 1.0331323147 2.4795960471    0.979  3.237  3.5160  0.208    3  0.000  0.453   107.05    58.12    37.29    29.61    24.13  1 -1.71e-08      0.00 6.934e-01 2.919e-01 2.178e-03 1.142e-03 6.415e-03 -1.000 1.463e-02 -3.322 -1.505 0.701 -2.852
0.01471 0.00000 10.00000 1.0331401825 2.4795975751    0.974  3.274  3.5114  0.150    3  0.000  0.453   120.67    64.43    41.14    32.73    26.68  0 -1.99e-08      0.00 6.934e-01 2.919e-01 2.178e-03 1.142e-03 6.415e-03 -1.000 1.463e-02 -3.414 -1.443 0.917 -2.818
0.01471 0.00000 10.00000 1.0331473351 2.4795989642    0.968  3.309  3.5067  0.094    3  0.000  0.453   135.63    71.24    45.28    36.08    29.41  0 -2.31e-08      0.00 6.934e-01 2.919e-01 2.178e-03 1.142e-03 6.415e-03 -1.000 1.463e-02 -3.502 -1.391 1.095 -2.790
0.01471 0.00000 10.00000 1.0331541300 2.4796002837    0.962  3.343  3.5022  0.039    3  0.000  0.453   152.02    78.57    49.71    39.68    32.35  0 -2.67e-08      0.00 6.934e-01 2.919e-01 2.178e-03 1.142e-03 6.415e-03 -1.000 1.463e-02 -3.588 -1.336 1.270 -2.757
0.01471 0.00000 10.00000 1.0331608057 2.4796015802    0.956  3.378  3.4976 -0.017    3  0.000  0.453   169.25    86.72    54.61    43.67    35.61  0  -3.1e-08      0.00 6.934e-01 2.919e-01 2.178e-03 1.142e-03 6.415e-03 -1.000 1.463e-02 -3.674 -1.278 1.440 -2.719
0.01471 0.00000 10.00000 1.0331660509 2.4796025988    0.950  3.403  3.4943 -0.058    3  0.000  0.453   179.94    93.32    58.57    46.89    38.25  0 -3.46e-08      0.00 6.934e-01 2.919e-01 2.178e-03 1.142e-03 6.415e-03 -1.000 1.463e-02 -3.737 -1.239 1.550 -2.693
0.01471 0.00000 10.00000 1.0331660509 2.4796025988    0.950  1.680  3.6681  2.360    4  0.000  0.474     0.00     0.00     0.00     0.00     0.00 -1    -1e-30      0.00 6.964e-01 2.890e-01 2.268e-03 1.020e-03 6.389e-03 -1.000 1.456e-02 0.569 0.654 1.204 -0.048
0.01471 0.00000 10.00000 1.0332523584 2.4796193577    0.950  1.688  3.6676  2.350    4  0.000  0.474     0.00     0.00     0.00     0.00     0.00 -1    -1e-30      0.00 6.964e-01 2.890e-01 2.268e-03 1.020e-03 6.389e-03 -1.000 1.456e-02 0.551 0.638 1.189 -0.066
0.01471 0.00000 10.00000 1.0333406925 2.4796365067    0.950  1.691  3.6674  2.346    4  0.000  0.474     0.00     0.00     0.00     0.00     0.00 -1    -1e-30      0.00 6.964e-01 2.890e-01 2.268e-03 1.020e-03 6.389e-03 -1.000 1.456e-02 0.541 0.629 1.181 -0.075
0.01471 0.00000 10.00000 1.0334291458 2.4796536756    0.950  1.691  3.6676  2.347    4  0.000  0.473     0.00     0.00     0.00     0.00     0.00 -1    -1e-30      0.00 6.964e-01 2.890e-01 2.268e-03 1.020e-03 6.389e-03 -1.000 1.456e-02 0.542 0.629 1.180 -0.075
0.01471 0.00000 10.00000 1.0335180759 2.4796709335    0.950  1.689  3.6680  2.351    4  0.000  0.473     0.00     0.00     0.00     0.00     0.00 -1    -1e-30      0.00 6.964e-01 2.891e-01 2.268e-03 1.020e-03 6.389e-03 -1.000 1.456e-02 0.547 0.632 1.182 -0.070
0.01471 0.00000 10.00000 1.0336104631 2.4796888588    0.950  1.686  3.6686  2.356    4  0.000  0.473     0.00     0.00     0.00     0.00     0.00 -1    -1e-30      0.00 6.964e-01 2.891e-01 2.268e-03 1.020e-03 6.389e-03 -1.000 1.457e-02 0.554 0.637 1.186 -0.064
0.01471 0.00000 10.00000 1.0336992741 2.4797060867    0.950  1.683  3.6691  2.361    4  0.000  0.473     0.00     0.00     0.00     0.00     0.00 -1    -1e-30      0.00 6.964e-01 2.891e-01 2.268e-03 1.020e-03 6.389e-03 -1.000 1.457e-02 0.561 0.643 1.189 -0.057
0.01471 0.00000 10.00000 1.0337927341 2.4797242128    0.950  1.680  3.6697  2.366    4  0.000  0.473     0.00     0.00     0.00     0.00     0.00 -1    -1e-30      0.00 6.964e-01 2.891e-01 2.268e-03 1.021e-03 6.389e-03 -1.000 1.457e-02 0.569 0.648 1.193 -0.051
0.01471 0.00000 10.00000 1.0338824987 2.4797416186    0.951  1.678  3.6702  2.371    4  0.000  0.473     0.00     0.00     0.00     0.00     0.00 -1    -1e-30      0.00 6.964e-01 2.891e-01 2.268e-03 1.021e-03 6.389e-03 -1.000 1.457e-02 0.576 0.653 1.196 -0.044
0.01471 0.00000 10.00000 1.0339704752 2.4797586743    0.951  1.675  3.6706  2.375    4  0.000  0.473     0.00     0.00     0.00     0.00     0.00 -1    -1e-30      0.00 6.964e-01 2.891e-01 2.267e-03 1.021e-03 6.389e-03 -1.000 1.457e-02 0.582 0.658 1.200 -0.038
0.01471 0.00000 10.00000 1.0340664387 2.4797772746    0.951  1.673  3.6711  2.380    4  0.000  0.473     0.00     0.00     0.00     0.00     0.00 -1    -1e-30      0.00 6.964e-01 2.891e-01 2.267e-03 1.021e-03 6.389e-03 -1.000 1.457e-02 0.588 0.662 1.203 -0.033
0.01471 0.00000 10.00000 1.0341622829 2.4797958479    0.951  1.671  3.6715  2.383    4  0.000  0.473     0.00     0.00     0.00     0.00     0.00 -1    -1e-30      0.00 6.964e-01 2.891e-01 2.267e-03 1.021e-03 6.389e-03 -1.000 1.457e-02 0.593 0.666 1.205 -0.028
0.01471 0.00000 10.00000 1.0342586040 2.4798145096    0.951  1.669  3.6718  2.387    4  0.000  0.473     0.00     0.00     0.00     0.00     0.00 -1    -1e-30      0.00 6.964e-01 2.891e-01 2.267e-03 1.021e-03 6.389e-03 -1.000 1.457e-02 0.598 0.669 1.207 -0.024
0.01471 0.00000 10.00000 1.0343523026 2.4798326593    0.951  1.668  3.6722  2.389    4  0.000  0.473     0.00     0.00     0.00     0.00     0.00 -1    -1e-30      0.00 6.963e-01 2.891e-01 2.267e-03 1.021e-03 6.389e-03 -1.000 1.457e-02 0.601 0.672 1.209 -0.021
0.01471 0.00000 10.00000 1.0343943834 2.4798408093    0.951  1.667  3.6723  2.391    4  0.000  0.473     0.00     0.00     0.00     0.00     0.00 -1    -1e-30      0.00 6.963e-01 2.891e-01 2.267e-03 1.022e-03 6.389e-03 -1.000 1.457e-02 0.603 0.673 1.209 -0.020
0.01471 0.00000 10.00000 1.0344235897 2.4798464654    0.951  1.667  3.6724  2.391    4  0.000  0.473     0.00     0.00     0.00     0.00     0.00 -1    -1e-30      0.00 6.963e-01 2.891e-01 2.267e-03 1.022e-03 6.389e-03 -1.000 1.457e-02 0.604 0.673 1.210 -0.019
0.01471 0.00000 10.00000 1.0345138311 2.4798639391    0.951  1.666  3.6726  2.393    4  0.000  0.473     0.00     0.00     0.00     0.00     0.00 -1    -1e-30      0.00 6.963e-01 2.891e-01 2.267e-03 1.022e-03 6.389e-03 -1.000 1.457e-02 0.606 0.675 1.211 -0.017
0.01471 0.00000 10.00000 1.0346014500 2.4798809016    0.951  1.665  3.6728  2.395    4  0.000  0.473     0.00     0.00     0.00     0.00     0.00 -1    -1e-30      0.00 6.963e-01 2.891e-01 2.267e-03 1.022e-03 6.390e-03 -1.000 1.457e-02 0.608 0.676 1.211 -0.015
0.01471 0.00000 10.00000 1.0346854925 2.4798971688    0.952  1.665  3.6730  2.396    4  0.000  0.473     0.00     0.00     0.00     0.00     0.00 -1    -1e-30      0.00 6.963e-01 2.891e-01 2.267e-03 1.022e-03 6.390e-03 -1.000 1.457e-02 0.609 0.676 1.211 -0.014
0.01471 0.00000 10.00000 1.0347759724 2.4799146785    0.952  1.664  3.6731  2.397    4  0.000  0.473     0.00     0.00     0.00     0.00     0.00 -1    -1e-30      0.00 6.963e-01 2.891e-01 2.267e-03 1.022e-03 6.390e-03 -1.000 1.457e-02 0.609 0.676 1.211 -0.014
0.01471 0.00000 10.00000 1.0348614454 2.4799312160    0.952  1.665  3.6732  2.397    4  0.000  0.473     0.00     0.00     0.00     0.00     0.00 -1    -1e-30      0.00 6.963e-01 2.891e-01 2.267e-03 1.022e-03 6.390e-03 -1.000 1.457e-02 0.608 0.675 1.210 -0.015
0.01471 0.00000 10.00000 1.0349490643 2.4799481655    0.952  1.665  3.6732  2.396    4  0.000  0.473     0.00     0.00     0.00     0.00     0.00 -1    -1e-30      0.00 6.963e-01 2.891e-01 2.266e-03 1.022e-03 6.390e-03 -1.000 1.457e-02 0.607 0.674 1.208 -0.017
0.01471 0.00000 10.00000 1.0350350142 2.4799647889    0.952  1.666  3.6732  2.395    4  0.000  0.473     0.00     0.00     0.00     0.00     0.00 -1    -1e-30      0.00 6.963e-01 2.891e-01 2.266e-03 1.023e-03 6.390e-03 -1.000 1.457e-02 0.604 0.671 1.205 -0.019
0.01471 0.00000 10.00000 1.0350410938 2.4799659646    0.952  1.667  3.6732  2.395    4  0.000  0.473     0.00     0.00     0.00     0.00     0.00 -1    -1e-30      0.00 6.963e-01 2.891e-01 2.266e-03 1.023e-03 6.390e-03 -1.000 1.457e-02 0.604 0.671 1.205 -0.019
0.01471 0.00000 10.00000 1.0350778103 2.4799730648    0.952  1.667  3.6731  2.394    4  0.000  0.473     0.00     0.00     0.00     0.00     0.00 -1    -1e-30      0.00 6.963e-01 2.891e-01 2.266e-03 1.023e-03 6.390e-03 -1.000 1.457e-02 0.602 0.669 1.204 -0.021
0.01471 0.00000 10.00000 1.0351681709 2.4799905362    0.952  1.669  3.6730  2.392    4  0.000  0.473     0.00     0.00     0.00     0.00     0.00 -1    -1e-30      0.00 6.963e-01 2.891e-01 2.266e-03 1.023e-03 6.390e-03 -1.000 1.457e-02 0.597 0.665 1.200 -0.026
0.01471 0.00000 10.00000 1.0352573395 2.4800077737    0.952  1.672  3.6728  2.388    4  0.000  0.473     0.00     0.00     0.00     0.00     0.00 -1    -1e-30      0.00 6.963e-01 2.891e-01 2.266e-03 1.023e-03 6.390e-03 -1.000 1.457e-02 0.591 0.659 1.195 -0.032
0.01471 0.00000 10.00000 1.0353462696 2.4800249616    0.952  1.675  3.6725  2.384    4  0.000  0.473     0.00     0.00     0.00     0.00     0.00 -1    -1e-30      0.00 6.963e-01 2.891e-01 2.266e-03 1.023e-03 6.390e-03 -1.000 1.457e-02 0.583 0.652 1.188 -0.040
0.01471 0.00000 10.00000 1.0354374647 2.4800425838    0.952  1.679  3.6722  2.379    4  0.000  0.473     0.00     0.00     0.00     0.00     0.00 -1    -1e-30      0.00 6.963e-01 2.891e-01 2.266e-03 1.023e-03 6.390e-03 -1.000 1.457e-02 0.573 0.643 1.181 -0.049
0.01471 0.00000 10.00000 1.0355273485 2.4800599492    0.953  1.684  3.6717  2.372    4  0.000  0.473     0.00     0.00     0.00     0.00     0.00 -1    -1e-30      0.00 6.963e-01 2.891e-01 2.266e-03 1.023e-03 6.390e-03 -1.000 1.457e-02 0.561 0.633 1.171 -0.061
0.01471 0.00000 10.00000 1.0356172323 2.4800773110    0.953  1.689  3.6712  2.365    4  0.000  0.473     0.00     0.00     0.00     0.00     0.00 -1    -1e-30      0.00 6.963e-01 2.891e-01 2.266e-03 1.023e-03 6.390e-03 -1.000 1.457e-02 0.547 0.621 1.161 -0.074
0.01471 0.00000 10.00000 1.0357067585 2.4800946004    0.953  1.695  3.6706  2.356    4  0.000  0.473     0.00     0.00     0.00     0.00     0.00 -1    -1e-30      0.00 6.963e-01 2.891e-01 2.266e-03 1.024e-03 6.390e-03 -1.000 1.457e-02 0.532 0.607 1.149 -0.089
0.01471 0.00000 10.00000 1.0357955694 2.4801117482    0.953  1.703  3.6699  2.346    4  0.000  0.473     0.00     0.00     0.00     0.00     0.00 -1    -1e-30      0.00 6.963e-01 2.891e-01 2.266e-03 1.024e-03 6.390e-03 -1.000 1.457e-02 0.513 0.591 1.135 -0.107
0.01471 0.00000 10.00000 1.0358867645 2.4801293528    0.953  1.710  3.6691  2.335    4  0.000  0.473     0.00     0.00     0.00     0.00     0.00 -1    -1e-30      0.00 6.963e-01 2.892e-01 2.265e-03 1.024e-03 6.390e-03 -1.000 1.457e-02 0.494 0.575 1.122 -0.125
0.01471 0.00000 10.00000 1.0359791517 2.4801471839    0.953  1.715  3.6688  2.330    4  0.000  0.473     0.00     0.00     0.00     0.00     0.00 -1    -1e-30      0.00 6.963e-01 2.892e-01 2.265e-03 1.024e-03 6.390e-03 -1.000 1.457e-02 0.483 0.566 1.114 -0.135
0.01471 0.00000 10.00000 1.0360709429 2.4801648964    0.953  1.741  3.6663  2.293    4  0.000  0.473     0.00     0.00     0.00     0.00     0.00 -1    -1e-30      0.00 6.963e-01 2.892e-01 2.265e-03 1.024e-03 6.390e-03 -1.000 1.457e-02 0.417 0.508 1.064 -0.199
0.01471 0.00000 10.00000 1.0361422300 2.4801786498    0.953  1.780  3.6627  2.240    4  0.000  0.473     0.00     0.00     0.00     0.00     0.00 -1    -1e-30      0.00 6.963e-01 2.892e-01 2.265e-03 1.024e-03 6.390e-03 -1.000 1.457e-02 0.321 0.426 0.993 -0.290
0.01471 0.00000 10.00000 1.0361777544 2.4801855027    0.953  1.818  3.6591  2.188    4  0.000  0.473     0.00     0.00     0.00     0.00     0.00 -1    -1e-30      0.00 6.963e-01 2.892e-01 2.265e-03 1.024e-03 6.390e-03 -1.000 1.457e-02 0.226 0.345 0.924 -0.381
0.01471 0.00000 10.00000 1.0361976624 2.4801893429    0.953  1.859  3.6554  2.132    4  0.000  0.473     0.00     0.00     0.00     0.00     0.00 -1    -1e-30      0.00 6.963e-01 2.892e-01 2.265e-03 1.024e-03 6.390e-03 -1.000 1.457e-02 0.123 0.257 0.849 -0.477
0.01471 0.00000 10.00000 1.0362075567 2.4801912514    0.953  1.898  3.6518  2.079    4  0.000  0.473     0.00     0.00     0.00     0.00     0.00 -1    -1e-30      0.00 6.963e-01 2.892e-01 2.265e-03 1.024e-03 6.390e-03 -1.000 1.457e-02 0.026 0.176 0.780 -0.568
0.01471 0.00000 10.00000 1.0362128019 2.4801922631    0.953  1.936  3.6483  2.026    4  0.000  0.473     0.00     0.00     0.00     0.00     0.00 -1    -1e-30      0.00 6.963e-01 2.892e-01 2.265e-03 1.024e-03 6.390e-03 -1.000 1.457e-02 -0.070 0.094 0.711 -0.659
0.01471 0.00000 10.00000 1.0362159014 2.4801928609    0.953  1.975  3.6448  1.974    4  0.000  0.473     0.00     0.00     0.00     0.00     0.00 -1    -1e-30      0.00 6.963e-01 2.892e-01 2.265e-03 1.024e-03 6.390e-03 -1.000 1.457e-02 -0.167 0.014 0.643 -0.748
0.01471 0.00000 10.00000 1.0362179279 2.4801932518    0.953  2.014  3.6414  1.921    4  0.000  0.473     0.00     0.00     0.00     0.00     0.00 -1    -1e-30      0.00 6.963e-01 2.892e-01 2.265e-03 1.024e-03 6.390e-03 -1.000 1.457e-02 -0.265 -0.067 0.573 -0.838
0.01471 0.00000 10.00000 1.0362190008 2.4801934587    0.953  2.041  3.6390  1.885    7  0.000  0.473     0.00     0.00     0.00     0.00     0.00 -1    -1e-30      0.00 6.963e-01 2.892e-01 2.265e-03 1.024e-03 6.390e-03 -1.000 1.457e-02 -0.332 -0.123 0.525 -0.899
0.01471 0.00000 10.00000 1.0362193584 2.4801935277    0.953  2.051  3.6382  1.871    7  0.000  0.473     0.00     0.00     0.00     0.00     0.00 -1    -1e-30      0.00 6.963e-01 2.892e-01 2.265e-03 1.024e-03 6.390e-03 -1.000 1.457e-02 -0.357 -0.143 0.508 -0.921
0.01471 0.00000 10.00000 1.0362210274 2.4801938496    0.953  2.098  3.6341  1.808    7  0.000  0.473     0.00     0.00     0.00     0.00     0.00 -1    -1e-30      0.00 6.963e-01 2.892e-01 2.265e-03 1.024e-03 6.390e-03 -1.000 1.457e-02 -0.474 -0.240 0.425 -1.027
0.01471 0.00000 10.00000 1.0362224579 2.4801941256    0.953  2.137  3.6307  1.755    7  0.000  0.473     0.00     0.00     0.00     0.00     0.00 -1    -1e-30      0.00 6.963e-01 2.892e-01 2.265e-03 1.024e-03 6.390e-03 -1.000 1.457e-02 -0.572 -0.320 0.355 -1.116
0.01471 0.00000 10.00000 1.0362263918 2.4801948843    0.953  2.153  3.6294  1.734    7  0.000  0.473     0.00     0.00     0.00     0.00     0.00 -1    -1e-30      0.00 6.963e-01 2.892e-01 2.265e-03 1.024e-03 6.390e-03 -1.000 1.457e-02 -0.612 -0.353 0.327 -1.151
0.01471 0.00000 10.00000 1.0362302065 2.4801956201    0.953  2.120  3.6322  1.778    7  0.000  0.473     0.00     0.00     0.00     0.00     0.00 -1    -1e-30      0.00 6.963e-01 2.892e-01 2.265e-03 1.024e-03 6.390e-03 -1.000 1.457e-02 -0.530 -0.286 0.384 -1.078
0.01471 0.00000 10.00000 1.0362653732 2.4802024027    0.953  2.094  3.6345  1.813    7  0.000  0.473     0.00     0.00     0.00     0.00     0.00 -1 -1.05e-18      0.00 6.963e-01 2.884e-01 2.265e-03 1.024e-03 6.390e-03 -1.000 1.535e-02 -0.465 -0.233 0.431 -1.019
0.01471 0.00000 10.00000 1.0363242626 2.4802137595    0.952  2.129  3.6314  1.765    7  0.000  0.473     0.00     0.00     0.00     0.00     0.00 -1  -7.8e-10      0.00 6.963e-01 2.878e-01 2.265e-03 1.024e-03 6.390e-03 -1.000 1.594e-02 -0.552 -0.304 0.370 -1.098
0.01471 0.00000 10.00000 1.0363585949 2.4802203797    0.951  2.169  3.6278  1.710    7  0.000  0.473     0.00     0.00     0.00     0.00     0.00 -1 -9.66e-10      0.00 6.963e-01 2.878e-01 2.265e-03 1.025e-03 6.390e-03 -1.000 1.594e-02 -0.653 -0.385 0.300 -1.187
0.01471 0.00000 10.00000 1.0363905430 2.4802265398    0.950  2.210  3.6243  1.655    7  0.000  0.473     0.00     0.00     0.00     0.00     0.00 -1 -1.19e-09      0.00 6.963e-01 2.878e-01 2.265e-03 1.025e-03 6.390e-03 -1.000 1.594e-02 -0.754 -0.466 0.231 -1.276
0.01471 0.00000 10.00000 1.0364190340 2.4802320329    0.949  2.251  3.6207  1.599    7  0.000  0.473     0.00     0.00     0.00     0.00     0.00 -1 -1.47e-09      0.00 6.963e-01 2.878e-01 2.265e-03 1.025e-03 6.390e-03 -1.000 1.594e-02 -0.858 -0.550 0.158 -1.368
0.01471 0.00000 10.00000 1.0364434719 2.4802367443    0.948  2.292  3.6171  1.542    7  0.000  0.473     0.00     0.00     0.00     0.00     0.00 -1 -1.82e-09      0.00 6.963e-01 2.878e-01 2.265e-03 1.025e-03 6.390e-03 -1.000 1.594e-02 -0.961 -0.632 0.088 -1.458
0.01471 0.00000 10.00000 1.0364649296 2.4802408810    0.946  2.334  3.6135  1.486    7  0.000  0.473     0.00     0.00     0.00     0.00     0.00 -1 -2.24e-09      0.00 6.963e-01 2.878e-01 2.265e-03 1.025e-03 6.390e-03 -1.000 1.594e-02 -1.065 -0.713 0.020 -1.548
0.01471 0.00000 10.00000 1.0364840031 2.4802445578    0.945  2.376  3.6098  1.429    7  0.000  0.473     0.00     0.00     0.00     0.00     0.00 -1 -2.77e-09      0.00 6.963e-01 2.878e-01 2.265e-03 1.025e-03 6.390e-03 -1.000 1.594e-02 -1.169 -0.794 -0.045 -1.640
0.01471 0.00000 10.00000 1.0365008116 2.4802477979    0.943  2.417  3.6061  1.372    7  0.000  0.473     0.00     0.00     0.00     0.00     0.00 -1 -3.43e-09      0.00 6.963e-01 2.878e-01 2.265e-03 1.025e-03 6.390e-03 -1.000 1.594e-02 -1.273 -0.873 -0.105 -1.731
0.01471 0.00000 10.00000 1.0365158319 2.4802506932    0.941  2.459  3.6025  1.315    7  0.000  0.473     0.00     0.00     0.00     0.00     0.00 -1 -4.23e-09      0.00 6.963e-01 2.878e-01 2.265e-03 1.025e-03 6.390e-03 -1.000 1.594e-02 -1.377 -0.950 -0.165 -1.820
0.01471 0.00000 10.00000 1.0365294218 2.4802533127    0.939  2.500  3.5987  1.258    7  0.000  0.473     0.00     0.00     0.00     0.00     0.00 -1 -5.18e-09      0.00 6.963e-01 2.878e-01 2.264e-03 1.025e-03 6.390e-03 -1.000 1.594e-02 -1.479 -1.026 -0.220 -1.908
0.01471 0.00000 10.00000 1.0365420580 2.4802557483    0.936  2.541  3.5947  1.199    7  0.000  0.472    13.30     9.57     6.65     5.15     4.18  3 -6.38e-09      0.00 6.963e-01 2.878e-01 2.263e-03 1.025e-03 6.390e-03 -1.000 1.593e-02 -1.581 -1.095 -0.266 -1.992
0.01471 0.00000 10.00000 1.0365539789 2.4802580459    0.933  2.581  3.5892  1.136    7  0.000  0.472    15.19    10.73     7.42     5.76     4.67  3 -7.83e-09      0.00 6.963e-01 2.878e-01 2.261e-03 1.026e-03 6.390e-03 -1.000 1.593e-02 -1.683 -1.152 -0.289 -2.068
0.01471 0.00000 10.00000 1.0365654230 2.4802602516    0.930  2.622  3.5821  1.065    7  0.000  0.471    17.60    12.19     8.38     6.52     5.29  3 -9.52e-09      0.00 6.963e-01 2.879e-01 2.257e-03 1.029e-03 6.390e-03 -1.000 1.589e-02 -1.785 -1.188 -0.276 -2.133
0.01471 0.00000 10.00000 1.0365762711 2.4802623423    0.926  2.663  3.5779  1.006    7  0.000  0.470    19.90    13.55     9.27     7.22     5.86  3 -1.16e-08      0.00 6.963e-01 2.879e-01 2.252e-03 1.036e-03 6.390e-03 -1.000 1.586e-02 -1.887 -1.247 -0.300 -2.211
0.01471 0.00000 10.00000 1.0365862846 2.4802642722    0.922  2.704  3.5737  0.946    7  0.000  0.468    22.52    15.08    10.27     8.01     6.50  3 -1.43e-08      0.00 6.963e-01 2.879e-01 2.244e-03 1.044e-03 6.390e-03 -1.000 1.586e-02 -1.989 -1.301 -0.312 -2.285
0.01471 0.00000 10.00000 1.0365957022 2.4802660872    0.917  2.745  3.5693  0.884    7  0.000  0.467    25.59    16.83    11.40     8.91     7.23  2 -1.76e-08      0.00 6.963e-01 2.879e-01 2.236e-03 1.054e-03 6.390e-03 -1.000 1.586e-02 -2.092 -1.353 -0.318 -2.360
0.01471 0.00000 10.00000 1.0366039276 2.4802676724    0.912  2.789  3.5645  0.819    7  0.000  0.465    29.31    18.91    12.74     9.98     8.11  2 -2.18e-08      0.00 6.962e-01 2.879e-01 2.229e-03 1.062e-03 6.390e-03 -1.000 1.586e-02 -2.202 -1.398 -0.301 -2.433
0.01471 0.00000 10.00000 1.0366096497 2.4802687751    0.907  2.832  3.5597  0.754    7  0.000  0.464    33.53    21.23    14.23    11.17     9.07  2 -2.69e-08      0.00 6.962e-01 2.879e-01 2.223e-03 1.070e-03 6.390e-03 -1.000 1.586e-02 -2.310 -1.440 -0.278 -2.503
0.01471 0.00000 10.00000 1.0366135836 2.4802695333    0.903  2.873  3.5550  0.693    7  0.000  0.463    38.07    23.68    15.79    12.41    10.09  2 -3.27e-08      0.00 6.962e-01 2.879e-01 2.217e-03 1.077e-03 6.390e-03 -1.000 1.586e-02 -2.411 -1.467 -0.225 -2.559
0.01471 0.00000 10.00000 1.0366170406 2.4802701995    0.899  2.913  3.5503  0.632    7  0.000  0.462    43.23    26.41    17.52    13.80    11.21  2 -3.96e-08      0.00 6.962e-01 2.879e-01 2.213e-03 1.082e-03 6.390e-03 -1.000 1.586e-02 -2.511 -1.491 -0.167 -2.614
0.01471 0.00000 10.00000 1.0366201401 2.4802707968    0.894  2.952  3.5454  0.571    7  0.000  0.461    49.07    29.44    19.44    15.33    12.47  2 -4.76e-08      0.00 6.962e-01 2.879e-01 2.209e-03 1.087e-03 6.390e-03 -1.000 1.586e-02 -2.610 -1.500 -0.076 -2.655
0.01471 0.00000 10.00000 1.0366228819 2.4802713251    0.889  2.990  3.5406  0.511    7  0.000  0.460    55.63    32.79    21.54    17.02    13.84  2  -5.7e-08      0.00 6.962e-01 2.879e-01 2.207e-03 1.090e-03 6.390e-03 -1.000 1.586e-02 -2.706 -1.507 0.018 -2.695
0.01471 0.00000 10.00000 1.0366255045 2.4802718305    0.884  3.026  3.5360  0.454    7  0.000  0.460    62.64    36.29    23.73    18.78    15.28  1 -6.79e-08      0.00 6.962e-01 2.879e-01 2.205e-03 1.092e-03 6.390e-03 -1.000 1.584e-02 -2.795 -1.496 0.145 -2.716
0.01471 0.00000 10.00000 1.0366281271 2.4802723359    0.877  3.062  3.5311  0.396    7  0.000  0.460    70.69    40.24    26.18    20.76    16.89  1 -8.06e-08      0.00 6.962e-01 2.879e-01 2.204e-03 1.093e-03 6.390e-03 -1.000 1.584e-02 -2.884 -1.479 0.286 -2.732
0.01471 0.00000 10.00000 1.0366308689 2.4802728643    0.869  3.097  3.5260  0.336    7  0.000  0.460    80.08    44.75    28.97    23.02    18.73  1 -9.67e-08      0.00 6.962e-01 2.879e-01 2.204e-03 1.093e-03 6.390e-03 -1.000 1.584e-02 -2.973 -1.442 0.463 -2.726
0.01471 0.00000 10.00000 1.0366337299 2.4802734156    0.859  3.132  3.5210  0.276    7  0.000  0.460    90.62    49.71    32.02    25.49    20.75  1 -1.15e-07      0.00 6.962e-01 2.879e-01 2.204e-03 1.093e-03 6.390e-03 -1.000 1.584e-02 -3.059 -1.396 0.653 -2.712
0.01471 0.00000 10.00000 1.0366368294 2.4802740129    0.845  3.164  3.5159  0.216    7  0.000  0.460   102.55    55.17    35.36    28.21    22.96  0 -1.38e-07      0.00 6.962e-01 2.879e-01 2.204e-03 1.093e-03 6.390e-03 -1.000 1.584e-02 -3.141 -1.318 0.892 -2.665
0.01471 0.00000 10.00000 1.0366400480 2.4802746331    0.828  3.213  3.5082  0.128    7  0.000  0.460   123.12    64.37    40.95    32.77    26.68  0 -1.79e-07      0.00 6.962e-01 2.879e-01 2.204e-03 1.093e-03 6.390e-03 -1.000 1.584e-02 -3.262 -1.193 1.255 -2.585
0.01471 0.00000 10.00000 1.0366420746 2.4802750237    0.812  3.342  3.4873 -0.093    7  0.000  0.460   179.25    95.52    59.68    48.07    39.16  0 -3.15e-07      0.00 6.962e-01 2.879e-01 2.204e-03 1.093e-03 6.390e-03 -1.000 1.584e-02 -3.585 -0.911 1.972 -2.385
0.01471 0.00000 10.00000 1.0366425514 2.4802751156    0.805  3.366  3.4829 -0.139    7  0.000  0.460   191.71   103.52    64.43    51.98    42.35  0 -3.56e-07      0.00 6.962e-01 2.879e-01 2.204e-03 1.093e-03 6.390e-03 -1.000 1.584e-02 -3.646 -0.881 2.033 -2.363
0.01471 0.00000 10.00000 1.0366426706 2.4802751385    0.803  3.362  3.4834 -0.133    7  0.000  0.460   189.91   102.41    63.77    51.44    41.91  0 -3.51e-07      0.00 6.962e-01 2.879e-01 2.204e-03 1.093e-03 6.390e-03 -1.000 1.584e-02 -3.634 -0.879 2.031 -2.360
0.01471 0.00000 10.00000 1.0366427898 2.4802751615    0.802  3.355  3.4842 -0.124    7  0.000  0.460   187.02   100.61    62.69    50.56    41.20  0 -3.44e-07      0.00 6.962e-01 2.879e-01 2.204e-03 1.093e-03 6.390e-03 -1.000 1.584e-02 -3.617 -0.879 2.025 -2.358
0.01471 0.00000 10.00000 1.0366429090 2.4802751845    0.801  3.360  3.4834 -0.133    7  0.000  0.460   189.51   102.22    63.65    51.35    41.83  0 -3.52e-07      0.00 6.962e-01 2.879e-01 2.204e-03 1.093e-03 6.390e-03 -1.000 1.584e-02 -3.629 -0.873 2.036 -2.355
0.01471 0.00000 10.00000 1.0366430283 2.4802752074    0.799  3.373  3.4813 -0.155    7  0.000  0.460   195.95   106.34    66.10    53.36    43.48  0 -3.73e-07      0.00 6.962e-01 2.879e-01 2.204e-03 1.093e-03 6.390e-03 -1.000 1.584e-02 -3.662 -0.863 2.061 -2.348
0.01471 0.00000 10.00000 1.0366431475 2.4802752304    0.797  3.387  3.4790 -0.180    7  0.000  0.460   203.45   111.20    68.97    55.72    45.40  0 -3.99e-07      0.01 6.962e-01 2.879e-01 2.204e-03 1.093e-03 6.390e-03 -1.000 1.584e-02 -3.698 -0.854 2.086 -2.343
0.01471 0.00000 10.00000 1.0366433859 2.4802752764    0.793  3.404  3.4762 -0.210    7  0.000  0.460   212.63   117.18    72.50    58.63    47.78  0 -4.32e-07      0.01 6.962e-01 2.879e-01 2.204e-03 1.093e-03 6.390e-03 -1.000 1.584e-02 -3.740 -0.849 2.110 -2.342
0.01471 0.00000 10.00000 1.0366436243 2.4802753223    0.789  3.418  3.4738 -0.236    7  0.000  0.460   220.96   122.69    75.75    61.30    49.97  0 -4.64e-07      0.01 6.962e-01 2.879e-01 2.204e-03 1.093e-03 6.390e-03 -1.000 1.584e-02 -3.775 -0.843 2.132 -2.340
0.01471 0.00000 10.00000 1.0366438627 2.4802753682    0.783  3.433  3.4712 -0.264    7  0.524  0.460   230.31   128.96    79.42    64.35    52.45  0 -5.02e-07      0.01 6.962e-01 2.879e-01 2.204e-03 1.093e-03 6.390e-03 -1.000 1.584e-02 -3.812 -0.834 2.158 -2.336
0.01471 0.00000 10.00000 1.0366442204 2.4802754372    0.776  3.448  3.4683 -0.295    7  0.523  0.460   240.80   136.08    83.59    67.80    55.26  0 -5.45e-07      0.01 6.962e-01 2.879e-01 2.204e-03 1.093e-03 6.390e-03 -1.000 1.584e-02 -3.851 -0.827 2.183 -2.334
0.01471 0.00000 10.00000 1.0366445780 2.4802755061    0.768  3.460  3.4660 -0.320    8  0.523  0.481   240.85    -1.00    -1.00    -1.00    -1.00  0 -5.89e-07      0.01 6.962e-01 2.892e-01 2.312e-03 1.095e-03 6.405e-03 -1.000 1.453e-02 -3.879 -0.823 2.204 -2.333
0.01471 0.00000 10.00000 1.0366445780 2.4802755061    0.768  3.189  3.5052  0.107    8  0.523  0.481   127.13    65.52    41.58    33.38    27.16  0 -2.01e-07      0.00 6.962e-01 2.892e-01 2.312e-03 1.095e-03 6.405e-03 -1.000 1.453e-02 -3.202 -1.047 1.472 -2.452
0.01471 0.00000 10.00000 1.0366445780 2.4802755061    0.768  3.058  3.5250  0.317    8  0.523  0.481    81.40    44.82    28.94    23.10    18.78  0 -1.18e-07      0.00 6.962e-01 2.892e-01 2.312e-03 1.095e-03 6.405e-03 -1.000 1.453e-02 -2.875 -1.317 0.617 -2.608
0.01471 0.00000 10.00000 1.0366446972 2.4802755290    0.767  2.897  3.5494  0.575    8  0.523  0.481    47.05    28.10    18.53    14.69    11.93  1 -6.04e-08      0.00 6.962e-01 2.892e-01 2.312e-03 1.095e-03 6.405e-03 -1.000 1.453e-02 -2.472 -1.437 -0.094 -2.566
0.01471 0.00000 10.00000 1.0366446972 2.4802755290    0.766  2.923  3.5454  0.533    8  0.523  0.481    51.47    30.33    19.93    15.82    12.85  1 -6.78e-08      0.00 6.962e-01 2.892e-01 2.312e-03 1.095e-03 6.405e-03 -1.000 1.453e-02 -2.537 -1.427 -0.001 -2.583
0.01471 0.00000 10.00000 1.0366448164 2.4802755520    0.765  3.050  3.5261  0.328    8  0.523  0.481    79.58    43.95    28.40    22.66    18.42  0 -1.16e-07      0.00 6.962e-01 2.892e-01 2.312e-03 1.095e-03 6.405e-03 -1.000 1.453e-02 -2.855 -1.324 0.580 -2.609
0.01471 0.00000 10.00000 1.0366449356 2.4802755750    0.763  3.207  3.5022  0.074    8  0.523  0.481   135.40    69.47    43.97    35.33    28.75  0 -2.21e-07      0.00 6.962e-01 2.892e-01 2.312e-03 1.095e-03 6.405e-03 -1.000 1.453e-02 -3.248 -0.999 1.600 -2.419
0.01471 0.00000 10.00000 1.0366450548 2.4802755980    0.762  3.334  3.4828 -0.131    8  0.523  0.481   185.70   100.63    62.63    50.61    41.22  0 -3.68e-07      0.00 6.962e-01 2.892e-01 2.312e-03 1.095e-03 6.405e-03 -1.000 1.453e-02 -3.565 -0.800 2.111 -2.282
0.01471 0.00000 10.00000 1.0366451740 2.4802756209    0.760  3.413  3.4707 -0.260    8  0.523  0.481   226.18   126.85    78.13    63.35    51.62  0 -5.04e-07      0.01 6.962e-01 2.892e-01 2.312e-03 1.095e-03 6.405e-03 -1.000 1.453e-02 -3.763 -0.780 2.211 -2.283
0.01471 0.00000 10.00000 1.0366452932 2.4802756439    0.757  3.451  3.4648 -0.323    8  0.523  0.481   234.76    -1.00    -1.00    -1.00    -1.00  0 -5.89e-07      0.01 6.962e-01 2.892e-01 2.312e-03 1.095e-03 6.405e-03 -1.000 1.453e-02 -3.858 -0.788 2.244 -2.299
0.01471 0.00000 10.00000 1.0366454124 2.4802756669    0.755  3.465  3.4626 -0.347    8  0.523  0.481   233.35    -1.00    -1.00    -1.00    -1.00  0 -6.28e-07      0.01 6.962e-01 2.892e-01 2.312e-03 1.095e-03 6.405e-03 -1.000 1.453e-02 -3.893 -0.787 2.262 -2.303
0.01471 0.00000 10.00000 1.0366456509 2.4802757128    0.752  3.470  3.4617 -0.357    8  0.523  0.481   231.80    -1.00    -1.00    -1.00    -1.00  0 -6.47e-07      0.01 6.962e-01 2.892e-01 2.312e-03 1.095e-03 6.405e-03 -1.000 1.453e-02 -3.905 -0.785 2.271 -2.302
0.01471 0.00000 10.00000 1.0366456509 2.4802757128    0.752  3.253  3.4946 -0.009    8  0.523  0.481   153.03    80.39    50.53    40.71    33.14  0 -2.77e-07      0.00 6.962e-01 2.892e-01 2.312e-03 1.095e-03 6.405e-03 -1.000 1.453e-02 -3.363 -0.880 1.888 -2.332
0.01471 0.00000 10.00000 1.0366456509 2.4802757128    0.751  3.071  3.5222  0.284    8  0.523  0.481    87.00    47.32    30.46    24.35    19.80  0 -1.33e-07      0.00 6.962e-01 2.892e-01 2.312e-03 1.095e-03 6.405e-03 -1.000 1.453e-02 -2.906 -1.276 0.738 -2.585
0.01471 0.00000 10.00000 1.0366457701 2.4802757358    0.751  2.909  3.5466  0.543    8  0.523  0.481    50.23    29.66    19.50    15.48    12.57  1 -6.81e-08      0.00 6.962e-01 2.892e-01 2.312e-03 1.095e-03 6.405e-03 -1.000 1.453e-02 -2.504 -1.417 -0.016 -2.564
0.01471 0.00000 10.00000 1.0366457701 2.4802757358    0.750  2.935  3.5427  0.500    8  0.523  0.481    54.94    32.00    20.97    16.67    13.53  1 -7.63e-08      0.00 6.962e-01 2.892e-01 2.312e-03 1.095e-03 6.405e-03 -1.000 1.453e-02 -2.568 -1.407 0.076 -2.582
0.01471 0.00000 10.00000 1.0366458893 2.4802757588    0.748  3.062  3.5234  0.296    8  0.524  0.481    84.81    46.29    29.82    23.84    19.38  0  -1.3e-07      0.00 6.962e-01 2.892e-01 2.312e-03 1.095e-03 6.405e-03 -1.000 1.453e-02 -2.885 -1.286 0.693 -2.587
0.01471 0.00000 10.00000 1.0366460085 2.4802757817    0.747  3.218  3.4997  0.044    8  0.524  0.481   140.77    72.99    46.07    37.08    30.17  0 -2.47e-07      0.00 6.962e-01 2.892e-01 2.312e-03 1.095e-03 6.405e-03 -1.000 1.453e-02 -3.275 -0.946 1.719 -2.378
0.01471 0.00000 10.00000 1.0366461277 2.4802758047    0.745  3.344  3.4805 -0.161    8  0.524  0.481   192.80   105.54    65.51    53.02    43.18  0  -4.1e-07      0.01 6.962e-01 2.892e-01 2.312e-03 1.095e-03 6.405e-03 -1.000 1.453e-02 -3.591 -0.774 2.155 -2.261
0.01471 0.00000 10.00000 1.0366462469 2.4802758277    0.742  3.423  3.4685 -0.288    8  0.524  0.481   226.36    -1.00    -1.00    -1.00    -1.00  0 -5.61e-07      0.01 6.962e-01 2.892e-01 2.312e-03 1.095e-03 6.405e-03 -1.000 1.453e-02 -3.787 -0.767 2.241 -2.273
0.01471 0.00000 10.00000 1.0366463661 2.4802758506    0.740  3.461  3.4627 -0.351    8  0.524  0.481   224.92    -1.00    -1.00    -1.00    -1.00  0 -6.56e-07      0.01 6.962e-01 2.892e-01 2.312e-03 1.095e-03 6.405e-03 -1.000 1.453e-02 -3.882 -0.774 2.278 -2.289
0.01471 0.00000 10.00000 1.0366464853 2.4802758736    0.737  3.474  3.4605 -0.375    8  0.524  0.481   223.33    -1.00    -1.00    -1.00    -1.00  0    -7e-07      0.02 6.962e-01 2.892e-01 2.312e-03 1.095e-03 6.405e-03 -1.000 1.453e-02 -3.916 -0.773 2.297 -2.292
0.01471 0.00000 10.00000 1.0366467237 2.4802759196    0.734  3.479  3.4597 -0.385    8  0.524  0.481   221.58    -1.00    -1.00    -1.00    -1.00  0 -7.22e-07      0.02 6.962e-01 2.892e-01 2.312e-03 1.095e-03 6.405e-03 -1.000 1.453e-02 -3.927 -0.771 2.306 -2.292
0.01471 0.00000 10.00000 1.0366467237 2.4802759196    0.733  3.265  3.4923 -0.040    8  0.524  0.481   159.17    84.53    52.98    42.76    34.80  0 -3.13e-07      0.00 6.962e-01 2.892e-01 2.312e-03 1.095e-03 6.405e-03 -1.000 1.453e-02 -3.391 -0.838 1.980 -2.298
0.01471 0.00000 10.00000 1.0366467237 2.4802759196    0.733  3.082  3.5200  0.253    8  0.524  0.481    92.67    49.78    31.95    25.59    20.80  0 -1.51e-07      0.00 6.962e-01 2.892e-01 2.312e-03 1.095e-03 6.405e-03 -1.000 1.453e-02 -2.936 -1.245 0.835 -2.568
0.01471 0.00000 10.00000 1.0366468430 2.4802759425    0.732  2.921  3.5445  0.511    8  0.524  0.481    53.42    31.19    20.44    16.26    13.20  1 -7.74e-08      0.00 6.962e-01 2.892e-01 2.312e-03 1.095e-03 6.405e-03 -1.000 1.453e-02 -2.533 -1.405 0.041 -2.567
0.01471 0.00000 10.00000 1.0366468430 2.4802759425    0.731  2.947  3.5406  0.469    8  0.524  0.481    58.41    33.64    21.97    17.50    14.21  1 -8.68e-08      0.00 6.962e-01 2.892e-01 2.312e-03 1.095e-03 6.405e-03 -1.000 1.453e-02 -2.597 -1.396 0.136 -2.585
0.01471 0.00000 10.00000 1.0366469622 2.4802759655    0.729  3.073  3.5214  0.266    8  0.524  0.481    90.08    48.57    31.21    24.99    20.31  0 -1.47e-07      0.00 6.962e-01 2.892e-01 2.312e-03 1.095e-03 6.405e-03 -1.000 1.453e-02 -2.912 -1.258 0.781 -2.573
0.01471 0.00000 10.00000 1.0366470814 2.4802759885    0.727  3.228  3.4977  0.014    8  0.524  0.481   145.86    76.43    48.11    38.79    31.56  0 -2.78e-07      0.00 6.962e-01 2.892e-01 2.312e-03 1.095e-03 6.405e-03 -1.000 1.453e-02 -3.300 -0.908 1.800 -2.349
0.01471 0.00000 10.00000 1.0366472006 2.4802760114    0.725  3.354  3.4786 -0.189    8  0.525  0.481   199.53   110.32    68.31    55.37    45.09  0 -4.61e-07      0.01 6.962e-01 2.892e-01 2.312e-03 1.095e-03 6.405e-03 -1.000 1.453e-02 -3.614 -0.759 2.187 -2.249
0.01471 0.00000 10.00000 1.0366473198 2.4802760344    0.722  3.431  3.4667 -0.316    8  0.525  0.481   215.26    -1.00    -1.00    -1.00    -1.00  0 -6.32e-07      0.01 6.962e-01 2.892e-01 2.312e-03 1.095e-03 6.405e-03 -1.000 1.453e-02 -3.809 -0.756 2.270 -2.266
0.01471 0.00000 10.00000 1.0366475582 2.4802760804    0.719  3.469  3.4609 -0.378    8  0.525  0.481   213.61    -1.00    -1.00    -1.00    -1.00  0 -7.39e-07      0.02 6.962e-01 2.892e-01 2.312e-03 1.095e-03 6.405e-03 -1.000 1.453e-02 -3.902 -0.760 2.311 -2.280
0.01471 0.00000 10.00000 1.0366476774 2.4802761033    0.715  3.482  3.4588 -0.402    8  0.525  0.481   211.76    -1.00    -1.00    -1.00    -1.00  0  -7.9e-07      0.02 6.962e-01 2.892e-01 2.312e-03 1.095e-03 6.405e-03 -1.000 1.453e-02 -3.936 -0.762 2.331 -2.285
0.01471 0.00000 10.00000 1.0366479158 2.4802761493    0.712  3.486  3.4582 -0.411    8  0.525  0.481   209.74    -1.00    -1.00    -1.00    -1.00  0 -8.16e-07      0.02 6.962e-01 2.892e-01 2.312e-03 1.095e-03 6.405e-03 -1.000 1.453e-02 -3.946 -0.762 2.340 -2.287
0.01471 0.00000 10.00000 1.0366479158 2.4802761493    0.711  3.275  3.4905 -0.071    8  0.525  0.481   165.14    88.69    55.43    44.82    36.47  0 -3.59e-07      0.00 6.962e-01 2.892e-01 2.312e-03 1.095e-03 6.405e-03 -1.000 1.453e-02 -3.418 -0.807 2.053 -2.274
0.01471 0.00000 10.00000 1.0366479158 2.4802761493    0.711  3.093  3.5183  0.222    8  0.525  0.481    98.50    52.23    33.43    26.82    21.80  0 -1.74e-07      0.00 6.962e-01 2.892e-01 2.312e-03 1.095e-03 6.405e-03 -1.000 1.453e-02 -2.963 -1.217 0.920 -2.551
0.01471 0.00000 10.00000 1.0366480350 2.4802761722    0.710  2.932  3.5430  0.481    8  0.525  0.481    56.64    32.68    21.36    17.02    13.82  1 -8.94e-08      0.00 6.962e-01 2.892e-01 2.312e-03 1.095e-03 6.405e-03 -1.000 1.453e-02 -2.560 -1.404 0.076 -2.577
0.01471 0.00000 10.00000 1.0366480350 2.4802761722    0.708  2.958  3.5391  0.439    8  0.525  0.481    61.94    35.24    22.96    18.31    14.87  1    -1e-07      0.00 6.962e-01 2.892e-01 2.312e-03 1.095e-03 6.405e-03 -1.000 1.453e-02 -2.624 -1.392 0.177 -2.592
0.01471 0.00000 10.00000 1.0366481543 2.4802761952    0.706  3.083  3.5200  0.236    8  0.525  0.481    95.44    50.81    32.56    26.12    21.22  0  -1.7e-07      0.00 6.962e-01 2.892e-01 2.312e-03 1.095e-03 6.405e-03 -1.000 1.453e-02 -2.937 -1.244 0.840 -2.568
0.01471 0.00000 10.00000 1.0366482735 2.4802762182    0.704  3.237  3.4963 -0.014    8  0.525  0.481   150.67    79.81    50.11    40.47    32.92  0 -3.19e-07      0.00 6.962e-01 2.892e-01 2.312e-03 1.095e-03 6.405e-03 -1.000 1.453e-02 -3.323 -0.885 1.857 -2.331
0.01471 0.00000 10.00000 1.0366483927 2.4802762412    0.701  3.362  3.4773 -0.217    8  0.525  0.481   204.21    -1.00    -1.00    -1.00    -1.00  0 -5.28e-07      0.01 6.962e-01 2.892e-01 2.312e-03 1.095e-03 6.405e-03 -1.000 1.453e-02 -3.634 -0.751 2.211 -2.244
0.01471 0.00000 10.00000 1.0366485119 2.4802762641    0.698  3.439  3.4654 -0.343    8  0.526  0.481   202.53    -1.00    -1.00    -1.00    -1.00  0 -7.23e-07      0.02 6.962e-01 2.892e-01 2.312e-03 1.095e-03 6.405e-03 -1.000 1.453e-02 -3.827 -0.747 2.296 -2.261
0.01471 0.00000 10.00000 1.0366487503 2.4802763101    0.694  3.476  3.4598 -0.405    8  0.526  0.481   200.64    -1.00    -1.00    -1.00    -1.00  0 -8.47e-07      0.02 6.962e-01 2.892e-01 2.312e-03 1.095e-03 6.405e-03 -1.000 1.453e-02 -3.920 -0.750 2.339 -2.273
0.01471 0.00000 10.00000 1.0366488695 2.4802763330    0.690  3.489  3.4578 -0.429    8  0.526  0.481   198.55    -1.00    -1.00    -1.00    -1.00  0 -9.08e-07      0.02 6.962e-01 2.892e-01 2.312e-03 1.095e-03 6.405e-03 -1.000 1.453e-02 -3.953 -0.753 2.363 -2.280
0.01471 0.00000 10.00000 1.0366491079 2.4802763790    0.686  3.493  3.4573 -0.438    8  0.526  0.481   196.26    -1.00    -1.00    -1.00    -1.00  0 -9.41e-07      0.03 6.962e-01 2.892e-01 2.312e-03 1.095e-03 6.405e-03 -1.000 1.453e-02 -3.963 -0.752 2.372 -2.281
0.01471 0.00000 10.00000 1.0366491079 2.4802763790    0.686  3.285  3.4894 -0.101    8  0.526  0.481   170.86    92.81    57.84    46.86    38.13  0  -4.2e-07      0.01 6.962e-01 2.892e-01 2.312e-03 1.095e-03 6.405e-03 -1.000 1.453e-02 -3.443 -0.797 2.087 -2.268
0.01471 0.00000 10.00000 1.0366491079 2.4802763790    0.685  3.104  3.5174  0.192    8  0.526  0.481   104.45    54.63    34.86    28.03    22.77  0 -2.04e-07      0.00 6.962e-01 2.892e-01 2.312e-03 1.095e-03 6.405e-03 -1.000 1.453e-02 -2.989 -1.213 0.956 -2.553
0.01471 0.00000 10.00000 1.0366492271 2.4802764020    0.684  2.943  3.5424  0.452    8  0.526  0.481    59.86    34.12    22.24    17.76    14.41  1 -1.05e-07      0.00 6.962e-01 2.892e-01 2.312e-03 1.095e-03 6.405e-03 -1.000 1.453e-02 -2.586 -1.419 0.077 -2.596
0.01471 0.00000 10.00000 1.0366492271 2.4802764020    0.682  2.968  3.5386  0.410    8  0.526  0.481    65.45    36.78    23.89    19.10    15.50  0 -1.18e-07      0.00 6.962e-01 2.892e-01 2.312e-03 1.095e-03 6.405e-03 -1.000 1.453e-02 -2.650 -1.407 0.180 -2.610
0.01471 0.00000 10.00000 1.0366493464 2.4802764249    0.680  3.092  3.5194  0.208    8  0.526  0.481   100.82    52.96    33.84    27.20    22.10  0    -2e-07      0.00 6.962e-01 2.892e-01 2.312e-03 1.095e-03 6.405e-03 -1.000 1.453e-02 -2.961 -1.250 0.855 -2.578
0.01471 0.00000 10.00000 1.0366494656 2.4802764479    0.677  3.246  3.4959 -0.042    8  0.526  0.481   155.06    83.04    52.00    42.08    34.22  0 -3.74e-07      0.01 6.962e-01 2.892e-01 2.312e-03 1.095e-03 6.405e-03 -1.000 1.453e-02 -3.344 -0.885 1.878 -2.333
0.01471 0.00000 10.00000 1.0366495848 2.4802764709    0.674  3.369  3.4768 -0.244    8  0.527  0.481   190.02    -1.00    -1.00    -1.00    -1.00  0 -6.18e-07      0.01 6.962e-01 2.892e-01 2.312e-03 1.095e-03 6.405e-03 -1.000 1.453e-02 -3.653 -0.750 2.226 -2.247
0.01471 0.00000 10.00000 1.0366498232 2.4802765168    0.670  3.446  3.4651 -0.370    8  0.527  0.481   188.13    -1.00    -1.00    -1.00    -1.00  0 -8.47e-07      0.02 6.962e-01 2.892e-01 2.312e-03 1.095e-03 6.405e-03 -1.000 1.453e-02 -3.845 -0.745 2.314 -2.262
0.01471 0.00000 10.00000 1.0366499424 2.4802765398    0.666  3.483  3.4596 -0.431    8  0.527  0.481   186.01    -1.00    -1.00    -1.00    -1.00  0 -9.96e-07      0.03 6.962e-01 2.892e-01 2.312e-03 1.095e-03 6.405e-03 -1.000 1.453e-02 -3.937 -0.743 2.365 -2.270
0.01471 0.00000 10.00000 1.0366501808 2.4802765857    0.661  3.496  3.4578 -0.454    8  0.527  0.481   183.67    -1.00    -1.00    -1.00    -1.00  0 -1.07e-06      0.03 6.962e-01 2.892e-01 2.312e-03 1.095e-03 6.405e-03 -1.000 1.453e-02 -3.970 -0.747 2.386 -2.278
0.01471 0.00000 10.00000 1.0366504192 2.4802766317    0.656  3.500  3.4576 -0.463    8  0.527  0.481   181.12    -1.00    -1.00    -1.00    -1.00  0 -1.12e-06      0.04 6.962e-01 2.892e-01 2.312e-03 1.095e-03 6.405e-03 -1.000 1.453e-02 -3.980 -0.748 2.391 -2.280
0.01471 0.00000 10.00000 1.0366535187 2.4802772289    0.530 -9.999  4.0000  1.858    9  0.530  0.000     0.00     0.00     0.00     0.00     0.00 -1    -1e-30      0.00 6.962e-01 2.892e-01 2.312e-03 1.095e-03 6.405e-03 -1.000 1.453e-02 29.767 29.981 29.971 29.987
#isochrone terminated
